case,heater,geom,nozzle,x_m,x_mm,P_Pa,p_bar,T_K
1,H1,Large,L,0.0,0.0,500000.0,5.0,293.0
1,H1,Large,L,4.48e-05,0.0448,499999.8232346842,4.999998232346842,298.85893295493975
1,H1,Large,L,8.96e-05,0.0896,499999.64646936837,4.999996464693684,304.59402572485465
1,H1,Large,L,0.0001344,0.1344,499999.46970405255,4.999994697040526,310.2079984556802
1,H1,Large,L,0.0001792,0.1792,499999.29293873673,4.999992929387368,315.7034868538465
1,H1,Large,L,0.000224,0.224,499999.1161734209,4.999991161734209,321.08306624980105
1,H1,Large,L,0.0002688,0.2688,499998.9394081051,4.999989394081051,326.3492530871763
1,H1,Large,L,0.0003136,0.3136,499998.7626427893,4.999987626427893,331.5045063726758
1,H1,Large,L,0.0003584,0.3584,499998.58587747347,4.999985858774735,336.55122908763434
1,H1,Large,L,0.0004032,0.4032,499998.40911215765,4.9999840911215765,341.491769562211
1,H1,Large,L,0.000448,0.448,499998.23234684183,4.999982323468418,346.32842281316874
1,H1,Large,L,0.0004927999999999999,0.49279999999999996,499998.055581526,4.99998055581526,351.0634318461884
1,H1,Large,L,0.0005376,0.5376,499997.8788162102,4.999978788162102,355.69898892365416
1,H1,Large,L,0.0005824,0.5823999999999999,499997.7020508944,4.999977020508944,360.23723679883506
1,H1,Large,L,0.0006272,0.6272,499997.52528557857,4.999975252855785,364.6802699173725
1,H1,Large,L,0.000672,0.6719999999999999,499997.34852026275,4.999973485202627,369.03013558696784
1,H1,Large,L,0.0007168,0.7168,499997.17175494693,4.999971717549469,373.28883511614606
1,H1,Large,L,0.0007616,0.7615999999999999,499996.9949896311,4.999969949896311,377.4583249229539
1,H1,Large,L,0.0008064,0.8064,499996.8182243153,4.999968182243153,381.5405176144314
1,H1,Large,L,0.0008512,0.8512,499996.6414589995,4.999966414589995,385.5372830376756
1,H1,Large,L,0.000896,0.896,499996.46469368367,4.999964646936837,389.4504493032967
1,H1,Large,L,0.0009408,0.9408,499996.28792836785,4.999962879283679,393.28180378204513
1,H1,Large,L,0.0009855999999999999,0.9855999999999999,499996.11116305203,4.999961111630521,397.03309407536915
1,H1,Large,L,0.0010304,1.0304,499995.9343977362,4.999959343977362,400.7060289606416
1,H1,Large,L,0.0010752,1.0752,499995.7576324204,4.999957576324204,404.302279311775
1,H1,Large,L,0.00112,1.1199999999999999,499995.5808671046,4.999955808671046,407.8234789959233
1,H1,Large,L,0.0011648,1.1647999999999998,499995.40410178876,4.9999540410178875,411.2712257469508
1,H1,Large,L,0.0012096,1.2096,499995.22733647295,4.9999522733647295,414.6470820163269
1,H1,Large,L,0.0012544,1.2544,499995.05057115713,4.999950505711571,417.9525758020895
1,H1,Large,L,0.0012992,1.2992,499994.8738058413,4.999948738058413,421.1892014564972
1,H1,Large,L,0.001344,1.3439999999999999,499994.6970405255,4.999946970405255,424.358420472977
1,H1,Large,L,0.0013888,1.3888,499994.5202752097,4.999945202752097,425.268034959463
1,H1,Large,L,0.0014336,1.4336,499994.0736168067,4.9999407361680674,425.2680216235107
1,H1,Large,L,0.0014784,1.4784,499993.25201765413,4.999932520176541,425.26798792562073
1,H1,Large,L,0.0015232,1.5231999999999999,499992.05951684766,4.999920595168477,425.26792594047475
1,H1,Large,L,0.001568,1.568,499990.5001666045,4.999905001666045,425.2678359726883
1,H1,Large,L,0.0016128,1.6128,499988.578031258,4.99988578031258,425.2677183278184
1,H1,Large,L,0.0016576,1.6576,499986.2971863468,4.999862971863468,425.26757331228936
1,H1,Large,L,0.0017024,1.7024,499983.6617177885,4.999836617177885,425.26740123332644
1,H1,Large,L,0.0017472,1.7471999999999999,499980.67572112725,4.999806757211273,425.2672023988946
1,H1,Large,L,0.001792,1.792,499977.343300848,4.99977343300848,425.26697711764416
1,H1,Large,L,0.0018368,1.8368,499973.66856974945,4.999736685697495,425.26672569886045
1,H1,Large,L,0.0018816,1.8816,499969.6556483705,4.9996965564837055,425.2664484524184
1,H1,Large,L,0.0019264,1.9264,499965.3086644635,4.999653086644635,425.2661456887409
1,H1,Large,L,0.0019711999999999998,1.9711999999999998,499960.6317525106,4.999606317525106,425.2658177187611
1,H1,Large,L,0.002016,2.016,499955.6290532783,4.999556290532783,425.2654648538871
1,H1,Large,L,0.0020608,2.0608,499950.3047134063,4.999503047134063,425.26508740597063
1,H1,Large,L,0.0021056,2.1056,499944.66288502835,4.999446628850284,425.26468568727745
1,H1,Large,L,0.0021504,2.1504,499938.7077254204,4.999387077254204,425.26426001045985
1,H1,Large,L,0.0021952,2.1952,499932.44339667546,4.999324433966755,425.2638106885329
1,H1,Large,L,0.00224,2.2399999999999998,499925.87406540086,4.9992587406540085,425.26333803485045
1,H1,Large,L,0.0022848,2.2848,499919.0039024372,4.999190039024373,425.2628423630846
1,H1,Large,L,0.0023296,2.3295999999999997,499911.8370825966,4.9991183708259666,425.26232398720555
1,H1,Large,L,0.0023744,2.3744,499904.3777844183,4.999043777844183,425.26178322146376
1,H1,Large,L,0.0024192,2.4192,499896.63018994033,4.9989663018994035,425.26122038037306
1,H1,Large,L,0.002464,2.464,499888.5984844861,4.998885984844861,425.2606357786945
1,H1,Large,L,0.0025088,2.5088,499880.28685646434,4.998802868564644,425.26002973142243
1,H1,Large,L,0.0025536,2.5536,499871.69949718093,4.99871699497181,425.2594025537703
1,H1,Large,L,0.0025984,2.5984,499862.84060066263,4.998628406006627,425.25875456115807
1,H1,Large,L,0.0026432,2.6432,499853.7143634906,4.9985371436349055,425.25808606920054
1,H1,Large,L,0.002688,2.6879999999999997,499844.32498464355,4.998443249846435,425.257397393696
1,H1,Large,L,0.0027328,2.7328,499834.6766653498,4.998346766653498,425.25668885061583
1,H1,Large,L,0.0027776,2.7776,499824.773608947,4.99824773608947,425.25596075609485
1,H1,Large,L,0.0028224,2.8224,499814.6200207493,4.998146200207493,425.25521342642173
1,H1,Large,L,0.0028672,2.8672,499804.22010792117,4.998042201079212,425.2544471780307
1,H1,Large,L,0.0029119999999999997,2.9119999999999995,499793.5780793576,4.9979357807935765,425.25366232749315
1,H1,Large,L,0.0029568,2.9568,499782.69814556977,4.997826981455698,425.2528591915098
1,H1,Large,L,0.0030015999999999997,3.0016,499771.5845185759,4.997715845185759,425.25203808690367
1,H1,Large,L,0.0030464,3.0463999999999998,499760.2414117972,4.997602414117972,425.25119933061234
1,H1,Large,L,0.0030911999999999997,3.0911999999999997,499748.6730399574,4.997486730399574,425.2503432396823
1,H1,Large,L,0.003136,3.136,499736.88361898763,4.997368836189876,425.249470131262
1,H1,Large,L,0.0031807999999999997,3.1807999999999996,499724.8773659333,4.997248773659333,425.24858032259567
1,H1,Large,L,0.0032256,3.2256,499712.65849886584,4.997126584988658,425.2476741310181
1,H1,Large,L,0.0032703999999999997,3.2703999999999995,499700.23123679624,4.997002312367963,425.2467518739484
1,H1,Large,L,0.0033152,3.3152,499687.59979959234,4.996875997995923,425.2458138688852
1,H1,Large,L,0.0033599999999999997,3.36,499674.76840789785,4.996747684078978,425.24486043340096
1,H1,Large,L,0.0034048,3.4048,499661.74128305406,4.996617412830541,425.2438918851374
1,H1,Large,L,0.0034495999999999997,3.4495999999999998,499648.5226470234,4.9964852264702335,425.2429085418002
1,H1,Large,L,0.0034944,3.4943999999999997,499635.1167223149,4.996351167223149,425.2419107211548
1,H1,Large,L,0.0035391999999999997,3.5391999999999997,499621.5277319111,4.996215277319111,425.2408987410213
1,H1,Large,L,0.003584,3.584,499607.75989919645,4.996077598991964,425.2398729192698
1,H1,Large,L,0.0036287999999999997,3.6287999999999996,499593.8174478868,4.9959381744788685,425.238833573817
1,H1,Large,L,0.0036736,3.6736,499579.70460196014,4.995797046019601,425.23778102261997
1,H1,Large,L,0.0037183999999999997,3.7184,499565.425585588,4.99565425585588,425.236715583674
1,H1,Large,L,0.0037632,3.7632,499550.9846230675,4.995509846230675,425.23563757500676
1,H1,Large,L,0.0038079999999999998,3.808,499536.3859387543,4.995363859387543,425.2345473146743
1,H1,Large,L,0.0038528,3.8528,499521.63375699555,4.995216337569955,425.2334451207573
1,H1,Large,L,0.0038975999999999998,3.8975999999999997,499506.7323020631,4.995067323020631,425.23233131135686
1,H1,Large,L,0.0039423999999999996,3.9423999999999997,499491.68579808704,4.99491685798087,425.2312062045897
1,H1,Large,L,0.0039872,3.9871999999999996,499476.49846898916,4.994764984689891,425.23007011858414
1,H1,Large,L,0.004032,4.032,499461.1745384161,4.9946117453841605,425.22892337147607
1,H1,Large,L,0.0040768,4.0768,499445.71822967223,4.994457182296722,425.2277662814045
1,H1,Large,L,0.0041216,4.1216,499430.1337656522,4.9943013376565215,425.2265991665073
1,H1,Large,L,0.0041664,4.166399999999999,499414.4253687727,4.994144253687727,425.22542234491647
1,H1,Large,L,0.0042112,4.2112,499398.59726090386,4.993985972609039,425.2242361347541
1,H1,Large,L,0.004256,4.256,499382.6536632995,4.993826536632995,425.2230408541276
1,H1,Large,L,0.0043008,4.3008,499366.5987965268,4.993665987965268,425.2218368211249
1,H1,Large,L,0.0043456,4.3456,499350.4368803943,4.993504368803943,425.2206243538104
1,H1,Large,L,0.0043904,4.3904,499334.1721338794,4.993341721338794,425.21940377021906
1,H1,Large,L,0.004435199999999999,4.435199999999999,499317.8087750541,4.993178087750541,425.2181753883525
1,H1,Large,L,0.00448,4.4799999999999995,499301.35102100944,4.993013510210094,425.2169395261734
1,H1,Large,L,0.0045248,4.5248,499284.8030877781,4.992848030877781,425.21569650160023
1,H1,Large,L,0.0045696,4.5696,499268.16919025563,4.992681691902557,425.2144466325026
1,H1,Large,L,0.004614399999999999,4.6144,499251.4535421197,4.992514535421197,425.2131902366946
1,H1,Large,L,0.0046592,4.659199999999999,499234.66035574715,4.992346603557472,425.2119276319302
1,H1,Large,L,0.004704,4.704,499217.7938421291,4.992177938421291,425.210659135897
1,H1,Large,L,0.0047488,4.7488,499200.85821078386,4.992008582107839,425.2093850662102
1,H1,Large,L,0.004793599999999999,4.7936,499183.85766966705,4.99183857669667,425.20810574040644
1,H1,Large,L,0.0048384,4.8384,499166.79642507934,4.9916679642507935,425.2068214759373
1,H1,Large,L,0.0048832,4.8831999999999995,499149.67868157156,4.991496786815715,425.2055325901628
1,H1,Large,L,0.004928,4.928,499132.5086418466,4.991325086418466,425.20423940034453
1,H1,Large,L,0.0049727999999999994,4.972799999999999,499115.2905066583,4.991152905066583,425.20294222363833
1,H1,Large,L,0.0050176,5.0176,499098.02847470733,4.9909802847470734,425.20164137708724
1,H1,Large,L,0.0050624,5.0624,499080.7267425329,4.990807267425329,425.20033717761345
1,H1,Large,L,0.0051072,5.1072,499063.38950440177,4.990633895044017,425.19902994201095
1,H1,Large,L,0.0051519999999999995,5.151999999999999,499046.0209521925,4.990460209521925,425.1977199869366
1,H1,Large,L,0.0051968,5.1968,499028.62527527596,4.990286252752759,425.19640762890197
1,H1,Large,L,0.0052416,5.2416,499011.2066603917,4.990112066603917,425.1950931842648
1,H1,Large,L,0.0052864,5.2864,498993.7692915195,4.989937692915195,425.1937769692192
1,H1,Large,L,0.0053311999999999995,5.331199999999999,498976.31734974607,4.989763173497461,425.1924592997859
1,H1,Large,L,0.005376,5.3759999999999994,498958.8550131269,4.989588550131269,425.1911404918033
1,H1,Large,L,0.0054208,5.4208,498941.3864565426,4.989413864565426,425.18982086091586
1,H1,Large,L,0.0054656,5.4656,498923.9158515496,4.989239158515496,425.18850072256413
1,H1,Large,L,0.0055103999999999995,5.5104,498906.447366225,4.98906447366225,425.187180391973
1,H1,Large,L,0.0055552,5.5552,498888.985165005,4.98888985165005,425.18586018414044
1,H1,Large,L,0.0056,5.6,498871.5334085168,4.9887153340851675,425.18454041382455
1,H1,Large,L,0.0056448,5.6448,498854.09625340335,4.988540962534033,425.18322139553163
1,H1,Large,L,0.0056895999999999995,5.6895999999999995,498836.677852141,4.98836677852141,425.1819034435021
1,H1,Large,L,0.0057344,5.7344,498819.2823528491,4.9881928235284905,425.18058687169724
1,H1,Large,L,0.0057792,5.7792,498801.9138990915,4.988019138990915,425.1792719937842
1,H1,Large,L,0.005823999999999999,5.823999999999999,498784.5766296693,4.987845766296693,425.17795912312124
1,H1,Large,L,0.0058687999999999995,5.868799999999999,498767.2746784044,4.987672746784044,425.17664857274127
1,H1,Large,L,0.0059136,5.9136,498750.0121739134,4.987500121739134,425.1753406553363
1,H1,Large,L,0.0059584,5.9584,498732.79323937127,4.987327932393713,425.1740356832392
1,H1,Large,L,0.006003199999999999,6.0032,498715.6219922639,4.987156219922639,425.17273396840585
1,H1,Large,L,0.0060479999999999996,6.047999999999999,498698.50254412944,4.986985025441294,425.17143582239675
1,H1,Large,L,0.0060928,6.0927999999999995,498681.43900028744,4.986814390002874,425.17014155635604
1,H1,Large,L,0.0061376,6.1376,498664.4354595549,4.986644354595549,425.1688514809919
1,H1,Large,L,0.006182399999999999,6.1823999999999995,498647.4960139487,4.986474960139487,425.167565906554
1,H1,Large,L,0.0062272,6.2272,498630.6247483737,4.9863062474837365,425.16628514281086
1,H1,Large,L,0.006272,6.272,498613.82574029523,4.986138257402953,425.16500949902587
1,H1,Large,L,0.0063168,6.3168,498597.10305939533,4.985971030593953,425.1637392839323
1,H1,Large,L,0.006361599999999999,6.361599999999999,498580.4607672118,4.985804607672118,425.16247480570644
1,H1,Large,L,0.0064064,6.4064,498563.9029167584,4.985639029167584,425.16121637194055
1,H1,Large,L,0.0064512,6.4512,498547.4335521259,4.985474335521259,425.1599642896129
1,H1,Large,L,0.006496,6.496,498531.05670806195,4.98531056708062,425.1587188650576
1,H1,Large,L,0.006540799999999999,6.540799999999999,498514.7764095288,4.985147764095288,425.15748040393237
1,H1,Large,L,0.0065856,6.5855999999999995,498498.59667123744,4.984985966712374,425.15624921118416
1,H1,Large,L,0.0066304,6.6304,498482.52149715624,4.984825214971562,425.15502559101355
1,H1,Large,L,0.0066752,6.6752,498466.55487999297,4.98466554879993,425.15380984683725
1,H1,Large,L,0.006719999999999999,6.72,498450.70080064784,4.984507008006479,425.1526022812477
1,H1,Large,L,0.0067648,6.764799999999999,498434.9632276358,4.984349632276357,425.1514031959719
1,H1,Large,L,0.0068096,6.8096,498419.34611647617,4.984193461164762,425.1502128918263
1,H1,Large,L,0.0068544,6.8544,498403.85340904695,4.98403853409047,425.1490316686705
1,H1,Large,L,0.006899199999999999,6.8991999999999996,498388.4890329016,4.983884890329016,425.1478598253573
1,H1,Large,L,0.006944,6.944,498373.2569005454,4.983732569005454,425.14669765968046
1,H1,Large,L,0.0069888,6.9887999999999995,498358.1609086686,4.983581609086686,425.14554546831965
1,H1,Large,L,0.0070336,7.0336,498343.2049373332,4.983432049373332,425.1444035467808
1,H1,Large,L,0.0070783999999999994,7.078399999999999,498328.3928491099,4.983283928491099,425.14327218933437
1,H1,Large,L,0.0071232,7.1232,498313.72848816146,4.9831372848816144,425.1421516889494
1,H1,Large,L,0.007168,7.168,498299.2156792684,4.982992156792684,425.141042337223
1,H1,Large,L,0.007212799999999999,7.2128,498284.8582267926,4.982848582267926,425.13994442430544
1,H1,Large,L,0.0072575999999999995,7.257599999999999,498270.6599135743,4.982706599135743,425.13885823882185
1,H1,Large,L,0.0073024,7.3024,498256.62449975655,4.982566244997566,425.13778406778704
1,H1,Large,L,0.0073472,7.3472,498242.7557215324,4.982427557215324,425.1367221965161
1,H1,Large,L,0.007391999999999999,7.3919999999999995,498229.0572898075,4.982290572898075,425.13567290852814
1,H1,Large,L,0.0074367999999999995,7.4368,498215.53288877185,4.9821553288877185,425.13463648544484
1,H1,Large,L,0.0074816,7.481599999999999,498202.18617437367,4.982021861743736,425.133613206881
1,H1,Large,L,0.0075264,7.5264,498189.0207726857,4.981890207726857,425.1326033503279
1,H1,Large,L,0.007571199999999999,7.571199999999999,498176.04027815687,4.9817604027815685,425.131607191029
1,H1,Large,L,0.0076159999999999995,7.616,498163.2482517378,4.981632482517378,425.13062500184657
1,H1,Large,L,0.0076608,7.6608,498150.6482188703,4.981506482188703,425.1296570531185
1,H1,Large,L,0.0077056,7.7056,498138.24366732844,4.981382436673284,425.12870361250543
1,H1,Large,L,0.007750399999999999,7.750399999999999,498126.03804489854,4.981260380448985,425.1277649448259
1,H1,Large,L,0.0077951999999999995,7.7951999999999995,498114.03475688305,4.9811403475688305,425.1268413118801
1,H1,Large,L,0.00784,7.84,498102.2371634127,4.981022371634126,425.12593297225965
1,H1,Large,L,0.007884799999999999,7.884799999999999,498090.64857654925,4.980906485765493,425.12504018114265
1,H1,Large,L,0.0079296,7.9296,498079.27225715976,4.980792722571597,425.12416319007383
1,H1,Large,L,0.0079744,7.974399999999999,498068.11141153995,4.9806811141153995,425.12330224672655
1,H1,Large,L,0.008019199999999999,8.0192,498057.16918776394,4.980571691877639,425.12245759464605
1,H1,Large,L,0.008064,8.064,498046.44867173315,4.980464486717332,425.1216294729718
1,H1,Large,L,0.0081088,8.108799999999999,498035.95288289565,4.980359528828957,425.12081811613757
1,H1,Large,L,0.0081536,8.1536,498025.68476960337,4.980256847696034,425.12002375354604
1,H1,Large,L,0.0081984,8.1984,498015.646059922,4.98015646059922,425.11924660921585
1,H1,Large,L,0.0082432,8.2432,498005.8230202104,4.980058230202104,425.118486814802
1,H1,Large,L,0.008288,8.288,497996.2182055471,4.979962182055471,425.11774333167864
1,H1,Large,L,0.0083328,8.332799999999999,497986.8340834072,4.979868340834072,425.11701635401994
1,H1,Large,L,0.008377599999999999,8.3776,497977.67302706756,4.979776730270675,425.1163060693643
1,H1,Large,L,0.0084224,8.4224,497968.73744158336,4.979687374415834,425.1156126581136
1,H1,Large,L,0.0084672,8.4672,497960.0297348206,4.979600297348206,425.1149363030677
1,H1,Large,L,0.008512,8.512,497951.55223370146,4.979515522337015,425.114277187231
1,H1,Large,L,0.0085568,8.556799999999999,497943.30717915617,4.979433071791561,425.1136354874722
1,H1,Large,L,0.0086016,8.6016,497935.2967206963,4.979352967206963,425.1130113741414
1,H1,Large,L,0.0086464,8.6464,497927.5229105765,4.979275229105765,425.1124050106576
1,H1,Large,L,0.0086912,8.6912,497919.98769750376,4.979199876975038,425.1118165530661
1,H1,Large,L,0.008735999999999999,8.735999999999999,497912.6929198517,4.979126929198517,425.1112461495611
1,H1,Large,L,0.0087808,8.7808,497905.6402983266,4.979056402983266,425.1106939399707
1,H1,Large,L,0.0088256,8.8256,497898.8314280263,4.978988314280263,425.1101600552014
1,H1,Large,L,0.008870399999999999,8.870399999999998,497892.2677698198,4.978922677698198,425.1096446166348
1,H1,Large,L,0.0089152,8.9152,497885.95064096217,4.978859506409622,425.1091477354751
1,H1,Large,L,0.00896,8.959999999999999,497879.88120483834,4.9787988120483835,425.1086695120369
2,H1,Large,W,0.0,0.0,500000.0,5.0,293.0
2,H1,Large,W,4.48e-05,0.0448,499999.8232346842,4.999998232346842,298.85893295493975
2,H1,Large,W,8.96e-05,0.0896,499999.64646936837,4.999996464693684,304.59402572485465
2,H1,Large,W,0.0001344,0.1344,499999.46970405255,4.999994697040526,310.2079984556802
2,H1,Large,W,0.0001792,0.1792,499999.29293873673,4.999992929387368,315.7034868538465
2,H1,Large,W,0.000224,0.224,499999.1161734209,4.999991161734209,321.08306624980105
2,H1,Large,W,0.0002688,0.2688,499998.9394081051,4.999989394081051,326.3492530871763
2,H1,Large,W,0.0003136,0.3136,499998.7626427893,4.999987626427893,331.5045063726758
2,H1,Large,W,0.0003584,0.3584,499998.58587747347,4.999985858774735,336.55122908763434
2,H1,Large,W,0.0004032,0.4032,499998.40911215765,4.9999840911215765,341.491769562211
2,H1,Large,W,0.000448,0.448,499998.23234684183,4.999982323468418,346.32842281316874
2,H1,Large,W,0.0004927999999999999,0.49279999999999996,499998.055581526,4.99998055581526,351.0634318461884
2,H1,Large,W,0.0005376,0.5376,499997.8788162102,4.999978788162102,355.69898892365416
2,H1,Large,W,0.0005824,0.5823999999999999,499997.7020508944,4.999977020508944,360.23723679883506
2,H1,Large,W,0.0006272,0.6272,499997.52528557857,4.999975252855785,364.6802699173725
2,H1,Large,W,0.000672,0.6719999999999999,499997.34852026275,4.999973485202627,369.03013558696784
2,H1,Large,W,0.0007168,0.7168,499997.17175494693,4.999971717549469,373.28883511614606
2,H1,Large,W,0.0007616,0.7615999999999999,499996.9949896311,4.999969949896311,377.4583249229539
2,H1,Large,W,0.0008064,0.8064,499996.8182243153,4.999968182243153,381.5405176144314
2,H1,Large,W,0.0008512,0.8512,499996.6414589995,4.999966414589995,385.5372830376756
2,H1,Large,W,0.000896,0.896,499996.46469368367,4.999964646936837,389.4504493032967
2,H1,Large,W,0.0009408,0.9408,499996.28792836785,4.999962879283679,393.28180378204513
2,H1,Large,W,0.0009855999999999999,0.9855999999999999,499996.11116305203,4.999961111630521,397.03309407536915
2,H1,Large,W,0.0010304,1.0304,499995.9343977362,4.999959343977362,400.7060289606416
2,H1,Large,W,0.0010752,1.0752,499995.7576324204,4.999957576324204,404.302279311775
2,H1,Large,W,0.00112,1.1199999999999999,499995.5808671046,4.999955808671046,407.8234789959233
2,H1,Large,W,0.0011648,1.1647999999999998,499995.40410178876,4.9999540410178875,411.2712257469508
2,H1,Large,W,0.0012096,1.2096,499995.22733647295,4.9999522733647295,414.6470820163269
2,H1,Large,W,0.0012544,1.2544,499995.05057115713,4.999950505711571,417.9525758020895
2,H1,Large,W,0.0012992,1.2992,499994.8738058413,4.999948738058413,421.1892014564972
2,H1,Large,W,0.001344,1.3439999999999999,499994.6970405255,4.999946970405255,424.358420472977
2,H1,Large,W,0.0013888,1.3888,499994.5202752097,4.999945202752097,425.268034959463
2,H1,Large,W,0.0014336,1.4336,499994.0736168067,4.9999407361680674,425.2680216235107
2,H1,Large,W,0.0014784,1.4784,499993.25201765413,4.999932520176541,425.26798792562073
2,H1,Large,W,0.0015232,1.5231999999999999,499992.05951684766,4.999920595168477,425.26792594047475
2,H1,Large,W,0.001568,1.568,499990.5001666045,4.999905001666045,425.2678359726883
2,H1,Large,W,0.0016128,1.6128,499988.578031258,4.99988578031258,425.2677183278184
2,H1,Large,W,0.0016576,1.6576,499986.2971863468,4.999862971863468,425.26757331228936
2,H1,Large,W,0.0017024,1.7024,499983.6617177885,4.999836617177885,425.26740123332644
2,H1,Large,W,0.0017472,1.7471999999999999,499980.67572112725,4.999806757211273,425.2672023988946
2,H1,Large,W,0.001792,1.792,499977.343300848,4.99977343300848,425.26697711764416
2,H1,Large,W,0.0018368,1.8368,499973.66856974945,4.999736685697495,425.26672569886045
2,H1,Large,W,0.0018816,1.8816,499969.6556483705,4.9996965564837055,425.2664484524184
2,H1,Large,W,0.0019264,1.9264,499965.3086644635,4.999653086644635,425.2661456887409
2,H1,Large,W,0.0019711999999999998,1.9711999999999998,499960.6317525106,4.999606317525106,425.2658177187611
2,H1,Large,W,0.002016,2.016,499955.6290532783,4.999556290532783,425.2654648538871
2,H1,Large,W,0.0020608,2.0608,499950.3047134063,4.999503047134063,425.26508740597063
2,H1,Large,W,0.0021056,2.1056,499944.66288502835,4.999446628850284,425.26468568727745
2,H1,Large,W,0.0021504,2.1504,499938.7077254204,4.999387077254204,425.26426001045985
2,H1,Large,W,0.0021952,2.1952,499932.44339667546,4.999324433966755,425.2638106885329
2,H1,Large,W,0.00224,2.2399999999999998,499925.87406540086,4.9992587406540085,425.26333803485045
2,H1,Large,W,0.0022848,2.2848,499919.0039024372,4.999190039024373,425.2628423630846
2,H1,Large,W,0.0023296,2.3295999999999997,499911.8370825966,4.9991183708259666,425.26232398720555
2,H1,Large,W,0.0023744,2.3744,499904.3777844183,4.999043777844183,425.26178322146376
2,H1,Large,W,0.0024192,2.4192,499896.63018994033,4.9989663018994035,425.26122038037306
2,H1,Large,W,0.002464,2.464,499888.5984844861,4.998885984844861,425.2606357786945
2,H1,Large,W,0.0025088,2.5088,499880.28685646434,4.998802868564644,425.26002973142243
2,H1,Large,W,0.0025536,2.5536,499871.69949718093,4.99871699497181,425.2594025537703
2,H1,Large,W,0.0025984,2.5984,499862.84060066263,4.998628406006627,425.25875456115807
2,H1,Large,W,0.0026432,2.6432,499853.7143634906,4.9985371436349055,425.25808606920054
2,H1,Large,W,0.002688,2.6879999999999997,499844.32498464355,4.998443249846435,425.257397393696
2,H1,Large,W,0.0027328,2.7328,499834.6766653498,4.998346766653498,425.25668885061583
2,H1,Large,W,0.0027776,2.7776,499824.773608947,4.99824773608947,425.25596075609485
2,H1,Large,W,0.0028224,2.8224,499814.6200207493,4.998146200207493,425.25521342642173
2,H1,Large,W,0.0028672,2.8672,499804.22010792117,4.998042201079212,425.2544471780307
2,H1,Large,W,0.0029119999999999997,2.9119999999999995,499793.5780793576,4.9979357807935765,425.25366232749315
2,H1,Large,W,0.0029568,2.9568,499782.69814556977,4.997826981455698,425.2528591915098
2,H1,Large,W,0.0030015999999999997,3.0016,499771.5845185759,4.997715845185759,425.25203808690367
2,H1,Large,W,0.0030464,3.0463999999999998,499760.2414117972,4.997602414117972,425.25119933061234
2,H1,Large,W,0.0030911999999999997,3.0911999999999997,499748.6730399574,4.997486730399574,425.2503432396823
2,H1,Large,W,0.003136,3.136,499736.88361898763,4.997368836189876,425.249470131262
2,H1,Large,W,0.0031807999999999997,3.1807999999999996,499724.8773659333,4.997248773659333,425.24858032259567
2,H1,Large,W,0.0032256,3.2256,499712.65849886584,4.997126584988658,425.2476741310181
2,H1,Large,W,0.0032703999999999997,3.2703999999999995,499700.23123679624,4.997002312367963,425.2467518739484
2,H1,Large,W,0.0033152,3.3152,499687.59979959234,4.996875997995923,425.2458138688852
2,H1,Large,W,0.0033599999999999997,3.36,499674.76840789785,4.996747684078978,425.24486043340096
2,H1,Large,W,0.0034048,3.4048,499661.74128305406,4.996617412830541,425.2438918851374
2,H1,Large,W,0.0034495999999999997,3.4495999999999998,499648.5226470234,4.9964852264702335,425.2429085418002
2,H1,Large,W,0.0034944,3.4943999999999997,499635.1167223149,4.996351167223149,425.2419107211548
2,H1,Large,W,0.0035391999999999997,3.5391999999999997,499621.5277319111,4.996215277319111,425.2408987410213
2,H1,Large,W,0.003584,3.584,499607.75989919645,4.996077598991964,425.2398729192698
2,H1,Large,W,0.0036287999999999997,3.6287999999999996,499593.8174478868,4.9959381744788685,425.238833573817
2,H1,Large,W,0.0036736,3.6736,499579.70460196014,4.995797046019601,425.23778102261997
2,H1,Large,W,0.0037183999999999997,3.7184,499565.425585588,4.99565425585588,425.236715583674
2,H1,Large,W,0.0037632,3.7632,499550.9846230675,4.995509846230675,425.23563757500676
2,H1,Large,W,0.0038079999999999998,3.808,499536.3859387543,4.995363859387543,425.2345473146743
2,H1,Large,W,0.0038528,3.8528,499521.63375699555,4.995216337569955,425.2334451207573
2,H1,Large,W,0.0038975999999999998,3.8975999999999997,499506.7323020631,4.995067323020631,425.23233131135686
2,H1,Large,W,0.0039423999999999996,3.9423999999999997,499491.68579808704,4.99491685798087,425.2312062045897
2,H1,Large,W,0.0039872,3.9871999999999996,499476.49846898916,4.994764984689891,425.23007011858414
2,H1,Large,W,0.004032,4.032,499461.1745384161,4.9946117453841605,425.22892337147607
2,H1,Large,W,0.0040768,4.0768,499445.71822967223,4.994457182296722,425.2277662814045
2,H1,Large,W,0.0041216,4.1216,499430.1337656522,4.9943013376565215,425.2265991665073
2,H1,Large,W,0.0041664,4.166399999999999,499414.4253687727,4.994144253687727,425.22542234491647
2,H1,Large,W,0.0042112,4.2112,499398.59726090386,4.993985972609039,425.2242361347541
2,H1,Large,W,0.004256,4.256,499382.6536632995,4.993826536632995,425.2230408541276
2,H1,Large,W,0.0043008,4.3008,499366.5987965268,4.993665987965268,425.2218368211249
2,H1,Large,W,0.0043456,4.3456,499350.4368803943,4.993504368803943,425.2206243538104
2,H1,Large,W,0.0043904,4.3904,499334.1721338794,4.993341721338794,425.21940377021906
2,H1,Large,W,0.004435199999999999,4.435199999999999,499317.8087750541,4.993178087750541,425.2181753883525
2,H1,Large,W,0.00448,4.4799999999999995,499301.35102100944,4.993013510210094,425.2169395261734
2,H1,Large,W,0.0045248,4.5248,499284.8030877781,4.992848030877781,425.21569650160023
2,H1,Large,W,0.0045696,4.5696,499268.16919025563,4.992681691902557,425.2144466325026
2,H1,Large,W,0.004614399999999999,4.6144,499251.4535421197,4.992514535421197,425.2131902366946
2,H1,Large,W,0.0046592,4.659199999999999,499234.66035574715,4.992346603557472,425.2119276319302
2,H1,Large,W,0.004704,4.704,499217.7938421291,4.992177938421291,425.210659135897
2,H1,Large,W,0.0047488,4.7488,499200.85821078386,4.992008582107839,425.2093850662102
2,H1,Large,W,0.004793599999999999,4.7936,499183.85766966705,4.99183857669667,425.20810574040644
2,H1,Large,W,0.0048384,4.8384,499166.79642507934,4.9916679642507935,425.2068214759373
2,H1,Large,W,0.0048832,4.8831999999999995,499149.67868157156,4.991496786815715,425.2055325901628
2,H1,Large,W,0.004928,4.928,499132.5086418466,4.991325086418466,425.20423940034453
2,H1,Large,W,0.0049727999999999994,4.972799999999999,499115.2905066583,4.991152905066583,425.20294222363833
2,H1,Large,W,0.0050176,5.0176,499098.02847470733,4.9909802847470734,425.20164137708724
2,H1,Large,W,0.0050624,5.0624,499080.7267425329,4.990807267425329,425.20033717761345
2,H1,Large,W,0.0051072,5.1072,499063.38950440177,4.990633895044017,425.19902994201095
2,H1,Large,W,0.0051519999999999995,5.151999999999999,499046.0209521925,4.990460209521925,425.1977199869366
2,H1,Large,W,0.0051968,5.1968,499028.62527527596,4.990286252752759,425.19640762890197
2,H1,Large,W,0.0052416,5.2416,499011.2066603917,4.990112066603917,425.1950931842648
2,H1,Large,W,0.0052864,5.2864,498993.7692915195,4.989937692915195,425.1937769692192
2,H1,Large,W,0.0053311999999999995,5.331199999999999,498976.31734974607,4.989763173497461,425.1924592997859
2,H1,Large,W,0.005376,5.3759999999999994,498958.8550131269,4.989588550131269,425.1911404918033
2,H1,Large,W,0.0054208,5.4208,498941.3864565426,4.989413864565426,425.18982086091586
2,H1,Large,W,0.0054656,5.4656,498923.9158515496,4.989239158515496,425.18850072256413
2,H1,Large,W,0.0055103999999999995,5.5104,498906.447366225,4.98906447366225,425.187180391973
2,H1,Large,W,0.0055552,5.5552,498888.985165005,4.98888985165005,425.18586018414044
2,H1,Large,W,0.0056,5.6,498871.5334085168,4.9887153340851675,425.18454041382455
2,H1,Large,W,0.0056448,5.6448,498854.09625340335,4.988540962534033,425.18322139553163
2,H1,Large,W,0.0056895999999999995,5.6895999999999995,498836.677852141,4.98836677852141,425.1819034435021
2,H1,Large,W,0.0057344,5.7344,498819.2823528491,4.9881928235284905,425.18058687169724
2,H1,Large,W,0.0057792,5.7792,498801.9138990915,4.988019138990915,425.1792719937842
2,H1,Large,W,0.005823999999999999,5.823999999999999,498784.5766296693,4.987845766296693,425.17795912312124
2,H1,Large,W,0.0058687999999999995,5.868799999999999,498767.2746784044,4.987672746784044,425.17664857274127
2,H1,Large,W,0.0059136,5.9136,498750.0121739134,4.987500121739134,425.1753406553363
2,H1,Large,W,0.0059584,5.9584,498732.79323937127,4.987327932393713,425.1740356832392
2,H1,Large,W,0.006003199999999999,6.0032,498715.6219922639,4.987156219922639,425.17273396840585
2,H1,Large,W,0.0060479999999999996,6.047999999999999,498698.50254412944,4.986985025441294,425.17143582239675
2,H1,Large,W,0.0060928,6.0927999999999995,498681.43900028744,4.986814390002874,425.17014155635604
2,H1,Large,W,0.0061376,6.1376,498664.4354595549,4.986644354595549,425.1688514809919
2,H1,Large,W,0.006182399999999999,6.1823999999999995,498647.4960139487,4.986474960139487,425.167565906554
2,H1,Large,W,0.0062272,6.2272,498630.6247483737,4.9863062474837365,425.16628514281086
2,H1,Large,W,0.006272,6.272,498613.82574029523,4.986138257402953,425.16500949902587
2,H1,Large,W,0.0063168,6.3168,498597.10305939533,4.985971030593953,425.1637392839323
2,H1,Large,W,0.006361599999999999,6.361599999999999,498580.4607672118,4.985804607672118,425.16247480570644
2,H1,Large,W,0.0064064,6.4064,498563.9029167584,4.985639029167584,425.16121637194055
2,H1,Large,W,0.0064512,6.4512,498547.4335521259,4.985474335521259,425.1599642896129
2,H1,Large,W,0.006496,6.496,498531.05670806195,4.98531056708062,425.1587188650576
2,H1,Large,W,0.006540799999999999,6.540799999999999,498514.7764095288,4.985147764095288,425.15748040393237
2,H1,Large,W,0.0065856,6.5855999999999995,498498.59667123744,4.984985966712374,425.15624921118416
2,H1,Large,W,0.0066304,6.6304,498482.52149715624,4.984825214971562,425.15502559101355
2,H1,Large,W,0.0066752,6.6752,498466.55487999297,4.98466554879993,425.15380984683725
2,H1,Large,W,0.006719999999999999,6.72,498450.70080064784,4.984507008006479,425.1526022812477
2,H1,Large,W,0.0067648,6.764799999999999,498434.9632276358,4.984349632276357,425.1514031959719
2,H1,Large,W,0.0068096,6.8096,498419.34611647617,4.984193461164762,425.1502128918263
2,H1,Large,W,0.0068544,6.8544,498403.85340904695,4.98403853409047,425.1490316686705
2,H1,Large,W,0.006899199999999999,6.8991999999999996,498388.4890329016,4.983884890329016,425.1478598253573
2,H1,Large,W,0.006944,6.944,498373.2569005454,4.983732569005454,425.14669765968046
2,H1,Large,W,0.0069888,6.9887999999999995,498358.1609086686,4.983581609086686,425.14554546831965
2,H1,Large,W,0.0070336,7.0336,498343.2049373332,4.983432049373332,425.1444035467808
2,H1,Large,W,0.0070783999999999994,7.078399999999999,498328.3928491099,4.983283928491099,425.14327218933437
2,H1,Large,W,0.0071232,7.1232,498313.72848816146,4.9831372848816144,425.1421516889494
2,H1,Large,W,0.007168,7.168,498299.2156792684,4.982992156792684,425.141042337223
2,H1,Large,W,0.007212799999999999,7.2128,498284.8582267926,4.982848582267926,425.13994442430544
2,H1,Large,W,0.0072575999999999995,7.257599999999999,498270.6599135743,4.982706599135743,425.13885823882185
2,H1,Large,W,0.0073024,7.3024,498256.62449975655,4.982566244997566,425.13778406778704
2,H1,Large,W,0.0073472,7.3472,498242.7557215324,4.982427557215324,425.1367221965161
2,H1,Large,W,0.007391999999999999,7.3919999999999995,498229.0572898075,4.982290572898075,425.13567290852814
2,H1,Large,W,0.0074367999999999995,7.4368,498215.53288877185,4.9821553288877185,425.13463648544484
2,H1,Large,W,0.0074816,7.481599999999999,498202.18617437367,4.982021861743736,425.133613206881
2,H1,Large,W,0.0075264,7.5264,498189.0207726857,4.981890207726857,425.1326033503279
2,H1,Large,W,0.007571199999999999,7.571199999999999,498176.04027815687,4.9817604027815685,425.131607191029
2,H1,Large,W,0.0076159999999999995,7.616,498163.2482517378,4.981632482517378,425.13062500184657
2,H1,Large,W,0.0076608,7.6608,498150.6482188703,4.981506482188703,425.1296570531185
2,H1,Large,W,0.0077056,7.7056,498138.24366732844,4.981382436673284,425.12870361250543
2,H1,Large,W,0.007750399999999999,7.750399999999999,498126.03804489854,4.981260380448985,425.1277649448259
2,H1,Large,W,0.0077951999999999995,7.7951999999999995,498114.03475688305,4.9811403475688305,425.1268413118801
2,H1,Large,W,0.00784,7.84,498102.2371634127,4.981022371634126,425.12593297225965
2,H1,Large,W,0.007884799999999999,7.884799999999999,498090.64857654925,4.980906485765493,425.12504018114265
2,H1,Large,W,0.0079296,7.9296,498079.27225715976,4.980792722571597,425.12416319007383
2,H1,Large,W,0.0079744,7.974399999999999,498068.11141153995,4.9806811141153995,425.12330224672655
2,H1,Large,W,0.008019199999999999,8.0192,498057.16918776394,4.980571691877639,425.12245759464605
2,H1,Large,W,0.008064,8.064,498046.44867173315,4.980464486717332,425.1216294729718
2,H1,Large,W,0.0081088,8.108799999999999,498035.95288289565,4.980359528828957,425.12081811613757
2,H1,Large,W,0.0081536,8.1536,498025.68476960337,4.980256847696034,425.12002375354604
2,H1,Large,W,0.0081984,8.1984,498015.646059922,4.98015646059922,425.11924660921585
2,H1,Large,W,0.0082432,8.2432,498005.8230202104,4.980058230202104,425.118486814802
2,H1,Large,W,0.008288,8.288,497996.2182055471,4.979962182055471,425.11774333167864
2,H1,Large,W,0.0083328,8.332799999999999,497986.8340834072,4.979868340834072,425.11701635401994
2,H1,Large,W,0.008377599999999999,8.3776,497977.67302706756,4.979776730270675,425.1163060693643
2,H1,Large,W,0.0084224,8.4224,497968.73744158336,4.979687374415834,425.1156126581136
2,H1,Large,W,0.0084672,8.4672,497960.0297348206,4.979600297348206,425.1149363030677
2,H1,Large,W,0.008512,8.512,497951.55223370146,4.979515522337015,425.114277187231
2,H1,Large,W,0.0085568,8.556799999999999,497943.30717915617,4.979433071791561,425.1136354874722
2,H1,Large,W,0.0086016,8.6016,497935.2967206963,4.979352967206963,425.1130113741414
2,H1,Large,W,0.0086464,8.6464,497927.5229105765,4.979275229105765,425.1124050106576
2,H1,Large,W,0.0086912,8.6912,497919.98769750376,4.979199876975038,425.1118165530661
2,H1,Large,W,0.008735999999999999,8.735999999999999,497912.6929198517,4.979126929198517,425.1112461495611
2,H1,Large,W,0.0087808,8.7808,497905.6402983266,4.979056402983266,425.1106939399707
2,H1,Large,W,0.0088256,8.8256,497898.8314280263,4.978988314280263,425.1101600552014
2,H1,Large,W,0.008870399999999999,8.870399999999998,497892.2677698198,4.978922677698198,425.1096446166348
2,H1,Large,W,0.0089152,8.9152,497885.95064096217,4.978859506409622,425.1091477354751
2,H1,Large,W,0.00896,8.959999999999999,497879.88120483834,4.9787988120483835,425.1086695120369
3,H1,Large,B,0.0,0.0,500000.0,5.0,293.0
3,H1,Large,B,4.48e-05,0.0448,499999.8232346842,4.999998232346842,298.85893295493975
3,H1,Large,B,8.96e-05,0.0896,499999.64646936837,4.999996464693684,304.59402572485465
3,H1,Large,B,0.0001344,0.1344,499999.46970405255,4.999994697040526,310.2079984556802
3,H1,Large,B,0.0001792,0.1792,499999.29293873673,4.999992929387368,315.7034868538465
3,H1,Large,B,0.000224,0.224,499999.1161734209,4.999991161734209,321.08306624980105
3,H1,Large,B,0.0002688,0.2688,499998.9394081051,4.999989394081051,326.3492530871763
3,H1,Large,B,0.0003136,0.3136,499998.7626427893,4.999987626427893,331.5045063726758
3,H1,Large,B,0.0003584,0.3584,499998.58587747347,4.999985858774735,336.55122908763434
3,H1,Large,B,0.0004032,0.4032,499998.40911215765,4.9999840911215765,341.491769562211
3,H1,Large,B,0.000448,0.448,499998.23234684183,4.999982323468418,346.32842281316874
3,H1,Large,B,0.0004927999999999999,0.49279999999999996,499998.055581526,4.99998055581526,351.0634318461884
3,H1,Large,B,0.0005376,0.5376,499997.8788162102,4.999978788162102,355.69898892365416
3,H1,Large,B,0.0005824,0.5823999999999999,499997.7020508944,4.999977020508944,360.23723679883506
3,H1,Large,B,0.0006272,0.6272,499997.52528557857,4.999975252855785,364.6802699173725
3,H1,Large,B,0.000672,0.6719999999999999,499997.34852026275,4.999973485202627,369.03013558696784
3,H1,Large,B,0.0007168,0.7168,499997.17175494693,4.999971717549469,373.28883511614606
3,H1,Large,B,0.0007616,0.7615999999999999,499996.9949896311,4.999969949896311,377.4583249229539
3,H1,Large,B,0.0008064,0.8064,499996.8182243153,4.999968182243153,381.5405176144314
3,H1,Large,B,0.0008512,0.8512,499996.6414589995,4.999966414589995,385.5372830376756
3,H1,Large,B,0.000896,0.896,499996.46469368367,4.999964646936837,389.4504493032967
3,H1,Large,B,0.0009408,0.9408,499996.28792836785,4.999962879283679,393.28180378204513
3,H1,Large,B,0.0009855999999999999,0.9855999999999999,499996.11116305203,4.999961111630521,397.03309407536915
3,H1,Large,B,0.0010304,1.0304,499995.9343977362,4.999959343977362,400.7060289606416
3,H1,Large,B,0.0010752,1.0752,499995.7576324204,4.999957576324204,404.302279311775
3,H1,Large,B,0.00112,1.1199999999999999,499995.5808671046,4.999955808671046,407.8234789959233
3,H1,Large,B,0.0011648,1.1647999999999998,499995.40410178876,4.9999540410178875,411.2712257469508
3,H1,Large,B,0.0012096,1.2096,499995.22733647295,4.9999522733647295,414.6470820163269
3,H1,Large,B,0.0012544,1.2544,499995.05057115713,4.999950505711571,417.9525758020895
3,H1,Large,B,0.0012992,1.2992,499994.8738058413,4.999948738058413,421.1892014564972
3,H1,Large,B,0.001344,1.3439999999999999,499994.6970405255,4.999946970405255,424.358420472977
3,H1,Large,B,0.0013888,1.3888,499994.5202752097,4.999945202752097,425.268034959463
3,H1,Large,B,0.0014336,1.4336,499994.0736168067,4.9999407361680674,425.2680216235107
3,H1,Large,B,0.0014784,1.4784,499993.25201765413,4.999932520176541,425.26798792562073
3,H1,Large,B,0.0015232,1.5231999999999999,499992.05951684766,4.999920595168477,425.26792594047475
3,H1,Large,B,0.001568,1.568,499990.5001666045,4.999905001666045,425.2678359726883
3,H1,Large,B,0.0016128,1.6128,499988.578031258,4.99988578031258,425.2677183278184
3,H1,Large,B,0.0016576,1.6576,499986.2971863468,4.999862971863468,425.26757331228936
3,H1,Large,B,0.0017024,1.7024,499983.6617177885,4.999836617177885,425.26740123332644
3,H1,Large,B,0.0017472,1.7471999999999999,499980.67572112725,4.999806757211273,425.2672023988946
3,H1,Large,B,0.001792,1.792,499977.343300848,4.99977343300848,425.26697711764416
3,H1,Large,B,0.0018368,1.8368,499973.66856974945,4.999736685697495,425.26672569886045
3,H1,Large,B,0.0018816,1.8816,499969.6556483705,4.9996965564837055,425.2664484524184
3,H1,Large,B,0.0019264,1.9264,499965.3086644635,4.999653086644635,425.2661456887409
3,H1,Large,B,0.0019711999999999998,1.9711999999999998,499960.6317525106,4.999606317525106,425.2658177187611
3,H1,Large,B,0.002016,2.016,499955.6290532783,4.999556290532783,425.2654648538871
3,H1,Large,B,0.0020608,2.0608,499950.3047134063,4.999503047134063,425.26508740597063
3,H1,Large,B,0.0021056,2.1056,499944.66288502835,4.999446628850284,425.26468568727745
3,H1,Large,B,0.0021504,2.1504,499938.7077254204,4.999387077254204,425.26426001045985
3,H1,Large,B,0.0021952,2.1952,499932.44339667546,4.999324433966755,425.2638106885329
3,H1,Large,B,0.00224,2.2399999999999998,499925.87406540086,4.9992587406540085,425.26333803485045
3,H1,Large,B,0.0022848,2.2848,499919.0039024372,4.999190039024373,425.2628423630846
3,H1,Large,B,0.0023296,2.3295999999999997,499911.8370825966,4.9991183708259666,425.26232398720555
3,H1,Large,B,0.0023744,2.3744,499904.3777844183,4.999043777844183,425.26178322146376
3,H1,Large,B,0.0024192,2.4192,499896.63018994033,4.9989663018994035,425.26122038037306
3,H1,Large,B,0.002464,2.464,499888.5984844861,4.998885984844861,425.2606357786945
3,H1,Large,B,0.0025088,2.5088,499880.28685646434,4.998802868564644,425.26002973142243
3,H1,Large,B,0.0025536,2.5536,499871.69949718093,4.99871699497181,425.2594025537703
3,H1,Large,B,0.0025984,2.5984,499862.84060066263,4.998628406006627,425.25875456115807
3,H1,Large,B,0.0026432,2.6432,499853.7143634906,4.9985371436349055,425.25808606920054
3,H1,Large,B,0.002688,2.6879999999999997,499844.32498464355,4.998443249846435,425.257397393696
3,H1,Large,B,0.0027328,2.7328,499834.6766653498,4.998346766653498,425.25668885061583
3,H1,Large,B,0.0027776,2.7776,499824.773608947,4.99824773608947,425.25596075609485
3,H1,Large,B,0.0028224,2.8224,499814.6200207493,4.998146200207493,425.25521342642173
3,H1,Large,B,0.0028672,2.8672,499804.22010792117,4.998042201079212,425.2544471780307
3,H1,Large,B,0.0029119999999999997,2.9119999999999995,499793.5780793576,4.9979357807935765,425.25366232749315
3,H1,Large,B,0.0029568,2.9568,499782.69814556977,4.997826981455698,425.2528591915098
3,H1,Large,B,0.0030015999999999997,3.0016,499771.5845185759,4.997715845185759,425.25203808690367
3,H1,Large,B,0.0030464,3.0463999999999998,499760.2414117972,4.997602414117972,425.25119933061234
3,H1,Large,B,0.0030911999999999997,3.0911999999999997,499748.6730399574,4.997486730399574,425.2503432396823
3,H1,Large,B,0.003136,3.136,499736.88361898763,4.997368836189876,425.249470131262
3,H1,Large,B,0.0031807999999999997,3.1807999999999996,499724.8773659333,4.997248773659333,425.24858032259567
3,H1,Large,B,0.0032256,3.2256,499712.65849886584,4.997126584988658,425.2476741310181
3,H1,Large,B,0.0032703999999999997,3.2703999999999995,499700.23123679624,4.997002312367963,425.2467518739484
3,H1,Large,B,0.0033152,3.3152,499687.59979959234,4.996875997995923,425.2458138688852
3,H1,Large,B,0.0033599999999999997,3.36,499674.76840789785,4.996747684078978,425.24486043340096
3,H1,Large,B,0.0034048,3.4048,499661.74128305406,4.996617412830541,425.2438918851374
3,H1,Large,B,0.0034495999999999997,3.4495999999999998,499648.5226470234,4.9964852264702335,425.2429085418002
3,H1,Large,B,0.0034944,3.4943999999999997,499635.1167223149,4.996351167223149,425.2419107211548
3,H1,Large,B,0.0035391999999999997,3.5391999999999997,499621.5277319111,4.996215277319111,425.2408987410213
3,H1,Large,B,0.003584,3.584,499607.75989919645,4.996077598991964,425.2398729192698
3,H1,Large,B,0.0036287999999999997,3.6287999999999996,499593.8174478868,4.9959381744788685,425.238833573817
3,H1,Large,B,0.0036736,3.6736,499579.70460196014,4.995797046019601,425.23778102261997
3,H1,Large,B,0.0037183999999999997,3.7184,499565.425585588,4.99565425585588,425.236715583674
3,H1,Large,B,0.0037632,3.7632,499550.9846230675,4.995509846230675,425.23563757500676
3,H1,Large,B,0.0038079999999999998,3.808,499536.3859387543,4.995363859387543,425.2345473146743
3,H1,Large,B,0.0038528,3.8528,499521.63375699555,4.995216337569955,425.2334451207573
3,H1,Large,B,0.0038975999999999998,3.8975999999999997,499506.7323020631,4.995067323020631,425.23233131135686
3,H1,Large,B,0.0039423999999999996,3.9423999999999997,499491.68579808704,4.99491685798087,425.2312062045897
3,H1,Large,B,0.0039872,3.9871999999999996,499476.49846898916,4.994764984689891,425.23007011858414
3,H1,Large,B,0.004032,4.032,499461.1745384161,4.9946117453841605,425.22892337147607
3,H1,Large,B,0.0040768,4.0768,499445.71822967223,4.994457182296722,425.2277662814045
3,H1,Large,B,0.0041216,4.1216,499430.1337656522,4.9943013376565215,425.2265991665073
3,H1,Large,B,0.0041664,4.166399999999999,499414.4253687727,4.994144253687727,425.22542234491647
3,H1,Large,B,0.0042112,4.2112,499398.59726090386,4.993985972609039,425.2242361347541
3,H1,Large,B,0.004256,4.256,499382.6536632995,4.993826536632995,425.2230408541276
3,H1,Large,B,0.0043008,4.3008,499366.5987965268,4.993665987965268,425.2218368211249
3,H1,Large,B,0.0043456,4.3456,499350.4368803943,4.993504368803943,425.2206243538104
3,H1,Large,B,0.0043904,4.3904,499334.1721338794,4.993341721338794,425.21940377021906
3,H1,Large,B,0.004435199999999999,4.435199999999999,499317.8087750541,4.993178087750541,425.2181753883525
3,H1,Large,B,0.00448,4.4799999999999995,499301.35102100944,4.993013510210094,425.2169395261734
3,H1,Large,B,0.0045248,4.5248,499284.8030877781,4.992848030877781,425.21569650160023
3,H1,Large,B,0.0045696,4.5696,499268.16919025563,4.992681691902557,425.2144466325026
3,H1,Large,B,0.004614399999999999,4.6144,499251.4535421197,4.992514535421197,425.2131902366946
3,H1,Large,B,0.0046592,4.659199999999999,499234.66035574715,4.992346603557472,425.2119276319302
3,H1,Large,B,0.004704,4.704,499217.7938421291,4.992177938421291,425.210659135897
3,H1,Large,B,0.0047488,4.7488,499200.85821078386,4.992008582107839,425.2093850662102
3,H1,Large,B,0.004793599999999999,4.7936,499183.85766966705,4.99183857669667,425.20810574040644
3,H1,Large,B,0.0048384,4.8384,499166.79642507934,4.9916679642507935,425.2068214759373
3,H1,Large,B,0.0048832,4.8831999999999995,499149.67868157156,4.991496786815715,425.2055325901628
3,H1,Large,B,0.004928,4.928,499132.5086418466,4.991325086418466,425.20423940034453
3,H1,Large,B,0.0049727999999999994,4.972799999999999,499115.2905066583,4.991152905066583,425.20294222363833
3,H1,Large,B,0.0050176,5.0176,499098.02847470733,4.9909802847470734,425.20164137708724
3,H1,Large,B,0.0050624,5.0624,499080.7267425329,4.990807267425329,425.20033717761345
3,H1,Large,B,0.0051072,5.1072,499063.38950440177,4.990633895044017,425.19902994201095
3,H1,Large,B,0.0051519999999999995,5.151999999999999,499046.0209521925,4.990460209521925,425.1977199869366
3,H1,Large,B,0.0051968,5.1968,499028.62527527596,4.990286252752759,425.19640762890197
3,H1,Large,B,0.0052416,5.2416,499011.2066603917,4.990112066603917,425.1950931842648
3,H1,Large,B,0.0052864,5.2864,498993.7692915195,4.989937692915195,425.1937769692192
3,H1,Large,B,0.0053311999999999995,5.331199999999999,498976.31734974607,4.989763173497461,425.1924592997859
3,H1,Large,B,0.005376,5.3759999999999994,498958.8550131269,4.989588550131269,425.1911404918033
3,H1,Large,B,0.0054208,5.4208,498941.3864565426,4.989413864565426,425.18982086091586
3,H1,Large,B,0.0054656,5.4656,498923.9158515496,4.989239158515496,425.18850072256413
3,H1,Large,B,0.0055103999999999995,5.5104,498906.447366225,4.98906447366225,425.187180391973
3,H1,Large,B,0.0055552,5.5552,498888.985165005,4.98888985165005,425.18586018414044
3,H1,Large,B,0.0056,5.6,498871.5334085168,4.9887153340851675,425.18454041382455
3,H1,Large,B,0.0056448,5.6448,498854.09625340335,4.988540962534033,425.18322139553163
3,H1,Large,B,0.0056895999999999995,5.6895999999999995,498836.677852141,4.98836677852141,425.1819034435021
3,H1,Large,B,0.0057344,5.7344,498819.2823528491,4.9881928235284905,425.18058687169724
3,H1,Large,B,0.0057792,5.7792,498801.9138990915,4.988019138990915,425.1792719937842
3,H1,Large,B,0.005823999999999999,5.823999999999999,498784.5766296693,4.987845766296693,425.17795912312124
3,H1,Large,B,0.0058687999999999995,5.868799999999999,498767.2746784044,4.987672746784044,425.17664857274127
3,H1,Large,B,0.0059136,5.9136,498750.0121739134,4.987500121739134,425.1753406553363
3,H1,Large,B,0.0059584,5.9584,498732.79323937127,4.987327932393713,425.1740356832392
3,H1,Large,B,0.006003199999999999,6.0032,498715.6219922639,4.987156219922639,425.17273396840585
3,H1,Large,B,0.0060479999999999996,6.047999999999999,498698.50254412944,4.986985025441294,425.17143582239675
3,H1,Large,B,0.0060928,6.0927999999999995,498681.43900028744,4.986814390002874,425.17014155635604
3,H1,Large,B,0.0061376,6.1376,498664.4354595549,4.986644354595549,425.1688514809919
3,H1,Large,B,0.006182399999999999,6.1823999999999995,498647.4960139487,4.986474960139487,425.167565906554
3,H1,Large,B,0.0062272,6.2272,498630.6247483737,4.9863062474837365,425.16628514281086
3,H1,Large,B,0.006272,6.272,498613.82574029523,4.986138257402953,425.16500949902587
3,H1,Large,B,0.0063168,6.3168,498597.10305939533,4.985971030593953,425.1637392839323
3,H1,Large,B,0.006361599999999999,6.361599999999999,498580.4607672118,4.985804607672118,425.16247480570644
3,H1,Large,B,0.0064064,6.4064,498563.9029167584,4.985639029167584,425.16121637194055
3,H1,Large,B,0.0064512,6.4512,498547.4335521259,4.985474335521259,425.1599642896129
3,H1,Large,B,0.006496,6.496,498531.05670806195,4.98531056708062,425.1587188650576
3,H1,Large,B,0.006540799999999999,6.540799999999999,498514.7764095288,4.985147764095288,425.15748040393237
3,H1,Large,B,0.0065856,6.5855999999999995,498498.59667123744,4.984985966712374,425.15624921118416
3,H1,Large,B,0.0066304,6.6304,498482.52149715624,4.984825214971562,425.15502559101355
3,H1,Large,B,0.0066752,6.6752,498466.55487999297,4.98466554879993,425.15380984683725
3,H1,Large,B,0.006719999999999999,6.72,498450.70080064784,4.984507008006479,425.1526022812477
3,H1,Large,B,0.0067648,6.764799999999999,498434.9632276358,4.984349632276357,425.1514031959719
3,H1,Large,B,0.0068096,6.8096,498419.34611647617,4.984193461164762,425.1502128918263
3,H1,Large,B,0.0068544,6.8544,498403.85340904695,4.98403853409047,425.1490316686705
3,H1,Large,B,0.006899199999999999,6.8991999999999996,498388.4890329016,4.983884890329016,425.1478598253573
3,H1,Large,B,0.006944,6.944,498373.2569005454,4.983732569005454,425.14669765968046
3,H1,Large,B,0.0069888,6.9887999999999995,498358.1609086686,4.983581609086686,425.14554546831965
3,H1,Large,B,0.0070336,7.0336,498343.2049373332,4.983432049373332,425.1444035467808
3,H1,Large,B,0.0070783999999999994,7.078399999999999,498328.3928491099,4.983283928491099,425.14327218933437
3,H1,Large,B,0.0071232,7.1232,498313.72848816146,4.9831372848816144,425.1421516889494
3,H1,Large,B,0.007168,7.168,498299.2156792684,4.982992156792684,425.141042337223
3,H1,Large,B,0.007212799999999999,7.2128,498284.8582267926,4.982848582267926,425.13994442430544
3,H1,Large,B,0.0072575999999999995,7.257599999999999,498270.6599135743,4.982706599135743,425.13885823882185
3,H1,Large,B,0.0073024,7.3024,498256.62449975655,4.982566244997566,425.13778406778704
3,H1,Large,B,0.0073472,7.3472,498242.7557215324,4.982427557215324,425.1367221965161
3,H1,Large,B,0.007391999999999999,7.3919999999999995,498229.0572898075,4.982290572898075,425.13567290852814
3,H1,Large,B,0.0074367999999999995,7.4368,498215.53288877185,4.9821553288877185,425.13463648544484
3,H1,Large,B,0.0074816,7.481599999999999,498202.18617437367,4.982021861743736,425.133613206881
3,H1,Large,B,0.0075264,7.5264,498189.0207726857,4.981890207726857,425.1326033503279
3,H1,Large,B,0.007571199999999999,7.571199999999999,498176.04027815687,4.9817604027815685,425.131607191029
3,H1,Large,B,0.0076159999999999995,7.616,498163.2482517378,4.981632482517378,425.13062500184657
3,H1,Large,B,0.0076608,7.6608,498150.6482188703,4.981506482188703,425.1296570531185
3,H1,Large,B,0.0077056,7.7056,498138.24366732844,4.981382436673284,425.12870361250543
3,H1,Large,B,0.007750399999999999,7.750399999999999,498126.03804489854,4.981260380448985,425.1277649448259
3,H1,Large,B,0.0077951999999999995,7.7951999999999995,498114.03475688305,4.9811403475688305,425.1268413118801
3,H1,Large,B,0.00784,7.84,498102.2371634127,4.981022371634126,425.12593297225965
3,H1,Large,B,0.007884799999999999,7.884799999999999,498090.64857654925,4.980906485765493,425.12504018114265
3,H1,Large,B,0.0079296,7.9296,498079.27225715976,4.980792722571597,425.12416319007383
3,H1,Large,B,0.0079744,7.974399999999999,498068.11141153995,4.9806811141153995,425.12330224672655
3,H1,Large,B,0.008019199999999999,8.0192,498057.16918776394,4.980571691877639,425.12245759464605
3,H1,Large,B,0.008064,8.064,498046.44867173315,4.980464486717332,425.1216294729718
3,H1,Large,B,0.0081088,8.108799999999999,498035.95288289565,4.980359528828957,425.12081811613757
3,H1,Large,B,0.0081536,8.1536,498025.68476960337,4.980256847696034,425.12002375354604
3,H1,Large,B,0.0081984,8.1984,498015.646059922,4.98015646059922,425.11924660921585
3,H1,Large,B,0.0082432,8.2432,498005.8230202104,4.980058230202104,425.118486814802
3,H1,Large,B,0.008288,8.288,497996.2182055471,4.979962182055471,425.11774333167864
3,H1,Large,B,0.0083328,8.332799999999999,497986.8340834072,4.979868340834072,425.11701635401994
3,H1,Large,B,0.008377599999999999,8.3776,497977.67302706756,4.979776730270675,425.1163060693643
3,H1,Large,B,0.0084224,8.4224,497968.73744158336,4.979687374415834,425.1156126581136
3,H1,Large,B,0.0084672,8.4672,497960.0297348206,4.979600297348206,425.1149363030677
3,H1,Large,B,0.008512,8.512,497951.55223370146,4.979515522337015,425.114277187231
3,H1,Large,B,0.0085568,8.556799999999999,497943.30717915617,4.979433071791561,425.1136354874722
3,H1,Large,B,0.0086016,8.6016,497935.2967206963,4.979352967206963,425.1130113741414
3,H1,Large,B,0.0086464,8.6464,497927.5229105765,4.979275229105765,425.1124050106576
3,H1,Large,B,0.0086912,8.6912,497919.98769750376,4.979199876975038,425.1118165530661
3,H1,Large,B,0.008735999999999999,8.735999999999999,497912.6929198517,4.979126929198517,425.1112461495611
3,H1,Large,B,0.0087808,8.7808,497905.6402983266,4.979056402983266,425.1106939399707
3,H1,Large,B,0.0088256,8.8256,497898.8314280263,4.978988314280263,425.1101600552014
3,H1,Large,B,0.008870399999999999,8.870399999999998,497892.2677698198,4.978922677698198,425.1096446166348
3,H1,Large,B,0.0089152,8.9152,497885.95064096217,4.978859506409622,425.1091477354751
3,H1,Large,B,0.00896,8.959999999999999,497879.88120483834,4.9787988120483835,425.1086695120369
4,H1,Small,L,0.0,0.0,500000.0,5.0,293.0
4,H1,Small,L,4.48e-05,0.0448,499994.7012729854,4.999947012729853,298.8765034474076
4,H1,Small,L,8.96e-05,0.0896,499989.40254597075,4.9998940254597075,304.6339600610305
4,H1,Small,L,0.0001344,0.1344,499984.1038189561,4.999841038189561,310.27488150124805
4,H1,Small,L,0.0001792,0.1792,499978.8050919415,4.999788050919415,315.8017020130834
4,H1,Small,L,0.000224,0.224,499973.50636492687,4.999735063649268,321.2168021896317
4,H1,Small,L,0.0002688,0.2688,499968.20763791224,4.9996820763791225,326.52251024810363
4,H1,Small,L,0.0003136,0.3136,499962.9089108976,4.999629089108976,331.7211032734959
4,H1,Small,L,0.0003584,0.3584,499957.610183883,4.99957610183883,336.8148084306246
4,H1,Small,L,0.0004032,0.4032,499952.31145686837,4.999523114568683,341.8058041452622
4,H1,Small,L,0.000448,0.448,499947.01272985374,4.999470127298538,346.69622125512024
4,H1,Small,L,0.0004927999999999999,0.49279999999999996,499941.7140028391,4.999417140028391,351.4881441314203
4,H1,Small,L,0.0005376,0.5376,499936.4152758245,4.999364152758245,356.1836117717868
4,H1,Small,L,0.0005824,0.5823999999999999,499931.11654880986,4.999311165488098,360.78461886519193
4,H1,Small,L,0.0006272,0.6272,499925.81782179524,4.999258178217953,365.29311682967244
4,H1,Small,L,0.000672,0.6719999999999999,499920.5190947806,4.999205190947806,369.7110148235271
4,H1,Small,L,0.0007168,0.7168,499915.220367766,4.99915220367766,374.04018073069324
4,H1,Small,L,0.0007616,0.7615999999999999,499909.92164075136,4.999099216407513,378.28244212098707
4,H1,Small,L,0.0008064,0.8064,499904.62291373673,4.999046229137368,382.43958718587936
4,H1,Small,L,0.0008512,0.8512,499899.3241867221,4.998993241867221,386.51336565046404
4,H1,Small,L,0.000896,0.896,499894.0254597075,4.998940254597075,390.5054896622628
4,H1,Small,L,0.0009408,0.9408,499888.72673269286,4.9988872673269285,394.41763465749375
4,H1,Small,L,0.0009855999999999999,0.9855999999999999,499883.42800567823,4.998834280056783,398.25144020541785
4,H1,Small,L,0.0010304,1.0304,499878.1292786636,4.998781292786636,402.0085108313606
4,H1,Small,L,0.0010752,1.0752,499872.830551649,4.99872830551649,405.6904168189927
4,H1,Small,L,0.00112,1.1199999999999999,499867.53182463435,4.9986753182463435,409.2986949924375
4,H1,Small,L,0.0011648,1.1647999999999998,499862.2330976197,4.998622330976198,412.8348494787581
4,H1,Small,L,0.0012096,1.2096,499856.9343706051,4.998569343706051,416.3003524513623
4,H1,Small,L,0.0012544,1.2544,499851.6356435905,4.998516356435904,419.69664485484964
4,H1,Small,L,0.0012992,1.2992,499846.33691657585,4.9984633691657585,423.0251371118087
4,H1,Small,L,0.001344,1.3439999999999999,499841.0381895612,4.998410381895612,425.2568406763107
4,H1,Small,L,0.0013888,1.3888,499831.9303409307,4.998319303409307,425.25644081931773
4,H1,Small,L,0.0014336,1.4336,499811.045457858,4.99811045457858,425.25575350716593
4,H1,Small,L,0.0014784,1.4784,499778.51482742355,4.997785148274236,425.25417741787584
4,H1,Small,L,0.0015232,1.5231999999999999,499734.4693764557,4.997344693764557,425.2517223695672
4,H1,Small,L,0.001568,1.568,499679.0396691894,4.996790396691894,425.2483981051098
4,H1,Small,L,0.0016128,1.6128,499612.35590771784,4.996123559077178,425.24421429376616
4,H1,Small,L,0.0016576,1.6576,499534.5479348481,4.995345479348481,425.2391805330053
4,H1,Small,L,0.0017024,1.7024,499445.7452390292,4.994457452390292,425.23330635046335
4,H1,Small,L,0.0017472,1.7471999999999999,499346.0769610665,4.993460769610665,425.2266012060251
4,H1,Small,L,0.001792,1.792,499235.67190237937,4.992356719023793,425.2190744940058
4,H1,Small,L,0.0018368,1.8368,499114.65853458917,4.991146585345891,425.21073554541726
4,H1,Small,L,0.0018816,1.8816,498983.16501025716,4.9898316501025715,425.20159363030274
4,H1,Small,L,0.0019264,1.9264,498841.3191746124,4.988413191746124,425.1916579601269
4,H1,Small,L,0.0019711999999999998,1.9711999999999998,498689.24857813376,4.986892485781338,425.180937690213
4,H1,Small,L,0.002016,2.016,498527.08048986545,4.985270804898654,425.16944192221433
4,H1,Small,L,0.0020608,2.0608,498354.94191136246,4.983549419113625,425.15717970661564
4,H1,Small,L,0.0021056,2.1056,498172.95959117444,4.9817295959117445,425.1441600452548
4,H1,Small,L,0.0021504,2.1504,497981.2600397882,4.979812600397882,425.13039189386114
4,H1,Small,L,0.0021952,2.1952,497779.9695449586,4.977799695449586,425.1158841646036
4,H1,Small,L,0.00224,2.2399999999999998,497569.2141873666,4.975692141873666,425.1006457286461
4,H1,Small,L,0.0022848,2.2848,497349.1198565498,4.9734911985654975,425.08468541870604
4,H1,Small,L,0.0023296,2.3295999999999997,497119.81226705795,4.97119812267058,425.0680120316107
4,H1,Small,L,0.0023744,2.3744,496881.41697479103,4.96881416974791,425.05063433085326
4,H1,Small,L,0.0024192,2.4192,496634.05939348234,4.966340593934824,425.03256104914124
4,H1,Small,L,0.002464,2.464,496377.8648112938,4.963778648112938,425.0138008909395
4,H1,Small,L,0.0025088,2.5088,496112.9584074936,4.961129584074936,424.99436253500346
4,H1,Small,L,0.0025536,2.5536,495839.4652691904,4.958394652691903,424.97425463690195
4,H1,Small,L,0.0025984,2.5984,495557.5104081002,4.955575104081002,424.9534858315295
4,H1,Small,L,0.0026432,2.6432,495267.218777326,4.95267218777326,424.93206473560554
4,H1,Small,L,0.002688,2.6879999999999997,494968.71528812987,4.949687152881299,424.90999995016017
4,H1,Small,L,0.0027328,2.7328,494662.1248266827,4.946621248266827,424.88730006300676
4,H1,Small,L,0.0027776,2.7776,494347.572270775,4.94347572270775,424.86397365119916
4,H1,Small,L,0.0028224,2.8224,494025.1825064757,4.940251825064757,424.84002928347417
4,H1,Small,L,0.0028672,2.8672,493695.08044472674,4.936950804447267,424.8154755226784
4,H1,Small,L,0.0029119999999999997,2.9119999999999995,493357.39103786176,4.933573910378618,424.79032092817977
4,H1,Small,L,0.0029568,2.9568,493012.2392960389,4.9301223929603895,424.764574058262
4,H1,Small,L,0.0030015999999999997,3.0016,492659.7503035786,4.9265975030357865,424.7382434725032
4,H1,Small,L,0.0030464,3.0463999999999998,492300.04923519667,4.923000492351966,424.71133773413834
4,H1,Small,L,0.0030911999999999997,3.0911999999999997,491933.26137212577,4.919332613721258,424.68386541240375
4,H1,Small,L,0.003136,3.136,491559.51211811707,4.915595121181171,424.65583508486566
4,H1,Small,L,0.0031807999999999997,3.1807999999999996,491178.92701531475,4.911789270153148,424.6272553397313
4,H1,Small,L,0.0032256,3.2256,490791.6317599973,4.907916317599973,424.59813477814214
4,H1,Small,L,0.0032703999999999997,3.2703999999999995,490397.7522181784,4.903977522181784,424.56848201645096
4,H1,Small,L,0.0033152,3.3152,489997.4144410622,4.899974144410622,424.5383056884802
4,H1,Small,L,0.0033599999999999997,3.36,489590.7446803455,4.895907446803455,424.50761444776265
4,H1,Small,L,0.0034048,3.4048,489177.8694033628,4.891778694033628,424.47641696976484
4,H1,Small,L,0.0034495999999999997,3.4495999999999998,488758.9153080665,4.887589153080666,424.4447219540918
4,H1,Small,L,0.0034944,3.4943999999999997,488334.00933783845,4.883340093378385,424.41253812667316
4,H1,Small,L,0.0035391999999999997,3.5391999999999997,487903.27869612543,4.879032786961254,424.3798742419318
4,H1,Small,L,0.003584,3.584,487466.8508608942,4.874668508608942,424.34673908493187
4,H1,Small,L,0.0036287999999999997,3.6287999999999996,487024.8535988992,4.870248535988992,424.31314147350923
4,H1,Small,L,0.0036736,3.6736,486577.4149797581,4.865774149797581,424.27909026038134
4,H1,Small,L,0.0037183999999999997,3.7184,486124.66338982806,4.861246633898281,424.244594335238
4,H1,Small,L,0.0037632,3.7632,485666.72754587786,4.856667275458778,424.2096626268108
4,H1,Small,L,0.0038079999999999998,3.808,485203.7365085486,4.852037365085486,424.17430410492295
4,H1,Small,L,0.0038528,3.8528,484735.8196955967,4.847358196955967,424.1385277825169
4,H1,Small,L,0.0038975999999999998,3.8975999999999997,484263.10689491295,4.84263106894913,424.102342717661
4,H1,Small,L,0.0039423999999999996,3.9423999999999997,483785.7282773104,4.837857282773104,424.06575801553333
4,H1,Small,L,0.0039872,3.9871999999999996,483303.8144090735,4.833038144090735,424.02878283038206
4,H1,Small,L,0.004032,4.032,482817.4962642621,4.828174962642621,423.99142636746376
4,H1,Small,L,0.0040768,4.0768,482326.9052367614,4.823269052367614,423.9536978849553
4,H1,Small,L,0.0041216,4.1216,481832.1731520702,4.818321731520702,423.9156066958425
4,H1,Small,L,0.0041664,4.166399999999999,481333.43227882,4.8133343227882,423.8771621697808
4,H1,Small,L,0.0042112,4.2112,480830.81534001447,4.808308153400144,423.83837373493117
4,H1,Small,L,0.004256,4.256,480324.4555239815,4.803244555239814,423.799250879766
4,H1,Small,L,0.0043008,4.3008,479814.4864950279,4.798144864950279,423.7598031548483
4,H1,Small,L,0.0043456,4.3456,479301.042403787,4.79301042403787,423.7200401745789
4,H1,Small,L,0.0043904,4.3904,478784.2578972486,4.787842578972486,423.67997161891407
4,H1,Small,L,0.004435199999999999,4.435199999999999,478264.2681284605,4.782642681284605,423.63960723504994
4,H1,Small,L,0.00448,4.4799999999999995,477741.2087658906,4.777412087658906,423.598956839074
4,H1,Small,L,0.0045248,4.5248,477215.21600243804,4.772152160024381,423.55803031758114
4,H1,Small,L,0.0045696,4.5696,476686.4265640802,4.766864265640802,423.5168376292538
4,H1,Small,L,0.004614399999999999,4.6144,476154.977718144,4.761549777181441,423.47538880640354
4,H1,Small,L,0.0046592,4.659199999999999,475621.00728118775,4.756210072811878,423.4336939564745
4,H1,Small,L,0.004704,4.704,475084.6536264791,4.750846536264791,423.39176326350423
4,H1,Small,L,0.0047488,4.7488,474546.0556910558,4.745460556910558,423.34960698954325
4,H1,Small,L,0.004793599999999999,4.7936,474005.3529823529,4.740053529823529,423.30723547602867
4,H1,Small,L,0.0048384,4.8384,473462.68558438204,4.73462685584382,423.2646591451125
4,H1,Small,L,0.0048832,4.8831999999999995,472918.194163445,4.72918194163445,423.22188850094034
4,H1,Small,L,0.004928,4.928,472372.01997336565,4.723720199733656,423.1789341308808
4,H1,Small,L,0.0049727999999999994,4.972799999999999,471824.3048602218,4.718243048602218,423.13580670670075
4,H1,Small,L,0.0050176,5.0176,471275.1912665583,4.712751912665583,423.09251698568704
4,H1,Small,L,0.0050624,5.0624,470724.8222350625,4.707248222350625,423.0490758117097
4,H1,Small,L,0.0051072,5.1072,470173.34141168126,4.701733414116813,423.0054941162261
4,H1,Small,L,0.0051519999999999995,5.151999999999999,469620.89304815896,4.69620893048159,422.9617829192222
4,H1,Small,L,0.0051968,5.1968,469067.62200397375,4.690676220039737,422.91795333008923
4,H1,Small,L,0.0052416,5.2416,468513.67374764965,4.685136737476497,422.8740165484323
4,H1,Small,L,0.0052864,5.2864,467959.1943574203,4.679591943574203,422.82998386480824
4,H1,Small,L,0.0053311999999999995,5.331199999999999,467404.3305212191,4.674043305212191,422.7858666613898
4,H1,Small,L,0.005376,5.3759999999999994,466849.22953596956,4.6684922953596955,422.74167641255264
4,H1,Small,L,0.0054208,5.4208,466294.03930614836,4.662940393061484,422.69742468538306
4,H1,Small,L,0.0054656,5.4656,465738.9083415927,4.657389083415927,422.65312314010083
4,H1,Small,L,0.0055103999999999995,5.5104,465183.9857545215,4.651839857545215,422.6087835303963
4,H1,Small,L,0.0055552,5.5552,464629.4212557391,4.646294212557391,422.5644177036756
4,H1,Small,L,0.0056,5.6,464075.3651499887,4.640753651499887,422.5200376012119
4,H1,Small,L,0.0056448,5.6448,463521.9683304204,4.635219683304204,422.4756552581978
4,H1,Small,L,0.0056895999999999995,5.6895999999999995,462969.3822721383,4.629693822721383,422.4312828036953
4,H1,Small,L,0.0057344,5.7344,462417.7590247878,4.624177590247878,422.38693246047836
4,H1,Small,L,0.0057792,5.7792,461867.25120414316,4.618672512041432,422.3426165447635
4,H1,Small,L,0.005823999999999999,5.823999999999999,461318.01198265323,4.6131801198265325,422.29834746582554
4,H1,Small,L,0.0058687999999999995,5.868799999999999,460770.19507890113,4.607701950789012,422.2541377254906
4,H1,Small,L,0.0059136,5.9136,460223.95474593015,4.602239547459302,422.2099999175041
4,H1,Small,L,0.0059584,5.9584,459679.44575838716,4.596794457583871,422.16594672676615
4,H1,Small,L,0.006003199999999999,6.0032,459136.82339843083,4.5913682339843085,422.12199092843036
4,H1,Small,L,0.0060479999999999996,6.047999999999999,458596.24344034924,4.585962434403492,422.07814538686034
4,H1,Small,L,0.0060928,6.0927999999999995,458057.8621338283,4.580578621338283,422.0344230544357
4,H1,Small,L,0.0061376,6.1376,457521.61851934553,4.575216185193455,421.990836970204
4,H1,Small,L,0.006182399999999999,6.1823999999999995,456987.399341388,4.56987399341388,421.94738261144454
4,H1,Small,L,0.0062272,6.2272,456455.3517582128,4.5645535175821275,421.9040511926751
4,H1,Small,L,0.006272,6.272,455925.6233142197,4.559256233142197,421.86085504609883
4,H1,Small,L,0.0063168,6.3168,455398.36191904504,4.553983619190451,421.8178065803383
4,H1,Small,L,0.006361599999999999,6.361599999999999,454873.71582504857,4.548737158250486,421.7749182786333
4,H1,Small,L,0.0064064,6.4064,454351.8336031097,4.543518336031097,421.73220269686215
4,H1,Small,L,0.0064512,6.4512,453832.86411664146,4.538328641166415,421.68967246137504
4,H1,Small,L,0.006496,6.496,453316.95693864085,4.533169569386408,421.6473402666341
4,H1,Small,L,0.006540799999999999,6.540799999999999,452804.26216078305,4.52804262160783,421.60521890898974
4,H1,Small,L,0.0065856,6.5855999999999995,452294.9302024399,4.522949302024399,421.56332127089973
4,H1,Small,L,0.0066304,6.6304,451789.1117866986,4.517891117866986,421.52166030501377
4,H1,Small,L,0.0066752,6.6752,451286.95791490056,4.512869579149005,421.4802490318088
4,H1,Small,L,0.006719999999999999,6.72,450788.61983964074,4.507886198396408,421.43910053704906
4,H1,Small,L,0.0067648,6.764799999999999,450294.24903616216,4.5029424903616215,421.39822796906594
4,H1,Small,L,0.0068096,6.8096,449803.9971720789,4.498039971720789,421.35764453585
4,H1,Small,L,0.0068544,6.8544,449318.01607535576,4.493180160753558,421.31736350194893
4,H1,Small,L,0.006899199999999999,6.8991999999999996,448836.45770046854,4.488364577004686,421.2773981851645
4,H1,Small,L,0.006944,6.944,448359.474092664,4.48359474092664,421.23776195304
4,H1,Small,L,0.0069888,6.9887999999999995,447887.21735023503,4.47887217350235,421.198468219132
4,H1,Small,L,0.0070336,7.0336,447419.83958471846,4.474198395847185,421.15953043905773
4,H1,Small,L,0.0070783999999999994,7.078399999999999,446957.4928789198,4.469574928789198,421.12096210630756
4,H1,Small,L,0.0071232,7.1232,446500.32924266043,4.465003292426604,421.0827767478176
4,H1,Small,L,0.007168,7.168,446048.5005661368,4.460485005661368,421.044987919289
4,H1,Small,L,0.007212799999999999,7.2128,445602.15857077314,4.456021585707731,421.0076092002464
4,H1,Small,L,0.0072575999999999995,7.257599999999999,445161.4547574404,4.451614547574405,420.97065418882386
4,H1,Small,L,0.0073024,7.3024,444726.5403519054,4.4472654035190535,420.93413649626757
4,H1,Small,L,0.0073472,7.3472,444297.5662473623,4.442975662473623,420.89806974114305
4,H1,Small,L,0.007391999999999999,7.3919999999999995,443874.68294388993,4.438746829438899,420.86246754323406
4,H1,Small,L,0.0074367999999999995,7.4368,443458.04048466246,4.434580404846624,420.8273435171209
4,H1,Small,L,0.0074816,7.481599999999999,443047.78838872997,4.4304778838873,420.79271126542153
4,H1,Small,L,0.0075264,7.5264,442644.0755801686,4.426440755801686,420.7585843716817
4,H1,Small,L,0.007571199999999999,7.571199999999999,442247.0503133825,4.422470503133825,420.7249763928966
4,H1,Small,L,0.0076159999999999995,7.616,441856.8600943225,4.418568600943225,420.69190085164627
4,H1,Small,L,0.0076608,7.6608,441473.65159736184,4.414736515973618,420.65937122782515
4,H1,Small,L,0.0077056,7.7056,441097.57057754905,4.41097570577549,420.6274009499445
4,H1,Small,L,0.007750399999999999,7.750399999999999,440728.7617779261,4.407287617779261,420.5960033859854
4,H1,Small,L,0.0077951999999999995,7.7951999999999995,440367.3688315733,4.403673688315733,420.56519183377577
4,H1,Small,L,0.00784,7.84,440013.53415800177,4.400135341580017,420.5349795108649
4,H1,Small,L,0.007884799999999999,7.884799999999999,439667.4676155424,4.396674676155424,420.5053795438649
4,H1,Small,L,0.0079296,7.9296,439329.3415894853,4.393293415894853,420.4764107150568
4,H1,Small,L,0.0079744,7.974399999999999,438999.237617739,4.38999237617739,420.44808868794604
4,H1,Small,L,0.008019199999999999,8.0192,438677.09359085344,4.386770935908534,420.42042152023873
4,H1,Small,L,0.008064,8.064,438363.0465272335,4.383630465272335,420.3934052095946
4,H1,Small,L,0.0081088,8.108799999999999,438057.31502273807,4.380573150227381,420.3670524292449
4,H1,Small,L,0.0081536,8.1536,437760.1070009484,4.377601070009484,420.34138270341555
4,H1,Small,L,0.0081984,8.1984,437471.4573362854,4.374714573362854,420.31641467246806
4,H1,Small,L,0.0082432,8.2432,437191.2728187813,4.371912728187813,420.2921524354387
4,H1,Small,L,0.008288,8.288,436919.7378379188,4.369197378379188,420.26858929179656
4,H1,Small,L,0.0083328,8.332799999999999,436656.7848864539,4.3665678488645385,420.2457418571752
4,H1,Small,L,0.008377599999999999,8.3776,436401.8677021355,4.364018677021355,420.22360553573725
4,H1,Small,L,0.0084224,8.4224,436155.52441975125,4.361555244197513,420.2021353559085
4,H1,Small,L,0.0084672,8.4672,435918.2449857557,4.359182449857557,420.18137762529176
4,H1,Small,L,0.008512,8.512,435689.94678449084,4.356899467844908,420.1613746403195
4,H1,Small,L,0.0085568,8.556799999999999,435470.80089905864,4.3547080089905865,420.1421204361947
4,H1,Small,L,0.0086016,8.6016,435260.603172789,4.352606031727889,420.1236304096744
4,H1,Small,L,0.0086464,8.6464,435059.95811734285,4.350599581173428,420.1058882648393
4,H1,Small,L,0.0086912,8.6912,434868.3122079591,4.348683122079591,420.08894593821543
4,H1,Small,L,0.008735999999999999,8.735999999999999,434686.8153419609,4.346868153419608,420.0727575659975
4,H1,Small,L,0.0087808,8.7808,434514.9102984151,4.345149102984151,420.05742114215286
4,H1,Small,L,0.0088256,8.8256,434352.478195205,4.34352478195205,420.04289042698605
4,H1,Small,L,0.008870399999999999,8.870399999999998,434200.64288168994,4.3420064288169,425.91748238376823
4,H1,Small,L,0.0089152,8.9152,434046.6302079603,4.340466302079603,431.58505669446726
4,H1,Small,L,0.00896,8.959999999999999,433890.51275174785,4.338905127517479,437.05302996523847
5,H1,Small,W,0.0,0.0,500000.0,5.0,293.0
5,H1,Small,W,4.48e-05,0.0448,499994.7012729854,4.999947012729853,298.8765034474076
5,H1,Small,W,8.96e-05,0.0896,499989.40254597075,4.9998940254597075,304.6339600610305
5,H1,Small,W,0.0001344,0.1344,499984.1038189561,4.999841038189561,310.27488150124805
5,H1,Small,W,0.0001792,0.1792,499978.8050919415,4.999788050919415,315.8017020130834
5,H1,Small,W,0.000224,0.224,499973.50636492687,4.999735063649268,321.2168021896317
5,H1,Small,W,0.0002688,0.2688,499968.20763791224,4.9996820763791225,326.52251024810363
5,H1,Small,W,0.0003136,0.3136,499962.9089108976,4.999629089108976,331.7211032734959
5,H1,Small,W,0.0003584,0.3584,499957.610183883,4.99957610183883,336.8148084306246
5,H1,Small,W,0.0004032,0.4032,499952.31145686837,4.999523114568683,341.8058041452622
5,H1,Small,W,0.000448,0.448,499947.01272985374,4.999470127298538,346.69622125512024
5,H1,Small,W,0.0004927999999999999,0.49279999999999996,499941.7140028391,4.999417140028391,351.4881441314203
5,H1,Small,W,0.0005376,0.5376,499936.4152758245,4.999364152758245,356.1836117717868
5,H1,Small,W,0.0005824,0.5823999999999999,499931.11654880986,4.999311165488098,360.78461886519193
5,H1,Small,W,0.0006272,0.6272,499925.81782179524,4.999258178217953,365.29311682967244
5,H1,Small,W,0.000672,0.6719999999999999,499920.5190947806,4.999205190947806,369.7110148235271
5,H1,Small,W,0.0007168,0.7168,499915.220367766,4.99915220367766,374.04018073069324
5,H1,Small,W,0.0007616,0.7615999999999999,499909.92164075136,4.999099216407513,378.28244212098707
5,H1,Small,W,0.0008064,0.8064,499904.62291373673,4.999046229137368,382.43958718587936
5,H1,Small,W,0.0008512,0.8512,499899.3241867221,4.998993241867221,386.51336565046404
5,H1,Small,W,0.000896,0.896,499894.0254597075,4.998940254597075,390.5054896622628
5,H1,Small,W,0.0009408,0.9408,499888.72673269286,4.9988872673269285,394.41763465749375
5,H1,Small,W,0.0009855999999999999,0.9855999999999999,499883.42800567823,4.998834280056783,398.25144020541785
5,H1,Small,W,0.0010304,1.0304,499878.1292786636,4.998781292786636,402.0085108313606
5,H1,Small,W,0.0010752,1.0752,499872.830551649,4.99872830551649,405.6904168189927
5,H1,Small,W,0.00112,1.1199999999999999,499867.53182463435,4.9986753182463435,409.2986949924375
5,H1,Small,W,0.0011648,1.1647999999999998,499862.2330976197,4.998622330976198,412.8348494787581
5,H1,Small,W,0.0012096,1.2096,499856.9343706051,4.998569343706051,416.3003524513623
5,H1,Small,W,0.0012544,1.2544,499851.6356435905,4.998516356435904,419.69664485484964
5,H1,Small,W,0.0012992,1.2992,499846.33691657585,4.9984633691657585,423.0251371118087
5,H1,Small,W,0.001344,1.3439999999999999,499841.0381895612,4.998410381895612,425.2568406763107
5,H1,Small,W,0.0013888,1.3888,499831.9303409307,4.998319303409307,425.25644081931773
5,H1,Small,W,0.0014336,1.4336,499811.045457858,4.99811045457858,425.25575350716593
5,H1,Small,W,0.0014784,1.4784,499778.51482742355,4.997785148274236,425.25417741787584
5,H1,Small,W,0.0015232,1.5231999999999999,499734.4693764557,4.997344693764557,425.2517223695672
5,H1,Small,W,0.001568,1.568,499679.0396691894,4.996790396691894,425.2483981051098
5,H1,Small,W,0.0016128,1.6128,499612.35590771784,4.996123559077178,425.24421429376616
5,H1,Small,W,0.0016576,1.6576,499534.5479348481,4.995345479348481,425.2391805330053
5,H1,Small,W,0.0017024,1.7024,499445.7452390292,4.994457452390292,425.23330635046335
5,H1,Small,W,0.0017472,1.7471999999999999,499346.0769610665,4.993460769610665,425.2266012060251
5,H1,Small,W,0.001792,1.792,499235.67190237937,4.992356719023793,425.2190744940058
5,H1,Small,W,0.0018368,1.8368,499114.65853458917,4.991146585345891,425.21073554541726
5,H1,Small,W,0.0018816,1.8816,498983.16501025716,4.9898316501025715,425.20159363030274
5,H1,Small,W,0.0019264,1.9264,498841.3191746124,4.988413191746124,425.1916579601269
5,H1,Small,W,0.0019711999999999998,1.9711999999999998,498689.24857813376,4.986892485781338,425.180937690213
5,H1,Small,W,0.002016,2.016,498527.08048986545,4.985270804898654,425.16944192221433
5,H1,Small,W,0.0020608,2.0608,498354.94191136246,4.983549419113625,425.15717970661564
5,H1,Small,W,0.0021056,2.1056,498172.95959117444,4.9817295959117445,425.1441600452548
5,H1,Small,W,0.0021504,2.1504,497981.2600397882,4.979812600397882,425.13039189386114
5,H1,Small,W,0.0021952,2.1952,497779.9695449586,4.977799695449586,425.1158841646036
5,H1,Small,W,0.00224,2.2399999999999998,497569.2141873666,4.975692141873666,425.1006457286461
5,H1,Small,W,0.0022848,2.2848,497349.1198565498,4.9734911985654975,425.08468541870604
5,H1,Small,W,0.0023296,2.3295999999999997,497119.81226705795,4.97119812267058,425.0680120316107
5,H1,Small,W,0.0023744,2.3744,496881.41697479103,4.96881416974791,425.05063433085326
5,H1,Small,W,0.0024192,2.4192,496634.05939348234,4.966340593934824,425.03256104914124
5,H1,Small,W,0.002464,2.464,496377.8648112938,4.963778648112938,425.0138008909395
5,H1,Small,W,0.0025088,2.5088,496112.9584074936,4.961129584074936,424.99436253500346
5,H1,Small,W,0.0025536,2.5536,495839.4652691904,4.958394652691903,424.97425463690195
5,H1,Small,W,0.0025984,2.5984,495557.5104081002,4.955575104081002,424.9534858315295
5,H1,Small,W,0.0026432,2.6432,495267.218777326,4.95267218777326,424.93206473560554
5,H1,Small,W,0.002688,2.6879999999999997,494968.71528812987,4.949687152881299,424.90999995016017
5,H1,Small,W,0.0027328,2.7328,494662.1248266827,4.946621248266827,424.88730006300676
5,H1,Small,W,0.0027776,2.7776,494347.572270775,4.94347572270775,424.86397365119916
5,H1,Small,W,0.0028224,2.8224,494025.1825064757,4.940251825064757,424.84002928347417
5,H1,Small,W,0.0028672,2.8672,493695.08044472674,4.936950804447267,424.8154755226784
5,H1,Small,W,0.0029119999999999997,2.9119999999999995,493357.39103786176,4.933573910378618,424.79032092817977
5,H1,Small,W,0.0029568,2.9568,493012.2392960389,4.9301223929603895,424.764574058262
5,H1,Small,W,0.0030015999999999997,3.0016,492659.7503035786,4.9265975030357865,424.7382434725032
5,H1,Small,W,0.0030464,3.0463999999999998,492300.04923519667,4.923000492351966,424.71133773413834
5,H1,Small,W,0.0030911999999999997,3.0911999999999997,491933.26137212577,4.919332613721258,424.68386541240375
5,H1,Small,W,0.003136,3.136,491559.51211811707,4.915595121181171,424.65583508486566
5,H1,Small,W,0.0031807999999999997,3.1807999999999996,491178.92701531475,4.911789270153148,424.6272553397313
5,H1,Small,W,0.0032256,3.2256,490791.6317599973,4.907916317599973,424.59813477814214
5,H1,Small,W,0.0032703999999999997,3.2703999999999995,490397.7522181784,4.903977522181784,424.56848201645096
5,H1,Small,W,0.0033152,3.3152,489997.4144410622,4.899974144410622,424.5383056884802
5,H1,Small,W,0.0033599999999999997,3.36,489590.7446803455,4.895907446803455,424.50761444776265
5,H1,Small,W,0.0034048,3.4048,489177.8694033628,4.891778694033628,424.47641696976484
5,H1,Small,W,0.0034495999999999997,3.4495999999999998,488758.9153080665,4.887589153080666,424.4447219540918
5,H1,Small,W,0.0034944,3.4943999999999997,488334.00933783845,4.883340093378385,424.41253812667316
5,H1,Small,W,0.0035391999999999997,3.5391999999999997,487903.27869612543,4.879032786961254,424.3798742419318
5,H1,Small,W,0.003584,3.584,487466.8508608942,4.874668508608942,424.34673908493187
5,H1,Small,W,0.0036287999999999997,3.6287999999999996,487024.8535988992,4.870248535988992,424.31314147350923
5,H1,Small,W,0.0036736,3.6736,486577.4149797581,4.865774149797581,424.27909026038134
5,H1,Small,W,0.0037183999999999997,3.7184,486124.66338982806,4.861246633898281,424.244594335238
5,H1,Small,W,0.0037632,3.7632,485666.72754587786,4.856667275458778,424.2096626268108
5,H1,Small,W,0.0038079999999999998,3.808,485203.7365085486,4.852037365085486,424.17430410492295
5,H1,Small,W,0.0038528,3.8528,484735.8196955967,4.847358196955967,424.1385277825169
5,H1,Small,W,0.0038975999999999998,3.8975999999999997,484263.10689491295,4.84263106894913,424.102342717661
5,H1,Small,W,0.0039423999999999996,3.9423999999999997,483785.7282773104,4.837857282773104,424.06575801553333
5,H1,Small,W,0.0039872,3.9871999999999996,483303.8144090735,4.833038144090735,424.02878283038206
5,H1,Small,W,0.004032,4.032,482817.4962642621,4.828174962642621,423.99142636746376
5,H1,Small,W,0.0040768,4.0768,482326.9052367614,4.823269052367614,423.9536978849553
5,H1,Small,W,0.0041216,4.1216,481832.1731520702,4.818321731520702,423.9156066958425
5,H1,Small,W,0.0041664,4.166399999999999,481333.43227882,4.8133343227882,423.8771621697808
5,H1,Small,W,0.0042112,4.2112,480830.81534001447,4.808308153400144,423.83837373493117
5,H1,Small,W,0.004256,4.256,480324.4555239815,4.803244555239814,423.799250879766
5,H1,Small,W,0.0043008,4.3008,479814.4864950279,4.798144864950279,423.7598031548483
5,H1,Small,W,0.0043456,4.3456,479301.042403787,4.79301042403787,423.7200401745789
5,H1,Small,W,0.0043904,4.3904,478784.2578972486,4.787842578972486,423.67997161891407
5,H1,Small,W,0.004435199999999999,4.435199999999999,478264.2681284605,4.782642681284605,423.63960723504994
5,H1,Small,W,0.00448,4.4799999999999995,477741.2087658906,4.777412087658906,423.598956839074
5,H1,Small,W,0.0045248,4.5248,477215.21600243804,4.772152160024381,423.55803031758114
5,H1,Small,W,0.0045696,4.5696,476686.4265640802,4.766864265640802,423.5168376292538
5,H1,Small,W,0.004614399999999999,4.6144,476154.977718144,4.761549777181441,423.47538880640354
5,H1,Small,W,0.0046592,4.659199999999999,475621.00728118775,4.756210072811878,423.4336939564745
5,H1,Small,W,0.004704,4.704,475084.6536264791,4.750846536264791,423.39176326350423
5,H1,Small,W,0.0047488,4.7488,474546.0556910558,4.745460556910558,423.34960698954325
5,H1,Small,W,0.004793599999999999,4.7936,474005.3529823529,4.740053529823529,423.30723547602867
5,H1,Small,W,0.0048384,4.8384,473462.68558438204,4.73462685584382,423.2646591451125
5,H1,Small,W,0.0048832,4.8831999999999995,472918.194163445,4.72918194163445,423.22188850094034
5,H1,Small,W,0.004928,4.928,472372.01997336565,4.723720199733656,423.1789341308808
5,H1,Small,W,0.0049727999999999994,4.972799999999999,471824.3048602218,4.718243048602218,423.13580670670075
5,H1,Small,W,0.0050176,5.0176,471275.1912665583,4.712751912665583,423.09251698568704
5,H1,Small,W,0.0050624,5.0624,470724.8222350625,4.707248222350625,423.0490758117097
5,H1,Small,W,0.0051072,5.1072,470173.34141168126,4.701733414116813,423.0054941162261
5,H1,Small,W,0.0051519999999999995,5.151999999999999,469620.89304815896,4.69620893048159,422.9617829192222
5,H1,Small,W,0.0051968,5.1968,469067.62200397375,4.690676220039737,422.91795333008923
5,H1,Small,W,0.0052416,5.2416,468513.67374764965,4.685136737476497,422.8740165484323
5,H1,Small,W,0.0052864,5.2864,467959.1943574203,4.679591943574203,422.82998386480824
5,H1,Small,W,0.0053311999999999995,5.331199999999999,467404.3305212191,4.674043305212191,422.7858666613898
5,H1,Small,W,0.005376,5.3759999999999994,466849.22953596956,4.6684922953596955,422.74167641255264
5,H1,Small,W,0.0054208,5.4208,466294.03930614836,4.662940393061484,422.69742468538306
5,H1,Small,W,0.0054656,5.4656,465738.9083415927,4.657389083415927,422.65312314010083
5,H1,Small,W,0.0055103999999999995,5.5104,465183.9857545215,4.651839857545215,422.6087835303963
5,H1,Small,W,0.0055552,5.5552,464629.4212557391,4.646294212557391,422.5644177036756
5,H1,Small,W,0.0056,5.6,464075.3651499887,4.640753651499887,422.5200376012119
5,H1,Small,W,0.0056448,5.6448,463521.9683304204,4.635219683304204,422.4756552581978
5,H1,Small,W,0.0056895999999999995,5.6895999999999995,462969.3822721383,4.629693822721383,422.4312828036953
5,H1,Small,W,0.0057344,5.7344,462417.7590247878,4.624177590247878,422.38693246047836
5,H1,Small,W,0.0057792,5.7792,461867.25120414316,4.618672512041432,422.3426165447635
5,H1,Small,W,0.005823999999999999,5.823999999999999,461318.01198265323,4.6131801198265325,422.29834746582554
5,H1,Small,W,0.0058687999999999995,5.868799999999999,460770.19507890113,4.607701950789012,422.2541377254906
5,H1,Small,W,0.0059136,5.9136,460223.95474593015,4.602239547459302,422.2099999175041
5,H1,Small,W,0.0059584,5.9584,459679.44575838716,4.596794457583871,422.16594672676615
5,H1,Small,W,0.006003199999999999,6.0032,459136.82339843083,4.5913682339843085,422.12199092843036
5,H1,Small,W,0.0060479999999999996,6.047999999999999,458596.24344034924,4.585962434403492,422.07814538686034
5,H1,Small,W,0.0060928,6.0927999999999995,458057.8621338283,4.580578621338283,422.0344230544357
5,H1,Small,W,0.0061376,6.1376,457521.61851934553,4.575216185193455,421.990836970204
5,H1,Small,W,0.006182399999999999,6.1823999999999995,456987.399341388,4.56987399341388,421.94738261144454
5,H1,Small,W,0.0062272,6.2272,456455.3517582128,4.5645535175821275,421.9040511926751
5,H1,Small,W,0.006272,6.272,455925.6233142197,4.559256233142197,421.86085504609883
5,H1,Small,W,0.0063168,6.3168,455398.36191904504,4.553983619190451,421.8178065803383
5,H1,Small,W,0.006361599999999999,6.361599999999999,454873.71582504857,4.548737158250486,421.7749182786333
5,H1,Small,W,0.0064064,6.4064,454351.8336031097,4.543518336031097,421.73220269686215
5,H1,Small,W,0.0064512,6.4512,453832.86411664146,4.538328641166415,421.68967246137504
5,H1,Small,W,0.006496,6.496,453316.95693864085,4.533169569386408,421.6473402666341
5,H1,Small,W,0.006540799999999999,6.540799999999999,452804.26216078305,4.52804262160783,421.60521890898974
5,H1,Small,W,0.0065856,6.5855999999999995,452294.9302024399,4.522949302024399,421.56332127089973
5,H1,Small,W,0.0066304,6.6304,451789.1117866986,4.517891117866986,421.52166030501377
5,H1,Small,W,0.0066752,6.6752,451286.95791490056,4.512869579149005,421.4802490318088
5,H1,Small,W,0.006719999999999999,6.72,450788.61983964074,4.507886198396408,421.43910053704906
5,H1,Small,W,0.0067648,6.764799999999999,450294.24903616216,4.5029424903616215,421.39822796906594
5,H1,Small,W,0.0068096,6.8096,449803.9971720789,4.498039971720789,421.35764453585
5,H1,Small,W,0.0068544,6.8544,449318.01607535576,4.493180160753558,421.31736350194893
5,H1,Small,W,0.006899199999999999,6.8991999999999996,448836.45770046854,4.488364577004686,421.2773981851645
5,H1,Small,W,0.006944,6.944,448359.474092664,4.48359474092664,421.23776195304
5,H1,Small,W,0.0069888,6.9887999999999995,447887.21735023503,4.47887217350235,421.198468219132
5,H1,Small,W,0.0070336,7.0336,447419.83958471846,4.474198395847185,421.15953043905773
5,H1,Small,W,0.0070783999999999994,7.078399999999999,446957.4928789198,4.469574928789198,421.12096210630756
5,H1,Small,W,0.0071232,7.1232,446500.32924266043,4.465003292426604,421.0827767478176
5,H1,Small,W,0.007168,7.168,446048.5005661368,4.460485005661368,421.044987919289
5,H1,Small,W,0.007212799999999999,7.2128,445602.15857077314,4.456021585707731,421.0076092002464
5,H1,Small,W,0.0072575999999999995,7.257599999999999,445161.4547574404,4.451614547574405,420.97065418882386
5,H1,Small,W,0.0073024,7.3024,444726.5403519054,4.4472654035190535,420.93413649626757
5,H1,Small,W,0.0073472,7.3472,444297.5662473623,4.442975662473623,420.89806974114305
5,H1,Small,W,0.007391999999999999,7.3919999999999995,443874.68294388993,4.438746829438899,420.86246754323406
5,H1,Small,W,0.0074367999999999995,7.4368,443458.04048466246,4.434580404846624,420.8273435171209
5,H1,Small,W,0.0074816,7.481599999999999,443047.78838872997,4.4304778838873,420.79271126542153
5,H1,Small,W,0.0075264,7.5264,442644.0755801686,4.426440755801686,420.7585843716817
5,H1,Small,W,0.007571199999999999,7.571199999999999,442247.0503133825,4.422470503133825,420.7249763928966
5,H1,Small,W,0.0076159999999999995,7.616,441856.8600943225,4.418568600943225,420.69190085164627
5,H1,Small,W,0.0076608,7.6608,441473.65159736184,4.414736515973618,420.65937122782515
5,H1,Small,W,0.0077056,7.7056,441097.57057754905,4.41097570577549,420.6274009499445
5,H1,Small,W,0.007750399999999999,7.750399999999999,440728.7617779261,4.407287617779261,420.5960033859854
5,H1,Small,W,0.0077951999999999995,7.7951999999999995,440367.3688315733,4.403673688315733,420.56519183377577
5,H1,Small,W,0.00784,7.84,440013.53415800177,4.400135341580017,420.5349795108649
5,H1,Small,W,0.007884799999999999,7.884799999999999,439667.4676155424,4.396674676155424,420.5053795438649
5,H1,Small,W,0.0079296,7.9296,439329.3415894853,4.393293415894853,420.4764107150568
5,H1,Small,W,0.0079744,7.974399999999999,438999.237617739,4.38999237617739,420.44808868794604
5,H1,Small,W,0.008019199999999999,8.0192,438677.09359085344,4.386770935908534,420.42042152023873
5,H1,Small,W,0.008064,8.064,438363.0465272335,4.383630465272335,420.3934052095946
5,H1,Small,W,0.0081088,8.108799999999999,438057.31502273807,4.380573150227381,420.3670524292449
5,H1,Small,W,0.0081536,8.1536,437760.1070009484,4.377601070009484,420.34138270341555
5,H1,Small,W,0.0081984,8.1984,437471.4573362854,4.374714573362854,420.31641467246806
5,H1,Small,W,0.0082432,8.2432,437191.2728187813,4.371912728187813,420.2921524354387
5,H1,Small,W,0.008288,8.288,436919.7378379188,4.369197378379188,420.26858929179656
5,H1,Small,W,0.0083328,8.332799999999999,436656.7848864539,4.3665678488645385,420.2457418571752
5,H1,Small,W,0.008377599999999999,8.3776,436401.8677021355,4.364018677021355,420.22360553573725
5,H1,Small,W,0.0084224,8.4224,436155.52441975125,4.361555244197513,420.2021353559085
5,H1,Small,W,0.0084672,8.4672,435918.2449857557,4.359182449857557,420.18137762529176
5,H1,Small,W,0.008512,8.512,435689.94678449084,4.356899467844908,420.1613746403195
5,H1,Small,W,0.0085568,8.556799999999999,435470.80089905864,4.3547080089905865,420.1421204361947
5,H1,Small,W,0.0086016,8.6016,435260.603172789,4.352606031727889,420.1236304096744
5,H1,Small,W,0.0086464,8.6464,435059.95811734285,4.350599581173428,420.1058882648393
5,H1,Small,W,0.0086912,8.6912,434868.3122079591,4.348683122079591,420.08894593821543
5,H1,Small,W,0.008735999999999999,8.735999999999999,434686.8153419609,4.346868153419608,420.0727575659975
5,H1,Small,W,0.0087808,8.7808,434514.9102984151,4.345149102984151,420.05742114215286
5,H1,Small,W,0.0088256,8.8256,434352.478195205,4.34352478195205,420.04289042698605
5,H1,Small,W,0.008870399999999999,8.870399999999998,434200.64288168994,4.3420064288169,425.91748238376823
5,H1,Small,W,0.0089152,8.9152,434046.6302079603,4.340466302079603,431.58505669446726
5,H1,Small,W,0.00896,8.959999999999999,433890.51275174785,4.338905127517479,437.05302996523847
6,H1,Small,B,0.0,0.0,500000.0,5.0,293.0
6,H1,Small,B,4.48e-05,0.0448,499994.7012729854,4.999947012729853,298.8765034474076
6,H1,Small,B,8.96e-05,0.0896,499989.40254597075,4.9998940254597075,304.6339600610305
6,H1,Small,B,0.0001344,0.1344,499984.1038189561,4.999841038189561,310.27488150124805
6,H1,Small,B,0.0001792,0.1792,499978.8050919415,4.999788050919415,315.8017020130834
6,H1,Small,B,0.000224,0.224,499973.50636492687,4.999735063649268,321.2168021896317
6,H1,Small,B,0.0002688,0.2688,499968.20763791224,4.9996820763791225,326.52251024810363
6,H1,Small,B,0.0003136,0.3136,499962.9089108976,4.999629089108976,331.7211032734959
6,H1,Small,B,0.0003584,0.3584,499957.610183883,4.99957610183883,336.8148084306246
6,H1,Small,B,0.0004032,0.4032,499952.31145686837,4.999523114568683,341.8058041452622
6,H1,Small,B,0.000448,0.448,499947.01272985374,4.999470127298538,346.69622125512024
6,H1,Small,B,0.0004927999999999999,0.49279999999999996,499941.7140028391,4.999417140028391,351.4881441314203
6,H1,Small,B,0.0005376,0.5376,499936.4152758245,4.999364152758245,356.1836117717868
6,H1,Small,B,0.0005824,0.5823999999999999,499931.11654880986,4.999311165488098,360.78461886519193
6,H1,Small,B,0.0006272,0.6272,499925.81782179524,4.999258178217953,365.29311682967244
6,H1,Small,B,0.000672,0.6719999999999999,499920.5190947806,4.999205190947806,369.7110148235271
6,H1,Small,B,0.0007168,0.7168,499915.220367766,4.99915220367766,374.04018073069324
6,H1,Small,B,0.0007616,0.7615999999999999,499909.92164075136,4.999099216407513,378.28244212098707
6,H1,Small,B,0.0008064,0.8064,499904.62291373673,4.999046229137368,382.43958718587936
6,H1,Small,B,0.0008512,0.8512,499899.3241867221,4.998993241867221,386.51336565046404
6,H1,Small,B,0.000896,0.896,499894.0254597075,4.998940254597075,390.5054896622628
6,H1,Small,B,0.0009408,0.9408,499888.72673269286,4.9988872673269285,394.41763465749375
6,H1,Small,B,0.0009855999999999999,0.9855999999999999,499883.42800567823,4.998834280056783,398.25144020541785
6,H1,Small,B,0.0010304,1.0304,499878.1292786636,4.998781292786636,402.0085108313606
6,H1,Small,B,0.0010752,1.0752,499872.830551649,4.99872830551649,405.6904168189927
6,H1,Small,B,0.00112,1.1199999999999999,499867.53182463435,4.9986753182463435,409.2986949924375
6,H1,Small,B,0.0011648,1.1647999999999998,499862.2330976197,4.998622330976198,412.8348494787581
6,H1,Small,B,0.0012096,1.2096,499856.9343706051,4.998569343706051,416.3003524513623
6,H1,Small,B,0.0012544,1.2544,499851.6356435905,4.998516356435904,419.69664485484964
6,H1,Small,B,0.0012992,1.2992,499846.33691657585,4.9984633691657585,423.0251371118087
6,H1,Small,B,0.001344,1.3439999999999999,499841.0381895612,4.998410381895612,425.2568406763107
6,H1,Small,B,0.0013888,1.3888,499831.9303409307,4.998319303409307,425.25644081931773
6,H1,Small,B,0.0014336,1.4336,499811.045457858,4.99811045457858,425.25575350716593
6,H1,Small,B,0.0014784,1.4784,499778.51482742355,4.997785148274236,425.25417741787584
6,H1,Small,B,0.0015232,1.5231999999999999,499734.4693764557,4.997344693764557,425.2517223695672
6,H1,Small,B,0.001568,1.568,499679.0396691894,4.996790396691894,425.2483981051098
6,H1,Small,B,0.0016128,1.6128,499612.35590771784,4.996123559077178,425.24421429376616
6,H1,Small,B,0.0016576,1.6576,499534.5479348481,4.995345479348481,425.2391805330053
6,H1,Small,B,0.0017024,1.7024,499445.7452390292,4.994457452390292,425.23330635046335
6,H1,Small,B,0.0017472,1.7471999999999999,499346.0769610665,4.993460769610665,425.2266012060251
6,H1,Small,B,0.001792,1.792,499235.67190237937,4.992356719023793,425.2190744940058
6,H1,Small,B,0.0018368,1.8368,499114.65853458917,4.991146585345891,425.21073554541726
6,H1,Small,B,0.0018816,1.8816,498983.16501025716,4.9898316501025715,425.20159363030274
6,H1,Small,B,0.0019264,1.9264,498841.3191746124,4.988413191746124,425.1916579601269
6,H1,Small,B,0.0019711999999999998,1.9711999999999998,498689.24857813376,4.986892485781338,425.180937690213
6,H1,Small,B,0.002016,2.016,498527.08048986545,4.985270804898654,425.16944192221433
6,H1,Small,B,0.0020608,2.0608,498354.94191136246,4.983549419113625,425.15717970661564
6,H1,Small,B,0.0021056,2.1056,498172.95959117444,4.9817295959117445,425.1441600452548
6,H1,Small,B,0.0021504,2.1504,497981.2600397882,4.979812600397882,425.13039189386114
6,H1,Small,B,0.0021952,2.1952,497779.9695449586,4.977799695449586,425.1158841646036
6,H1,Small,B,0.00224,2.2399999999999998,497569.2141873666,4.975692141873666,425.1006457286461
6,H1,Small,B,0.0022848,2.2848,497349.1198565498,4.9734911985654975,425.08468541870604
6,H1,Small,B,0.0023296,2.3295999999999997,497119.81226705795,4.97119812267058,425.0680120316107
6,H1,Small,B,0.0023744,2.3744,496881.41697479103,4.96881416974791,425.05063433085326
6,H1,Small,B,0.0024192,2.4192,496634.05939348234,4.966340593934824,425.03256104914124
6,H1,Small,B,0.002464,2.464,496377.8648112938,4.963778648112938,425.0138008909395
6,H1,Small,B,0.0025088,2.5088,496112.9584074936,4.961129584074936,424.99436253500346
6,H1,Small,B,0.0025536,2.5536,495839.4652691904,4.958394652691903,424.97425463690195
6,H1,Small,B,0.0025984,2.5984,495557.5104081002,4.955575104081002,424.9534858315295
6,H1,Small,B,0.0026432,2.6432,495267.218777326,4.95267218777326,424.93206473560554
6,H1,Small,B,0.002688,2.6879999999999997,494968.71528812987,4.949687152881299,424.90999995016017
6,H1,Small,B,0.0027328,2.7328,494662.1248266827,4.946621248266827,424.88730006300676
6,H1,Small,B,0.0027776,2.7776,494347.572270775,4.94347572270775,424.86397365119916
6,H1,Small,B,0.0028224,2.8224,494025.1825064757,4.940251825064757,424.84002928347417
6,H1,Small,B,0.0028672,2.8672,493695.08044472674,4.936950804447267,424.8154755226784
6,H1,Small,B,0.0029119999999999997,2.9119999999999995,493357.39103786176,4.933573910378618,424.79032092817977
6,H1,Small,B,0.0029568,2.9568,493012.2392960389,4.9301223929603895,424.764574058262
6,H1,Small,B,0.0030015999999999997,3.0016,492659.7503035786,4.9265975030357865,424.7382434725032
6,H1,Small,B,0.0030464,3.0463999999999998,492300.04923519667,4.923000492351966,424.71133773413834
6,H1,Small,B,0.0030911999999999997,3.0911999999999997,491933.26137212577,4.919332613721258,424.68386541240375
6,H1,Small,B,0.003136,3.136,491559.51211811707,4.915595121181171,424.65583508486566
6,H1,Small,B,0.0031807999999999997,3.1807999999999996,491178.92701531475,4.911789270153148,424.6272553397313
6,H1,Small,B,0.0032256,3.2256,490791.6317599973,4.907916317599973,424.59813477814214
6,H1,Small,B,0.0032703999999999997,3.2703999999999995,490397.7522181784,4.903977522181784,424.56848201645096
6,H1,Small,B,0.0033152,3.3152,489997.4144410622,4.899974144410622,424.5383056884802
6,H1,Small,B,0.0033599999999999997,3.36,489590.7446803455,4.895907446803455,424.50761444776265
6,H1,Small,B,0.0034048,3.4048,489177.8694033628,4.891778694033628,424.47641696976484
6,H1,Small,B,0.0034495999999999997,3.4495999999999998,488758.9153080665,4.887589153080666,424.4447219540918
6,H1,Small,B,0.0034944,3.4943999999999997,488334.00933783845,4.883340093378385,424.41253812667316
6,H1,Small,B,0.0035391999999999997,3.5391999999999997,487903.27869612543,4.879032786961254,424.3798742419318
6,H1,Small,B,0.003584,3.584,487466.8508608942,4.874668508608942,424.34673908493187
6,H1,Small,B,0.0036287999999999997,3.6287999999999996,487024.8535988992,4.870248535988992,424.31314147350923
6,H1,Small,B,0.0036736,3.6736,486577.4149797581,4.865774149797581,424.27909026038134
6,H1,Small,B,0.0037183999999999997,3.7184,486124.66338982806,4.861246633898281,424.244594335238
6,H1,Small,B,0.0037632,3.7632,485666.72754587786,4.856667275458778,424.2096626268108
6,H1,Small,B,0.0038079999999999998,3.808,485203.7365085486,4.852037365085486,424.17430410492295
6,H1,Small,B,0.0038528,3.8528,484735.8196955967,4.847358196955967,424.1385277825169
6,H1,Small,B,0.0038975999999999998,3.8975999999999997,484263.10689491295,4.84263106894913,424.102342717661
6,H1,Small,B,0.0039423999999999996,3.9423999999999997,483785.7282773104,4.837857282773104,424.06575801553333
6,H1,Small,B,0.0039872,3.9871999999999996,483303.8144090735,4.833038144090735,424.02878283038206
6,H1,Small,B,0.004032,4.032,482817.4962642621,4.828174962642621,423.99142636746376
6,H1,Small,B,0.0040768,4.0768,482326.9052367614,4.823269052367614,423.9536978849553
6,H1,Small,B,0.0041216,4.1216,481832.1731520702,4.818321731520702,423.9156066958425
6,H1,Small,B,0.0041664,4.166399999999999,481333.43227882,4.8133343227882,423.8771621697808
6,H1,Small,B,0.0042112,4.2112,480830.81534001447,4.808308153400144,423.83837373493117
6,H1,Small,B,0.004256,4.256,480324.4555239815,4.803244555239814,423.799250879766
6,H1,Small,B,0.0043008,4.3008,479814.4864950279,4.798144864950279,423.7598031548483
6,H1,Small,B,0.0043456,4.3456,479301.042403787,4.79301042403787,423.7200401745789
6,H1,Small,B,0.0043904,4.3904,478784.2578972486,4.787842578972486,423.67997161891407
6,H1,Small,B,0.004435199999999999,4.435199999999999,478264.2681284605,4.782642681284605,423.63960723504994
6,H1,Small,B,0.00448,4.4799999999999995,477741.2087658906,4.777412087658906,423.598956839074
6,H1,Small,B,0.0045248,4.5248,477215.21600243804,4.772152160024381,423.55803031758114
6,H1,Small,B,0.0045696,4.5696,476686.4265640802,4.766864265640802,423.5168376292538
6,H1,Small,B,0.004614399999999999,4.6144,476154.977718144,4.761549777181441,423.47538880640354
6,H1,Small,B,0.0046592,4.659199999999999,475621.00728118775,4.756210072811878,423.4336939564745
6,H1,Small,B,0.004704,4.704,475084.6536264791,4.750846536264791,423.39176326350423
6,H1,Small,B,0.0047488,4.7488,474546.0556910558,4.745460556910558,423.34960698954325
6,H1,Small,B,0.004793599999999999,4.7936,474005.3529823529,4.740053529823529,423.30723547602867
6,H1,Small,B,0.0048384,4.8384,473462.68558438204,4.73462685584382,423.2646591451125
6,H1,Small,B,0.0048832,4.8831999999999995,472918.194163445,4.72918194163445,423.22188850094034
6,H1,Small,B,0.004928,4.928,472372.01997336565,4.723720199733656,423.1789341308808
6,H1,Small,B,0.0049727999999999994,4.972799999999999,471824.3048602218,4.718243048602218,423.13580670670075
6,H1,Small,B,0.0050176,5.0176,471275.1912665583,4.712751912665583,423.09251698568704
6,H1,Small,B,0.0050624,5.0624,470724.8222350625,4.707248222350625,423.0490758117097
6,H1,Small,B,0.0051072,5.1072,470173.34141168126,4.701733414116813,423.0054941162261
6,H1,Small,B,0.0051519999999999995,5.151999999999999,469620.89304815896,4.69620893048159,422.9617829192222
6,H1,Small,B,0.0051968,5.1968,469067.62200397375,4.690676220039737,422.91795333008923
6,H1,Small,B,0.0052416,5.2416,468513.67374764965,4.685136737476497,422.8740165484323
6,H1,Small,B,0.0052864,5.2864,467959.1943574203,4.679591943574203,422.82998386480824
6,H1,Small,B,0.0053311999999999995,5.331199999999999,467404.3305212191,4.674043305212191,422.7858666613898
6,H1,Small,B,0.005376,5.3759999999999994,466849.22953596956,4.6684922953596955,422.74167641255264
6,H1,Small,B,0.0054208,5.4208,466294.03930614836,4.662940393061484,422.69742468538306
6,H1,Small,B,0.0054656,5.4656,465738.9083415927,4.657389083415927,422.65312314010083
6,H1,Small,B,0.0055103999999999995,5.5104,465183.9857545215,4.651839857545215,422.6087835303963
6,H1,Small,B,0.0055552,5.5552,464629.4212557391,4.646294212557391,422.5644177036756
6,H1,Small,B,0.0056,5.6,464075.3651499887,4.640753651499887,422.5200376012119
6,H1,Small,B,0.0056448,5.6448,463521.9683304204,4.635219683304204,422.4756552581978
6,H1,Small,B,0.0056895999999999995,5.6895999999999995,462969.3822721383,4.629693822721383,422.4312828036953
6,H1,Small,B,0.0057344,5.7344,462417.7590247878,4.624177590247878,422.38693246047836
6,H1,Small,B,0.0057792,5.7792,461867.25120414316,4.618672512041432,422.3426165447635
6,H1,Small,B,0.005823999999999999,5.823999999999999,461318.01198265323,4.6131801198265325,422.29834746582554
6,H1,Small,B,0.0058687999999999995,5.868799999999999,460770.19507890113,4.607701950789012,422.2541377254906
6,H1,Small,B,0.0059136,5.9136,460223.95474593015,4.602239547459302,422.2099999175041
6,H1,Small,B,0.0059584,5.9584,459679.44575838716,4.596794457583871,422.16594672676615
6,H1,Small,B,0.006003199999999999,6.0032,459136.82339843083,4.5913682339843085,422.12199092843036
6,H1,Small,B,0.0060479999999999996,6.047999999999999,458596.24344034924,4.585962434403492,422.07814538686034
6,H1,Small,B,0.0060928,6.0927999999999995,458057.8621338283,4.580578621338283,422.0344230544357
6,H1,Small,B,0.0061376,6.1376,457521.61851934553,4.575216185193455,421.990836970204
6,H1,Small,B,0.006182399999999999,6.1823999999999995,456987.399341388,4.56987399341388,421.94738261144454
6,H1,Small,B,0.0062272,6.2272,456455.3517582128,4.5645535175821275,421.9040511926751
6,H1,Small,B,0.006272,6.272,455925.6233142197,4.559256233142197,421.86085504609883
6,H1,Small,B,0.0063168,6.3168,455398.36191904504,4.553983619190451,421.8178065803383
6,H1,Small,B,0.006361599999999999,6.361599999999999,454873.71582504857,4.548737158250486,421.7749182786333
6,H1,Small,B,0.0064064,6.4064,454351.8336031097,4.543518336031097,421.73220269686215
6,H1,Small,B,0.0064512,6.4512,453832.86411664146,4.538328641166415,421.68967246137504
6,H1,Small,B,0.006496,6.496,453316.95693864085,4.533169569386408,421.6473402666341
6,H1,Small,B,0.006540799999999999,6.540799999999999,452804.26216078305,4.52804262160783,421.60521890898974
6,H1,Small,B,0.0065856,6.5855999999999995,452294.9302024399,4.522949302024399,421.56332127089973
6,H1,Small,B,0.0066304,6.6304,451789.1117866986,4.517891117866986,421.52166030501377
6,H1,Small,B,0.0066752,6.6752,451286.95791490056,4.512869579149005,421.4802490318088
6,H1,Small,B,0.006719999999999999,6.72,450788.61983964074,4.507886198396408,421.43910053704906
6,H1,Small,B,0.0067648,6.764799999999999,450294.24903616216,4.5029424903616215,421.39822796906594
6,H1,Small,B,0.0068096,6.8096,449803.9971720789,4.498039971720789,421.35764453585
6,H1,Small,B,0.0068544,6.8544,449318.01607535576,4.493180160753558,421.31736350194893
6,H1,Small,B,0.006899199999999999,6.8991999999999996,448836.45770046854,4.488364577004686,421.2773981851645
6,H1,Small,B,0.006944,6.944,448359.474092664,4.48359474092664,421.23776195304
6,H1,Small,B,0.0069888,6.9887999999999995,447887.21735023503,4.47887217350235,421.198468219132
6,H1,Small,B,0.0070336,7.0336,447419.83958471846,4.474198395847185,421.15953043905773
6,H1,Small,B,0.0070783999999999994,7.078399999999999,446957.4928789198,4.469574928789198,421.12096210630756
6,H1,Small,B,0.0071232,7.1232,446500.32924266043,4.465003292426604,421.0827767478176
6,H1,Small,B,0.007168,7.168,446048.5005661368,4.460485005661368,421.044987919289
6,H1,Small,B,0.007212799999999999,7.2128,445602.15857077314,4.456021585707731,421.0076092002464
6,H1,Small,B,0.0072575999999999995,7.257599999999999,445161.4547574404,4.451614547574405,420.97065418882386
6,H1,Small,B,0.0073024,7.3024,444726.5403519054,4.4472654035190535,420.93413649626757
6,H1,Small,B,0.0073472,7.3472,444297.5662473623,4.442975662473623,420.89806974114305
6,H1,Small,B,0.007391999999999999,7.3919999999999995,443874.68294388993,4.438746829438899,420.86246754323406
6,H1,Small,B,0.0074367999999999995,7.4368,443458.04048466246,4.434580404846624,420.8273435171209
6,H1,Small,B,0.0074816,7.481599999999999,443047.78838872997,4.4304778838873,420.79271126542153
6,H1,Small,B,0.0075264,7.5264,442644.0755801686,4.426440755801686,420.7585843716817
6,H1,Small,B,0.007571199999999999,7.571199999999999,442247.0503133825,4.422470503133825,420.7249763928966
6,H1,Small,B,0.0076159999999999995,7.616,441856.8600943225,4.418568600943225,420.69190085164627
6,H1,Small,B,0.0076608,7.6608,441473.65159736184,4.414736515973618,420.65937122782515
6,H1,Small,B,0.0077056,7.7056,441097.57057754905,4.41097570577549,420.6274009499445
6,H1,Small,B,0.007750399999999999,7.750399999999999,440728.7617779261,4.407287617779261,420.5960033859854
6,H1,Small,B,0.0077951999999999995,7.7951999999999995,440367.3688315733,4.403673688315733,420.56519183377577
6,H1,Small,B,0.00784,7.84,440013.53415800177,4.400135341580017,420.5349795108649
6,H1,Small,B,0.007884799999999999,7.884799999999999,439667.4676155424,4.396674676155424,420.5053795438649
6,H1,Small,B,0.0079296,7.9296,439329.3415894853,4.393293415894853,420.4764107150568
6,H1,Small,B,0.0079744,7.974399999999999,438999.237617739,4.38999237617739,420.44808868794604
6,H1,Small,B,0.008019199999999999,8.0192,438677.09359085344,4.386770935908534,420.42042152023873
6,H1,Small,B,0.008064,8.064,438363.0465272335,4.383630465272335,420.3934052095946
6,H1,Small,B,0.0081088,8.108799999999999,438057.31502273807,4.380573150227381,420.3670524292449
6,H1,Small,B,0.0081536,8.1536,437760.1070009484,4.377601070009484,420.34138270341555
6,H1,Small,B,0.0081984,8.1984,437471.4573362854,4.374714573362854,420.31641467246806
6,H1,Small,B,0.0082432,8.2432,437191.2728187813,4.371912728187813,420.2921524354387
6,H1,Small,B,0.008288,8.288,436919.7378379188,4.369197378379188,420.26858929179656
6,H1,Small,B,0.0083328,8.332799999999999,436656.7848864539,4.3665678488645385,420.2457418571752
6,H1,Small,B,0.008377599999999999,8.3776,436401.8677021355,4.364018677021355,420.22360553573725
6,H1,Small,B,0.0084224,8.4224,436155.52441975125,4.361555244197513,420.2021353559085
6,H1,Small,B,0.0084672,8.4672,435918.2449857557,4.359182449857557,420.18137762529176
6,H1,Small,B,0.008512,8.512,435689.94678449084,4.356899467844908,420.1613746403195
6,H1,Small,B,0.0085568,8.556799999999999,435470.80089905864,4.3547080089905865,420.1421204361947
6,H1,Small,B,0.0086016,8.6016,435260.603172789,4.352606031727889,420.1236304096744
6,H1,Small,B,0.0086464,8.6464,435059.95811734285,4.350599581173428,420.1058882648393
6,H1,Small,B,0.0086912,8.6912,434868.3122079591,4.348683122079591,420.08894593821543
6,H1,Small,B,0.008735999999999999,8.735999999999999,434686.8153419609,4.346868153419608,420.0727575659975
6,H1,Small,B,0.0087808,8.7808,434514.9102984151,4.345149102984151,420.05742114215286
6,H1,Small,B,0.0088256,8.8256,434352.478195205,4.34352478195205,420.04289042698605
6,H1,Small,B,0.008870399999999999,8.870399999999998,434200.64288168994,4.3420064288169,425.91748238376823
6,H1,Small,B,0.0089152,8.9152,434046.6302079603,4.340466302079603,431.58505669446726
6,H1,Small,B,0.00896,8.959999999999999,433890.51275174785,4.338905127517479,437.05302996523847
7,H2,Large,L,0.0,0.0,500000.0,5.0,293.0
7,H2,Large,L,4.48e-05,0.0448,499999.8232346842,4.999998232346842,301.36058064107954
7,H2,Large,L,8.96e-05,0.0896,499999.64646936837,4.999996464693684,309.5447659748302
7,H2,Large,L,0.0001344,0.1344,499999.46970405255,4.999994697040526,317.5564737647888
7,H2,Large,L,0.0001792,0.1792,499999.29293873673,4.999992929387368,325.399497700235
7,H2,Large,L,0.000224,0.224,499999.1161734209,4.999991161734209,333.07754195125455
7,H2,Large,L,0.0002688,0.2688,499998.9394081051,4.999989394081051,340.5942234793995
7,H2,Large,L,0.0003136,0.3136,499998.7626427893,4.999987626427893,347.95307428623215
7,H2,Large,L,0.0003584,0.3584,499998.58587747347,4.999985858774735,355.15754360087396
7,H2,Large,L,0.0004032,0.4032,499998.40911215765,4.9999840911215765,362.21100000777597
7,H2,Large,L,0.000448,0.448,499998.23234684183,4.999982323468418,369.1167335159971
7,H2,Large,L,0.0004927999999999999,0.49279999999999996,499998.055581526,4.99998055581526,375.877957571329
7,H2,Large,L,0.0005376,0.5376,499997.8788162102,4.999978788162102,382.497811012639
7,H2,Large,L,0.0005824,0.5823999999999999,499997.7020508944,4.999977020508944,388.97935997382655
7,H2,Large,L,0.0006272,0.6272,499997.52528557857,4.999975252855785,395.3255997327966
7,H2,Large,L,0.000672,0.6719999999999999,499997.34852026275,4.999973485202627,401.539456508857
7,H2,Large,L,0.0007168,0.7168,499997.17175494693,4.999971717549469,407.62378920993973
7,H2,Large,L,0.0007616,0.7615999999999999,499996.9949896311,4.999969949896311,413.58139113103596
7,H2,Large,L,0.0008064,0.8064,499996.8182243153,4.999968182243153,419.41499160521647
7,H2,Large,L,0.0008512,0.8512,499996.6414589995,4.999966414589995,425.1272576085904
7,H2,Large,L,0.000896,0.896,499996.46469368367,4.999964646936837,425.2681816546865
7,H2,Large,L,0.0009408,0.9408,499995.6209949346,4.999956209949346,425.26816831877613
7,H2,Large,L,0.0009855999999999999,0.9855999999999999,499994.10852542444,4.999941085254244,425.2681046665823
7,H2,Large,L,0.0010304,1.0304,499991.94062232494,4.999919406223249,425.2679905592825
7,H2,Large,L,0.0010752,1.0752,499989.13069226214,4.999891306922621,425.267827002725
7,H2,Large,L,0.00112,1.1199999999999999,499985.6922024552,4.999856922024552,425.267615007853
7,H2,Large,L,0.0011648,1.1647999999999998,499981.6386732076,4.999816386732076,425.26735559004595
7,H2,Large,L,0.0012096,1.2096,499976.9836714988,4.999769836714988,425.2670497685641
7,H2,Large,L,0.0012544,1.2544,499971.7408054784,4.999717408054784,425.26669856607515
7,H2,Large,L,0.0012992,1.2992,499965.92371970695,4.999659237197069,425.2663030082495
7,H2,Large,L,0.001344,1.3439999999999999,499959.546091016,4.99959546091016,425.2658641234108
7,H2,Large,L,0.0013888,1.3888,499952.6216248876,4.999526216248876,425.26538294223303
7,H2,Large,L,0.0014336,1.4336,499945.16405226954,4.999451640522695,425.26486049747774
7,H2,Large,L,0.0014784,1.4784,499937.1871267594,4.999371871267594,425.2642978237626
7,H2,Large,L,0.0015232,1.5231999999999999,499928.704622101,4.99928704622101,425.26369595735827
7,H2,Large,L,0.001568,1.568,499919.73032994726,4.999197303299472,425.26305593600813
7,H2,Large,L,0.0016128,1.6128,499910.2780578506,4.999102780578506,425.26237879876885
7,H2,Large,L,0.0016576,1.6576,499900.3616274481,4.999003616274481,425.2616655858667
7,H2,Large,L,0.0017024,1.7024,499889.9948728142,4.998899948728142,425.2609173385687
7,H2,Large,L,0.0017472,1.7471999999999999,499879.1916389569,4.998791916389569,425.26013509906693
7,H2,Large,L,0.001792,1.792,499867.96578043775,4.998679657804377,425.25931991037277
7,H2,Large,L,0.0018368,1.8368,499856.3311600985,4.998563311600985,425.2584728162198
7,H2,Large,L,0.0018816,1.8816,499844.30164787866,4.998443016478786,425.2575948609755
7,H2,Large,L,0.0019264,1.9264,499831.89111971174,4.998318911197117,425.2566870895591
7,H2,Large,L,0.0019711999999999998,1.9711999999999998,499819.1134564881,4.998191134564881,425.2557505473649
7,H2,Large,L,0.002016,2.016,499805.9825430748,4.998059825430748,425.254786280191
7,H2,Large,L,0.0020608,2.0608,499792.5122673828,4.997925122673828,425.2537953341712
7,H2,Large,L,0.0021056,2.1056,499778.71651947417,4.997787165194742,425.25277875571123
7,H2,Large,L,0.0021504,2.1504,499764.6091907015,4.997646091907015,425.25173759142695
7,H2,Large,L,0.0021952,2.1952,499750.2041728732,4.9975020417287315,425.2506728880854
7,H2,Large,L,0.00224,2.2399999999999998,499735.5153574382,4.997355153574381,425.24958569254676
7,H2,Large,L,0.0022848,2.2848,499720.55663468526,4.997205566346852,425.24847705170845
7,H2,Large,L,0.0023296,2.3295999999999997,499705.34189295047,4.997053418929505,425.24734801244944
7,H2,Large,L,0.0023744,2.3744,499689.8850178288,4.996898850178288,425.2461996215749
7,H2,Large,L,0.0024192,2.4192,499674.1998913846,4.996741998913846,425.2450329257616
7,H2,Large,L,0.002464,2.464,499658.3003913563,4.996583003913563,425.24384897150236
7,H2,Large,L,0.0025088,2.5088,499642.20039035106,4.99642200390351,425.24264880504955
7,H2,Large,L,0.0025536,2.5536,499625.9137550246,4.996259137550246,425.24143347235895
7,H2,Large,L,0.0025984,2.5984,499609.4543452418,4.9960945434524175,425.24020401903033
7,H2,Large,L,0.0026432,2.6432,499592.8360132134,4.995928360132134,425.23896149024796
7,H2,Large,L,0.002688,2.6879999999999997,499576.0726026047,4.995760726026047,425.23770693071816
7,H2,Large,L,0.0027328,2.7328,499559.1779476105,4.995591779476105,425.2364413846048
7,H2,Large,L,0.0027776,2.7776,499542.16587199183,4.995421658719918,425.23516589546216
7,H2,Large,L,0.0028224,2.8224,499525.0501880694,4.995250501880694,425.2338815061641
7,H2,Large,L,0.0028672,2.8672,499507.8446956675,4.995078446956675,425.2325892588302
7,H2,Large,L,0.0029119999999999997,2.9119999999999995,499490.56318100303,4.99490563181003,425.23129019474817
7,H2,Large,L,0.0029568,2.9568,499473.2194155129,4.994732194155129,425.2299853542908
7,H2,Large,L,0.0030015999999999997,3.0016,499455.8271546132,4.994558271546132,425.22867577682945
7,H2,Large,L,0.0030464,3.0463999999999998,499438.40013638214,4.994384001363821,425.2273625006406
7,H2,Large,L,0.0030911999999999997,3.0911999999999997,499420.9520801592,4.994209520801592,425.22604656280777
7,H2,Large,L,0.003136,3.136,499403.49668505136,4.9940349668505135,425.224728999116
7,H2,Large,L,0.0031807999999999997,3.1807999999999996,499386.0476283364,4.9938604762833645,425.22341084393946
7,H2,Large,L,0.0032256,3.2256,499368.61856375285,4.993686185637529,425.222093130121
7,H2,Large,L,0.0032703999999999997,3.2703999999999995,499351.2231196644,4.993512231196644,425.2207768888421
7,H2,Large,L,0.0033152,3.3152,499333.87489708565,4.9933387489708565,425.21946314948497
7,H2,Large,L,0.0033599999999999997,3.36,499316.5874675545,4.993165874675545,425.2181529394818
7,H2,Large,L,0.0034048,3.4048,499299.3743708348,4.992993743708348,425.21684728415346
7,H2,Large,L,0.0034495999999999997,3.4495999999999998,499282.2491124307,4.992822491124307,425.2155472065347
7,H2,Large,L,0.0034944,3.4943999999999997,499265.2251608929,4.992652251608929,425.21425372718517
7,H2,Large,L,0.0035391999999999997,3.5391999999999997,499248.3159448921,4.992483159448922,425.2129678639841
7,H2,Large,L,0.003584,3.584,499231.534850036,4.992315348500361,425.2116906319071
7,H2,Large,L,0.0036287999999999997,3.6287999999999996,499214.89521539805,4.992148952153981,425.2104230427842
7,H2,Large,L,0.0036736,3.6736,499198.41032972623,4.991984103297263,425.2091661050344
7,H2,Large,L,0.0037183999999999997,3.7184,499182.09342729393,4.99182093427294,425.2079208233772
7,H2,Large,L,0.0037632,3.7632,499165.95768334926,4.991659576833492,425.206688198516
7,H2,Large,L,0.0038079999999999998,3.808,499150.01620911475,4.991500162091148,425.20546922679125
7,H2,Large,L,0.0038528,3.8528,499134.2820462807,4.9913428204628065,425.20426489979917
7,H2,Large,L,0.0038975999999999998,3.8975999999999997,499118.76816092856,4.9911876816092855,425.2030762039722
7,H2,Large,L,0.0039423999999999996,3.9423999999999997,499103.4874368106,4.991034874368106,425.20190412011607
7,H2,Large,L,0.0039872,3.9871999999999996,499088.45266790036,4.990884526679004,425.2007496228978
7,H2,Large,L,0.004032,4.032,499073.6765501163,4.990736765501163,425.1996136802784
7,H2,Large,L,0.0040768,4.0768,499059.17167210474,4.990591716721047,425.19849725288344
7,H2,Large,L,0.0041216,4.1216,499044.95050495013,4.990449505049502,425.19740129330125
7,H2,Large,L,0.0041664,4.166399999999999,499031.02539065783,4.9903102539065785,425.19632674530055
7,H2,Large,L,0.0042112,4.2112,499017.40852923086,4.990174085292309,425.1952745429549
7,H2,Large,L,0.004256,4.256,499004.1119641281,4.990041119641281,425.1942456096608
7,H2,Large,L,0.0043008,4.3008,498991.14756585687,4.989911475658569,425.19324085703283
7,H2,Large,L,0.0043456,4.3456,498978.5270134067,4.989785270134067,425.1922611836583
7,H2,Large,L,0.0043904,4.3904,498966.26177317766,4.989662617731777,425.19130747368735
7,H2,Large,L,0.004435199999999999,4.435199999999999,498954.36307499255,4.9895436307499255,425.19038059523484
7,H2,Large,L,0.00448,4.4799999999999995,498942.84188470204,4.98942841884702,425.1894813985608
7,H2,Large,L,0.0045248,4.5248,498931.708872798,4.98931708872798,425.18861071399306
7,H2,Large,L,0.0045696,4.5696,498920.9743783326,4.989209743783326,425.18776934954866
7,H2,Large,L,0.004614399999999999,4.6144,498910.6483672985,4.989106483672985,425.1869580882001
7,H2,Large,L,0.0046592,4.659199999999999,498900.7306580602,4.989007306580602,425.1861776847215
7,H2,Large,L,0.004704,4.704,498891.20780816785,4.988912078081679,425.1854281269373
7,H2,Large,L,0.0047488,4.7488,498882.0878806821,4.988820878806821,425.18470840036383
7,H2,Large,L,0.004793599999999999,4.7936,498873.3786550005,4.9887337865500045,425.18401911579554
7,H2,Large,L,0.0048384,4.8384,498865.0878329662,4.988650878329662,425.1833608625646
7,H2,Large,L,0.0048832,4.8831999999999995,498857.2226047132,4.988572226047133,425.1827342241132
7,H2,Large,L,0.004928,4.928,498849.78958819684,4.988497895881968,425.1821397451745
7,H2,Large,L,0.0049727999999999994,4.972799999999999,498842.7947599234,4.988427947599234,425.18157792719586
7,H2,Large,L,0.0050176,5.0176,498836.2433751921,4.988362433751921,425.18104922309647
7,H2,Large,L,0.0050624,5.0624,498830.13987561484,4.988301398756148,425.1805540312327
7,H2,Large,L,0.0051072,5.1072,498824.4877808036,4.988244877808036,425.1800926884019
7,H2,Large,L,0.0051519999999999995,5.151999999999999,498819.2897169982,4.988192897169982,425.1796654616495
7,H2,Large,L,0.0051968,5.1968,498814.54814291344,4.988145481429134,425.17927255042787
7,H2,Large,L,0.0052416,5.2416,498810.25889519963,4.988102588951996,425.1789141414572
7,H2,Large,L,0.0052864,5.2864,498806.41629749845,4.988064162974984,425.17858992082927
7,H2,Large,L,0.0053311999999999995,5.331199999999999,498802.8798246811,4.988028798246811,434.0095440766638
7,H2,Large,L,0.005376,5.3759999999999994,498799.2698737721,4.987992698737721,442.5519254742663
7,H2,Large,L,0.0054208,5.4208,498795.5888434592,4.987955888434592,450.8153917990661
7,H2,Large,L,0.0054656,5.4656,498791.839052138,4.98791839052138,458.8092631984764
7,H2,Large,L,0.0055103999999999995,5.5104,498788.02274072013,4.987880227407201,466.54253504865125
7,H2,Large,L,0.0055552,5.5552,498784.14207533497,4.98784142075335,474.02388999297284
7,H2,Large,L,0.0056,5.6,498780.1991499307,4.987801991499307,481.2617096170345
7,H2,Large,L,0.0056448,5.6448,498776.19598877855,4.987761959887785,488.2640856114041
7,H2,Large,L,0.0056895999999999995,5.6895999999999995,498772.13454888423,4.9877213454888425,495.0388304784683
7,H2,Large,L,0.0057344,5.7344,498768.01672230964,4.987680167223096,501.5934878040738
7,H2,Large,L,0.0057792,5.7792,498763.84433840937,4.9876384433840935,507.9353421136803
7,H2,Large,L,0.005823999999999999,5.823999999999999,498759.6191659854,4.987596191659854,514.0714283317856
7,H2,Large,L,0.0058687999999999995,5.868799999999999,498755.34291536256,4.987553429153626,520.0085408624657
7,H2,Large,L,0.0059136,5.9136,498751.0172403887,4.987510172403887,525.7532423080013
7,H2,Large,L,0.0059584,5.9584,498746.6437403624,4.987466437403624,531.3118718417301
7,H2,Large,L,0.006003199999999999,6.0032,498742.22396189044,4.987422239618905,536.6905532504726
7,H2,Large,L,0.0060479999999999996,6.047999999999999,498737.75940067915,4.987377594006792,541.8952026611262
7,H2,Large,L,0.0060928,6.0927999999999995,498733.2515032607,4.987332515032607,546.9315359653081
7,H2,Large,L,0.0061376,6.1376,498728.70166865806,4.98728701668658,551.805075955248
7,H2,Large,L,0.006182399999999999,6.1823999999999995,498724.1112499906,4.987241112499905,556.5211591834881
7,H2,Large,L,0.0062272,6.2272,498719.4815560221,4.987194815560221,561.0849425583365
7,H2,Large,L,0.006272,6.272,498714.8138526546,4.987148138526546,565.50140968644
7,H2,Large,L,0.0063168,6.3168,498710.109364369,4.98710109364369,569.7753769732956
7,H2,Large,L,0.006361599999999999,6.361599999999999,498705.369275615,4.987053692756151,573.911499491996
7,H2,Large,L,0.0064064,6.4064,498700.5947321525,4.987005947321525,577.9142766300138
7,H2,Large,L,0.0064512,6.4512,498695.7868423453,4.9869578684234535,581.7880575233601
7,H2,Large,L,0.006496,6.496,498690.9466784107,4.986909466784107,585.5370462870111
7,H2,Large,L,0.006540799999999999,6.540799999999999,498686.07527762454,4.986860752776245,589.1653070500753
7,H2,Large,L,0.0065856,6.5855999999999995,498681.173643485,4.98681173643485,592.6767688037764
7,H2,Large,L,0.0066304,6.6304,498676.24274683587,4.986762427468359,596.075230069951
7,H2,Large,L,0.0066752,6.6752,498671.2835269509,4.986712835269509,599.3643633974
7,H2,Large,L,0.006719999999999999,6.72,498666.2968925812,4.986662968925812,602.5477196930963
7,H2,Large,L,0.0067648,6.764799999999999,498661.2837229659,4.986612837229659,605.6287323949283
7,H2,Large,L,0.0068096,6.8096,498656.2448688087,4.986562448688087,608.6107214923536
7,H2,Large,L,0.0068544,6.8544,498651.1811532208,4.986511811532208,611.4968974010493
7,H2,Large,L,0.006899199999999999,6.8991999999999996,498646.09337263164,4.986460933726317,614.2903646973695
7,H2,Large,L,0.006944,6.944,498640.98229766835,4.986409822976683,616.994125718161
7,H2,Large,L,0.0069888,6.9887999999999995,498635.84867400577,4.986358486740058,619.6110840312398
7,H2,Large,L,0.0070336,7.0336,498630.6932231872,4.986306932231872,622.1440477815976
7,H2,Large,L,0.0070783999999999994,7.078399999999999,498625.51664341736,4.986255166434174,624.5957329181826
7,H2,Large,L,0.0071232,7.1232,498620.3196103288,4.986203196103288,626.9687663058883
7,H2,Large,L,0.007168,7.168,498615.1027777221,4.986151027777221,629.2656887271817
7,H2,Large,L,0.007212799999999999,7.2128,498609.8667782814,4.986098667782814,631.4889577776119
7,H2,Large,L,0.0072575999999999995,7.257599999999999,498604.61222426564,4.986046122242657,633.6409506592556
7,H2,Large,L,0.0073024,7.3024,498599.33970817673,4.985993397081767,635.723966875986
7,H2,Large,L,0.0073472,7.3472,498594.0498034053,4.985940498034053,637.7402308342829
7,H2,Large,L,0.007391999999999999,7.3919999999999995,498588.7430648547,4.985887430648547,639.6918943531492
7,H2,Large,L,0.0074367999999999995,7.4368,498583.42002954433,4.985834200295443,641.581039086545
7,H2,Large,L,0.0074816,7.481599999999999,498578.08121719264,4.985780812171926,643.4096788616123
7,H2,Large,L,0.0075264,7.5264,498572.72713078087,4.985727271307809,645.1797619358239
7,H2,Large,L,0.007571199999999999,7.571199999999999,498567.35825709795,4.985673582570979,646.8931731760647
7,H2,Large,L,0.0076159999999999995,7.616,498561.97506726725,4.985619750672672,648.5517361625273
7,H2,Large,L,0.0076608,7.6608,498556.57801725593,4.98556578017256,650.1572152201876
7,H2,Large,L,0.0077056,7.7056,498551.1675483673,4.985511675483673,651.7113173805144
7,H2,Large,L,0.007750399999999999,7.750399999999999,498545.744087717,4.98545744087717,653.2156942759589
7,H2,Large,L,0.0077951999999999995,7.7951999999999995,498540.30804869335,4.985403080486933,654.6719439696693
7,H2,Large,L,0.00784,7.84,498534.85983140254,4.985348598314025,656.0816127227777
7,H2,Large,L,0.007884799999999999,7.884799999999999,498529.3998230991,4.985293998230991,657.4461967015118
7,H2,Large,L,0.0079296,7.9296,498523.9283986021,4.985239283986021,658.7671436262985
7,H2,Large,L,0.0079744,7.974399999999999,498518.445920698,4.98518445920698,660.0458543649386
7,H2,Large,L,0.008019199999999999,8.0192,498512.9527405296,4.985129527405296,661.2836844718506
7,H2,Large,L,0.008064,8.064,498507.44919797307,4.985074491979731,662.4819456753071
7,H2,Large,L,0.0081088,8.108799999999999,498501.93562200177,4.985019356220017,663.641907314508
7,H2,Large,L,0.0081536,8.1536,498496.4123310387,4.9849641233103865,664.7647977282686
7,H2,Large,L,0.0081984,8.1984,498490.8796332971,4.984908796332971,665.8518055970292
7,H2,Large,L,0.0082432,8.2432,498485.33782711014,4.984853378271102,666.9040812398297
7,H2,Large,L,0.008288,8.288,498479.7872012497,4.984797872012497,667.9227378678291
7,H2,Large,L,0.0083328,8.332799999999999,498474.22803523456,4.984742280352346,668.9088527958909
7,H2,Large,L,0.008377599999999999,8.3776,498468.660599629,4.9846866059962895,669.8634686136976
7,H2,Large,L,0.0084224,8.4224,498463.0851563311,4.984630851563311,670.787594317804
7,H2,Large,L,0.0084672,8.4672,498457.501958852,4.98457501958852,671.682206405984
7,H2,Large,L,0.008512,8.512,498451.9112525861,4.984519112525861,672.5482499351779
7,H2,Large,L,0.0085568,8.556799999999999,498446.31327507226,4.984463132750722,673.3866395442976
7,H2,Large,L,0.0086016,8.6016,498440.70825624646,4.9844070825624645,674.1982604431003
7,H2,Large,L,0.0086464,8.6464,498435.0964186865,4.984350964186865,674.9839693682973
7,H2,Large,L,0.0086912,8.6912,498429.4779778486,4.9842947797784865,675.7445955080241
7,H2,Large,L,0.008735999999999999,8.735999999999999,498423.8531422963,4.984238531422963,676.4809413957514
7,H2,Large,L,0.0087808,8.7808,498418.2221139221,4.984182221139221,677.1937837746843
7,H2,Large,L,0.0088256,8.8256,498412.58508816164,4.984125850881616,677.8838744336537
7,H2,Large,L,0.008870399999999999,8.870399999999998,498406.94225420104,4.98406942254201,678.5519410154698
7,H2,Large,L,0.0089152,8.9152,498401.29379517783,4.984012937951778,679.1986877986745
7,H2,Large,L,0.00896,8.959999999999999,498395.6398883749,4.983956398883749,679.8247964535921
8,H2,Large,W,0.0,0.0,500000.0,5.0,293.0
8,H2,Large,W,4.48e-05,0.0448,499999.8232346842,4.999998232346842,301.36058064107954
8,H2,Large,W,8.96e-05,0.0896,499999.64646936837,4.999996464693684,309.5447659748302
8,H2,Large,W,0.0001344,0.1344,499999.46970405255,4.999994697040526,317.5564737647888
8,H2,Large,W,0.0001792,0.1792,499999.29293873673,4.999992929387368,325.399497700235
8,H2,Large,W,0.000224,0.224,499999.1161734209,4.999991161734209,333.07754195125455
8,H2,Large,W,0.0002688,0.2688,499998.9394081051,4.999989394081051,340.5942234793995
8,H2,Large,W,0.0003136,0.3136,499998.7626427893,4.999987626427893,347.95307428623215
8,H2,Large,W,0.0003584,0.3584,499998.58587747347,4.999985858774735,355.15754360087396
8,H2,Large,W,0.0004032,0.4032,499998.40911215765,4.9999840911215765,362.21100000777597
8,H2,Large,W,0.000448,0.448,499998.23234684183,4.999982323468418,369.1167335159971
8,H2,Large,W,0.0004927999999999999,0.49279999999999996,499998.055581526,4.99998055581526,375.877957571329
8,H2,Large,W,0.0005376,0.5376,499997.8788162102,4.999978788162102,382.497811012639
8,H2,Large,W,0.0005824,0.5823999999999999,499997.7020508944,4.999977020508944,388.97935997382655
8,H2,Large,W,0.0006272,0.6272,499997.52528557857,4.999975252855785,395.3255997327966
8,H2,Large,W,0.000672,0.6719999999999999,499997.34852026275,4.999973485202627,401.539456508857
8,H2,Large,W,0.0007168,0.7168,499997.17175494693,4.999971717549469,407.62378920993973
8,H2,Large,W,0.0007616,0.7615999999999999,499996.9949896311,4.999969949896311,413.58139113103596
8,H2,Large,W,0.0008064,0.8064,499996.8182243153,4.999968182243153,419.41499160521647
8,H2,Large,W,0.0008512,0.8512,499996.6414589995,4.999966414589995,425.1272576085904
8,H2,Large,W,0.000896,0.896,499996.46469368367,4.999964646936837,425.2681816546865
8,H2,Large,W,0.0009408,0.9408,499995.6209949346,4.999956209949346,425.26816831877613
8,H2,Large,W,0.0009855999999999999,0.9855999999999999,499994.10852542444,4.999941085254244,425.2681046665823
8,H2,Large,W,0.0010304,1.0304,499991.94062232494,4.999919406223249,425.2679905592825
8,H2,Large,W,0.0010752,1.0752,499989.13069226214,4.999891306922621,425.267827002725
8,H2,Large,W,0.00112,1.1199999999999999,499985.6922024552,4.999856922024552,425.267615007853
8,H2,Large,W,0.0011648,1.1647999999999998,499981.6386732076,4.999816386732076,425.26735559004595
8,H2,Large,W,0.0012096,1.2096,499976.9836714988,4.999769836714988,425.2670497685641
8,H2,Large,W,0.0012544,1.2544,499971.7408054784,4.999717408054784,425.26669856607515
8,H2,Large,W,0.0012992,1.2992,499965.92371970695,4.999659237197069,425.2663030082495
8,H2,Large,W,0.001344,1.3439999999999999,499959.546091016,4.99959546091016,425.2658641234108
8,H2,Large,W,0.0013888,1.3888,499952.6216248876,4.999526216248876,425.26538294223303
8,H2,Large,W,0.0014336,1.4336,499945.16405226954,4.999451640522695,425.26486049747774
8,H2,Large,W,0.0014784,1.4784,499937.1871267594,4.999371871267594,425.2642978237626
8,H2,Large,W,0.0015232,1.5231999999999999,499928.704622101,4.99928704622101,425.26369595735827
8,H2,Large,W,0.001568,1.568,499919.73032994726,4.999197303299472,425.26305593600813
8,H2,Large,W,0.0016128,1.6128,499910.2780578506,4.999102780578506,425.26237879876885
8,H2,Large,W,0.0016576,1.6576,499900.3616274481,4.999003616274481,425.2616655858667
8,H2,Large,W,0.0017024,1.7024,499889.9948728142,4.998899948728142,425.2609173385687
8,H2,Large,W,0.0017472,1.7471999999999999,499879.1916389569,4.998791916389569,425.26013509906693
8,H2,Large,W,0.001792,1.792,499867.96578043775,4.998679657804377,425.25931991037277
8,H2,Large,W,0.0018368,1.8368,499856.3311600985,4.998563311600985,425.2584728162198
8,H2,Large,W,0.0018816,1.8816,499844.30164787866,4.998443016478786,425.2575948609755
8,H2,Large,W,0.0019264,1.9264,499831.89111971174,4.998318911197117,425.2566870895591
8,H2,Large,W,0.0019711999999999998,1.9711999999999998,499819.1134564881,4.998191134564881,425.2557505473649
8,H2,Large,W,0.002016,2.016,499805.9825430748,4.998059825430748,425.254786280191
8,H2,Large,W,0.0020608,2.0608,499792.5122673828,4.997925122673828,425.2537953341712
8,H2,Large,W,0.0021056,2.1056,499778.71651947417,4.997787165194742,425.25277875571123
8,H2,Large,W,0.0021504,2.1504,499764.6091907015,4.997646091907015,425.25173759142695
8,H2,Large,W,0.0021952,2.1952,499750.2041728732,4.9975020417287315,425.2506728880854
8,H2,Large,W,0.00224,2.2399999999999998,499735.5153574382,4.997355153574381,425.24958569254676
8,H2,Large,W,0.0022848,2.2848,499720.55663468526,4.997205566346852,425.24847705170845
8,H2,Large,W,0.0023296,2.3295999999999997,499705.34189295047,4.997053418929505,425.24734801244944
8,H2,Large,W,0.0023744,2.3744,499689.8850178288,4.996898850178288,425.2461996215749
8,H2,Large,W,0.0024192,2.4192,499674.1998913846,4.996741998913846,425.2450329257616
8,H2,Large,W,0.002464,2.464,499658.3003913563,4.996583003913563,425.24384897150236
8,H2,Large,W,0.0025088,2.5088,499642.20039035106,4.99642200390351,425.24264880504955
8,H2,Large,W,0.0025536,2.5536,499625.9137550246,4.996259137550246,425.24143347235895
8,H2,Large,W,0.0025984,2.5984,499609.4543452418,4.9960945434524175,425.24020401903033
8,H2,Large,W,0.0026432,2.6432,499592.8360132134,4.995928360132134,425.23896149024796
8,H2,Large,W,0.002688,2.6879999999999997,499576.0726026047,4.995760726026047,425.23770693071816
8,H2,Large,W,0.0027328,2.7328,499559.1779476105,4.995591779476105,425.2364413846048
8,H2,Large,W,0.0027776,2.7776,499542.16587199183,4.995421658719918,425.23516589546216
8,H2,Large,W,0.0028224,2.8224,499525.0501880694,4.995250501880694,425.2338815061641
8,H2,Large,W,0.0028672,2.8672,499507.8446956675,4.995078446956675,425.2325892588302
8,H2,Large,W,0.0029119999999999997,2.9119999999999995,499490.56318100303,4.99490563181003,425.23129019474817
8,H2,Large,W,0.0029568,2.9568,499473.2194155129,4.994732194155129,425.2299853542908
8,H2,Large,W,0.0030015999999999997,3.0016,499455.8271546132,4.994558271546132,425.22867577682945
8,H2,Large,W,0.0030464,3.0463999999999998,499438.40013638214,4.994384001363821,425.2273625006406
8,H2,Large,W,0.0030911999999999997,3.0911999999999997,499420.9520801592,4.994209520801592,425.22604656280777
8,H2,Large,W,0.003136,3.136,499403.49668505136,4.9940349668505135,425.224728999116
8,H2,Large,W,0.0031807999999999997,3.1807999999999996,499386.0476283364,4.9938604762833645,425.22341084393946
8,H2,Large,W,0.0032256,3.2256,499368.61856375285,4.993686185637529,425.222093130121
8,H2,Large,W,0.0032703999999999997,3.2703999999999995,499351.2231196644,4.993512231196644,425.2207768888421
8,H2,Large,W,0.0033152,3.3152,499333.87489708565,4.9933387489708565,425.21946314948497
8,H2,Large,W,0.0033599999999999997,3.36,499316.5874675545,4.993165874675545,425.2181529394818
8,H2,Large,W,0.0034048,3.4048,499299.3743708348,4.992993743708348,425.21684728415346
8,H2,Large,W,0.0034495999999999997,3.4495999999999998,499282.2491124307,4.992822491124307,425.2155472065347
8,H2,Large,W,0.0034944,3.4943999999999997,499265.2251608929,4.992652251608929,425.21425372718517
8,H2,Large,W,0.0035391999999999997,3.5391999999999997,499248.3159448921,4.992483159448922,425.2129678639841
8,H2,Large,W,0.003584,3.584,499231.534850036,4.992315348500361,425.2116906319071
8,H2,Large,W,0.0036287999999999997,3.6287999999999996,499214.89521539805,4.992148952153981,425.2104230427842
8,H2,Large,W,0.0036736,3.6736,499198.41032972623,4.991984103297263,425.2091661050344
8,H2,Large,W,0.0037183999999999997,3.7184,499182.09342729393,4.99182093427294,425.2079208233772
8,H2,Large,W,0.0037632,3.7632,499165.95768334926,4.991659576833492,425.206688198516
8,H2,Large,W,0.0038079999999999998,3.808,499150.01620911475,4.991500162091148,425.20546922679125
8,H2,Large,W,0.0038528,3.8528,499134.2820462807,4.9913428204628065,425.20426489979917
8,H2,Large,W,0.0038975999999999998,3.8975999999999997,499118.76816092856,4.9911876816092855,425.2030762039722
8,H2,Large,W,0.0039423999999999996,3.9423999999999997,499103.4874368106,4.991034874368106,425.20190412011607
8,H2,Large,W,0.0039872,3.9871999999999996,499088.45266790036,4.990884526679004,425.2007496228978
8,H2,Large,W,0.004032,4.032,499073.6765501163,4.990736765501163,425.1996136802784
8,H2,Large,W,0.0040768,4.0768,499059.17167210474,4.990591716721047,425.19849725288344
8,H2,Large,W,0.0041216,4.1216,499044.95050495013,4.990449505049502,425.19740129330125
8,H2,Large,W,0.0041664,4.166399999999999,499031.02539065783,4.9903102539065785,425.19632674530055
8,H2,Large,W,0.0042112,4.2112,499017.40852923086,4.990174085292309,425.1952745429549
8,H2,Large,W,0.004256,4.256,499004.1119641281,4.990041119641281,425.1942456096608
8,H2,Large,W,0.0043008,4.3008,498991.14756585687,4.989911475658569,425.19324085703283
8,H2,Large,W,0.0043456,4.3456,498978.5270134067,4.989785270134067,425.1922611836583
8,H2,Large,W,0.0043904,4.3904,498966.26177317766,4.989662617731777,425.19130747368735
8,H2,Large,W,0.004435199999999999,4.435199999999999,498954.36307499255,4.9895436307499255,425.19038059523484
8,H2,Large,W,0.00448,4.4799999999999995,498942.84188470204,4.98942841884702,425.1894813985608
8,H2,Large,W,0.0045248,4.5248,498931.708872798,4.98931708872798,425.18861071399306
8,H2,Large,W,0.0045696,4.5696,498920.9743783326,4.989209743783326,425.18776934954866
8,H2,Large,W,0.004614399999999999,4.6144,498910.6483672985,4.989106483672985,425.1869580882001
8,H2,Large,W,0.0046592,4.659199999999999,498900.7306580602,4.989007306580602,425.1861776847215
8,H2,Large,W,0.004704,4.704,498891.20780816785,4.988912078081679,425.1854281269373
8,H2,Large,W,0.0047488,4.7488,498882.0878806821,4.988820878806821,425.18470840036383
8,H2,Large,W,0.004793599999999999,4.7936,498873.3786550005,4.9887337865500045,425.18401911579554
8,H2,Large,W,0.0048384,4.8384,498865.0878329662,4.988650878329662,425.1833608625646
8,H2,Large,W,0.0048832,4.8831999999999995,498857.2226047132,4.988572226047133,425.1827342241132
8,H2,Large,W,0.004928,4.928,498849.78958819684,4.988497895881968,425.1821397451745
8,H2,Large,W,0.0049727999999999994,4.972799999999999,498842.7947599234,4.988427947599234,425.18157792719586
8,H2,Large,W,0.0050176,5.0176,498836.2433751921,4.988362433751921,425.18104922309647
8,H2,Large,W,0.0050624,5.0624,498830.13987561484,4.988301398756148,425.1805540312327
8,H2,Large,W,0.0051072,5.1072,498824.4877808036,4.988244877808036,425.1800926884019
8,H2,Large,W,0.0051519999999999995,5.151999999999999,498819.2897169982,4.988192897169982,425.1796654616495
8,H2,Large,W,0.0051968,5.1968,498814.54814291344,4.988145481429134,425.17927255042787
8,H2,Large,W,0.0052416,5.2416,498810.25889519963,4.988102588951996,425.1789141414572
8,H2,Large,W,0.0052864,5.2864,498806.41629749845,4.988064162974984,425.17858992082927
8,H2,Large,W,0.0053311999999999995,5.331199999999999,498802.8798246811,4.988028798246811,434.0095440766638
8,H2,Large,W,0.005376,5.3759999999999994,498799.2698737721,4.987992698737721,442.5519254742663
8,H2,Large,W,0.0054208,5.4208,498795.5888434592,4.987955888434592,450.8153917990661
8,H2,Large,W,0.0054656,5.4656,498791.839052138,4.98791839052138,458.8092631984764
8,H2,Large,W,0.0055103999999999995,5.5104,498788.02274072013,4.987880227407201,466.54253504865125
8,H2,Large,W,0.0055552,5.5552,498784.14207533497,4.98784142075335,474.02388999297284
8,H2,Large,W,0.0056,5.6,498780.1991499307,4.987801991499307,481.2617096170345
8,H2,Large,W,0.0056448,5.6448,498776.19598877855,4.987761959887785,488.2640856114041
8,H2,Large,W,0.0056895999999999995,5.6895999999999995,498772.13454888423,4.9877213454888425,495.0388304784683
8,H2,Large,W,0.0057344,5.7344,498768.01672230964,4.987680167223096,501.5934878040738
8,H2,Large,W,0.0057792,5.7792,498763.84433840937,4.9876384433840935,507.9353421136803
8,H2,Large,W,0.005823999999999999,5.823999999999999,498759.6191659854,4.987596191659854,514.0714283317856
8,H2,Large,W,0.0058687999999999995,5.868799999999999,498755.34291536256,4.987553429153626,520.0085408624657
8,H2,Large,W,0.0059136,5.9136,498751.0172403887,4.987510172403887,525.7532423080013
8,H2,Large,W,0.0059584,5.9584,498746.6437403624,4.987466437403624,531.3118718417301
8,H2,Large,W,0.006003199999999999,6.0032,498742.22396189044,4.987422239618905,536.6905532504726
8,H2,Large,W,0.0060479999999999996,6.047999999999999,498737.75940067915,4.987377594006792,541.8952026611262
8,H2,Large,W,0.0060928,6.0927999999999995,498733.2515032607,4.987332515032607,546.9315359653081
8,H2,Large,W,0.0061376,6.1376,498728.70166865806,4.98728701668658,551.805075955248
8,H2,Large,W,0.006182399999999999,6.1823999999999995,498724.1112499906,4.987241112499905,556.5211591834881
8,H2,Large,W,0.0062272,6.2272,498719.4815560221,4.987194815560221,561.0849425583365
8,H2,Large,W,0.006272,6.272,498714.8138526546,4.987148138526546,565.50140968644
8,H2,Large,W,0.0063168,6.3168,498710.109364369,4.98710109364369,569.7753769732956
8,H2,Large,W,0.006361599999999999,6.361599999999999,498705.369275615,4.987053692756151,573.911499491996
8,H2,Large,W,0.0064064,6.4064,498700.5947321525,4.987005947321525,577.9142766300138
8,H2,Large,W,0.0064512,6.4512,498695.7868423453,4.9869578684234535,581.7880575233601
8,H2,Large,W,0.006496,6.496,498690.9466784107,4.986909466784107,585.5370462870111
8,H2,Large,W,0.006540799999999999,6.540799999999999,498686.07527762454,4.986860752776245,589.1653070500753
8,H2,Large,W,0.0065856,6.5855999999999995,498681.173643485,4.98681173643485,592.6767688037764
8,H2,Large,W,0.0066304,6.6304,498676.24274683587,4.986762427468359,596.075230069951
8,H2,Large,W,0.0066752,6.6752,498671.2835269509,4.986712835269509,599.3643633974
8,H2,Large,W,0.006719999999999999,6.72,498666.2968925812,4.986662968925812,602.5477196930963
8,H2,Large,W,0.0067648,6.764799999999999,498661.2837229659,4.986612837229659,605.6287323949283
8,H2,Large,W,0.0068096,6.8096,498656.2448688087,4.986562448688087,608.6107214923536
8,H2,Large,W,0.0068544,6.8544,498651.1811532208,4.986511811532208,611.4968974010493
8,H2,Large,W,0.006899199999999999,6.8991999999999996,498646.09337263164,4.986460933726317,614.2903646973695
8,H2,Large,W,0.006944,6.944,498640.98229766835,4.986409822976683,616.994125718161
8,H2,Large,W,0.0069888,6.9887999999999995,498635.84867400577,4.986358486740058,619.6110840312398
8,H2,Large,W,0.0070336,7.0336,498630.6932231872,4.986306932231872,622.1440477815976
8,H2,Large,W,0.0070783999999999994,7.078399999999999,498625.51664341736,4.986255166434174,624.5957329181826
8,H2,Large,W,0.0071232,7.1232,498620.3196103288,4.986203196103288,626.9687663058883
8,H2,Large,W,0.007168,7.168,498615.1027777221,4.986151027777221,629.2656887271817
8,H2,Large,W,0.007212799999999999,7.2128,498609.8667782814,4.986098667782814,631.4889577776119
8,H2,Large,W,0.0072575999999999995,7.257599999999999,498604.61222426564,4.986046122242657,633.6409506592556
8,H2,Large,W,0.0073024,7.3024,498599.33970817673,4.985993397081767,635.723966875986
8,H2,Large,W,0.0073472,7.3472,498594.0498034053,4.985940498034053,637.7402308342829
8,H2,Large,W,0.007391999999999999,7.3919999999999995,498588.7430648547,4.985887430648547,639.6918943531492
8,H2,Large,W,0.0074367999999999995,7.4368,498583.42002954433,4.985834200295443,641.581039086545
8,H2,Large,W,0.0074816,7.481599999999999,498578.08121719264,4.985780812171926,643.4096788616123
8,H2,Large,W,0.0075264,7.5264,498572.72713078087,4.985727271307809,645.1797619358239
8,H2,Large,W,0.007571199999999999,7.571199999999999,498567.35825709795,4.985673582570979,646.8931731760647
8,H2,Large,W,0.0076159999999999995,7.616,498561.97506726725,4.985619750672672,648.5517361625273
8,H2,Large,W,0.0076608,7.6608,498556.57801725593,4.98556578017256,650.1572152201876
8,H2,Large,W,0.0077056,7.7056,498551.1675483673,4.985511675483673,651.7113173805144
8,H2,Large,W,0.007750399999999999,7.750399999999999,498545.744087717,4.98545744087717,653.2156942759589
8,H2,Large,W,0.0077951999999999995,7.7951999999999995,498540.30804869335,4.985403080486933,654.6719439696693
8,H2,Large,W,0.00784,7.84,498534.85983140254,4.985348598314025,656.0816127227777
8,H2,Large,W,0.007884799999999999,7.884799999999999,498529.3998230991,4.985293998230991,657.4461967015118
8,H2,Large,W,0.0079296,7.9296,498523.9283986021,4.985239283986021,658.7671436262985
8,H2,Large,W,0.0079744,7.974399999999999,498518.445920698,4.98518445920698,660.0458543649386
8,H2,Large,W,0.008019199999999999,8.0192,498512.9527405296,4.985129527405296,661.2836844718506
8,H2,Large,W,0.008064,8.064,498507.44919797307,4.985074491979731,662.4819456753071
8,H2,Large,W,0.0081088,8.108799999999999,498501.93562200177,4.985019356220017,663.641907314508
8,H2,Large,W,0.0081536,8.1536,498496.4123310387,4.9849641233103865,664.7647977282686
8,H2,Large,W,0.0081984,8.1984,498490.8796332971,4.984908796332971,665.8518055970292
8,H2,Large,W,0.0082432,8.2432,498485.33782711014,4.984853378271102,666.9040812398297
8,H2,Large,W,0.008288,8.288,498479.7872012497,4.984797872012497,667.9227378678291
8,H2,Large,W,0.0083328,8.332799999999999,498474.22803523456,4.984742280352346,668.9088527958909
8,H2,Large,W,0.008377599999999999,8.3776,498468.660599629,4.9846866059962895,669.8634686136976
8,H2,Large,W,0.0084224,8.4224,498463.0851563311,4.984630851563311,670.787594317804
8,H2,Large,W,0.0084672,8.4672,498457.501958852,4.98457501958852,671.682206405984
8,H2,Large,W,0.008512,8.512,498451.9112525861,4.984519112525861,672.5482499351779
8,H2,Large,W,0.0085568,8.556799999999999,498446.31327507226,4.984463132750722,673.3866395442976
8,H2,Large,W,0.0086016,8.6016,498440.70825624646,4.9844070825624645,674.1982604431003
8,H2,Large,W,0.0086464,8.6464,498435.0964186865,4.984350964186865,674.9839693682973
8,H2,Large,W,0.0086912,8.6912,498429.4779778486,4.9842947797784865,675.7445955080241
8,H2,Large,W,0.008735999999999999,8.735999999999999,498423.8531422963,4.984238531422963,676.4809413957514
8,H2,Large,W,0.0087808,8.7808,498418.2221139221,4.984182221139221,677.1937837746843
8,H2,Large,W,0.0088256,8.8256,498412.58508816164,4.984125850881616,677.8838744336537
8,H2,Large,W,0.008870399999999999,8.870399999999998,498406.94225420104,4.98406942254201,678.5519410154698
8,H2,Large,W,0.0089152,8.9152,498401.29379517783,4.984012937951778,679.1986877986745
8,H2,Large,W,0.00896,8.959999999999999,498395.6398883749,4.983956398883749,679.8247964535921
9,H2,Large,B,0.0,0.0,500000.0,5.0,293.0
9,H2,Large,B,4.48e-05,0.0448,499999.8232346842,4.999998232346842,301.36058064107954
9,H2,Large,B,8.96e-05,0.0896,499999.64646936837,4.999996464693684,309.5447659748302
9,H2,Large,B,0.0001344,0.1344,499999.46970405255,4.999994697040526,317.5564737647888
9,H2,Large,B,0.0001792,0.1792,499999.29293873673,4.999992929387368,325.399497700235
9,H2,Large,B,0.000224,0.224,499999.1161734209,4.999991161734209,333.07754195125455
9,H2,Large,B,0.0002688,0.2688,499998.9394081051,4.999989394081051,340.5942234793995
9,H2,Large,B,0.0003136,0.3136,499998.7626427893,4.999987626427893,347.95307428623215
9,H2,Large,B,0.0003584,0.3584,499998.58587747347,4.999985858774735,355.15754360087396
9,H2,Large,B,0.0004032,0.4032,499998.40911215765,4.9999840911215765,362.21100000777597
9,H2,Large,B,0.000448,0.448,499998.23234684183,4.999982323468418,369.1167335159971
9,H2,Large,B,0.0004927999999999999,0.49279999999999996,499998.055581526,4.99998055581526,375.877957571329
9,H2,Large,B,0.0005376,0.5376,499997.8788162102,4.999978788162102,382.497811012639
9,H2,Large,B,0.0005824,0.5823999999999999,499997.7020508944,4.999977020508944,388.97935997382655
9,H2,Large,B,0.0006272,0.6272,499997.52528557857,4.999975252855785,395.3255997327966
9,H2,Large,B,0.000672,0.6719999999999999,499997.34852026275,4.999973485202627,401.539456508857
9,H2,Large,B,0.0007168,0.7168,499997.17175494693,4.999971717549469,407.62378920993973
9,H2,Large,B,0.0007616,0.7615999999999999,499996.9949896311,4.999969949896311,413.58139113103596
9,H2,Large,B,0.0008064,0.8064,499996.8182243153,4.999968182243153,419.41499160521647
9,H2,Large,B,0.0008512,0.8512,499996.6414589995,4.999966414589995,425.1272576085904
9,H2,Large,B,0.000896,0.896,499996.46469368367,4.999964646936837,425.2681816546865
9,H2,Large,B,0.0009408,0.9408,499995.6209949346,4.999956209949346,425.26816831877613
9,H2,Large,B,0.0009855999999999999,0.9855999999999999,499994.10852542444,4.999941085254244,425.2681046665823
9,H2,Large,B,0.0010304,1.0304,499991.94062232494,4.999919406223249,425.2679905592825
9,H2,Large,B,0.0010752,1.0752,499989.13069226214,4.999891306922621,425.267827002725
9,H2,Large,B,0.00112,1.1199999999999999,499985.6922024552,4.999856922024552,425.267615007853
9,H2,Large,B,0.0011648,1.1647999999999998,499981.6386732076,4.999816386732076,425.26735559004595
9,H2,Large,B,0.0012096,1.2096,499976.9836714988,4.999769836714988,425.2670497685641
9,H2,Large,B,0.0012544,1.2544,499971.7408054784,4.999717408054784,425.26669856607515
9,H2,Large,B,0.0012992,1.2992,499965.92371970695,4.999659237197069,425.2663030082495
9,H2,Large,B,0.001344,1.3439999999999999,499959.546091016,4.99959546091016,425.2658641234108
9,H2,Large,B,0.0013888,1.3888,499952.6216248876,4.999526216248876,425.26538294223303
9,H2,Large,B,0.0014336,1.4336,499945.16405226954,4.999451640522695,425.26486049747774
9,H2,Large,B,0.0014784,1.4784,499937.1871267594,4.999371871267594,425.2642978237626
9,H2,Large,B,0.0015232,1.5231999999999999,499928.704622101,4.99928704622101,425.26369595735827
9,H2,Large,B,0.001568,1.568,499919.73032994726,4.999197303299472,425.26305593600813
9,H2,Large,B,0.0016128,1.6128,499910.2780578506,4.999102780578506,425.26237879876885
9,H2,Large,B,0.0016576,1.6576,499900.3616274481,4.999003616274481,425.2616655858667
9,H2,Large,B,0.0017024,1.7024,499889.9948728142,4.998899948728142,425.2609173385687
9,H2,Large,B,0.0017472,1.7471999999999999,499879.1916389569,4.998791916389569,425.26013509906693
9,H2,Large,B,0.001792,1.792,499867.96578043775,4.998679657804377,425.25931991037277
9,H2,Large,B,0.0018368,1.8368,499856.3311600985,4.998563311600985,425.2584728162198
9,H2,Large,B,0.0018816,1.8816,499844.30164787866,4.998443016478786,425.2575948609755
9,H2,Large,B,0.0019264,1.9264,499831.89111971174,4.998318911197117,425.2566870895591
9,H2,Large,B,0.0019711999999999998,1.9711999999999998,499819.1134564881,4.998191134564881,425.2557505473649
9,H2,Large,B,0.002016,2.016,499805.9825430748,4.998059825430748,425.254786280191
9,H2,Large,B,0.0020608,2.0608,499792.5122673828,4.997925122673828,425.2537953341712
9,H2,Large,B,0.0021056,2.1056,499778.71651947417,4.997787165194742,425.25277875571123
9,H2,Large,B,0.0021504,2.1504,499764.6091907015,4.997646091907015,425.25173759142695
9,H2,Large,B,0.0021952,2.1952,499750.2041728732,4.9975020417287315,425.2506728880854
9,H2,Large,B,0.00224,2.2399999999999998,499735.5153574382,4.997355153574381,425.24958569254676
9,H2,Large,B,0.0022848,2.2848,499720.55663468526,4.997205566346852,425.24847705170845
9,H2,Large,B,0.0023296,2.3295999999999997,499705.34189295047,4.997053418929505,425.24734801244944
9,H2,Large,B,0.0023744,2.3744,499689.8850178288,4.996898850178288,425.2461996215749
9,H2,Large,B,0.0024192,2.4192,499674.1998913846,4.996741998913846,425.2450329257616
9,H2,Large,B,0.002464,2.464,499658.3003913563,4.996583003913563,425.24384897150236
9,H2,Large,B,0.0025088,2.5088,499642.20039035106,4.99642200390351,425.24264880504955
9,H2,Large,B,0.0025536,2.5536,499625.9137550246,4.996259137550246,425.24143347235895
9,H2,Large,B,0.0025984,2.5984,499609.4543452418,4.9960945434524175,425.24020401903033
9,H2,Large,B,0.0026432,2.6432,499592.8360132134,4.995928360132134,425.23896149024796
9,H2,Large,B,0.002688,2.6879999999999997,499576.0726026047,4.995760726026047,425.23770693071816
9,H2,Large,B,0.0027328,2.7328,499559.1779476105,4.995591779476105,425.2364413846048
9,H2,Large,B,0.0027776,2.7776,499542.16587199183,4.995421658719918,425.23516589546216
9,H2,Large,B,0.0028224,2.8224,499525.0501880694,4.995250501880694,425.2338815061641
9,H2,Large,B,0.0028672,2.8672,499507.8446956675,4.995078446956675,425.2325892588302
9,H2,Large,B,0.0029119999999999997,2.9119999999999995,499490.56318100303,4.99490563181003,425.23129019474817
9,H2,Large,B,0.0029568,2.9568,499473.2194155129,4.994732194155129,425.2299853542908
9,H2,Large,B,0.0030015999999999997,3.0016,499455.8271546132,4.994558271546132,425.22867577682945
9,H2,Large,B,0.0030464,3.0463999999999998,499438.40013638214,4.994384001363821,425.2273625006406
9,H2,Large,B,0.0030911999999999997,3.0911999999999997,499420.9520801592,4.994209520801592,425.22604656280777
9,H2,Large,B,0.003136,3.136,499403.49668505136,4.9940349668505135,425.224728999116
9,H2,Large,B,0.0031807999999999997,3.1807999999999996,499386.0476283364,4.9938604762833645,425.22341084393946
9,H2,Large,B,0.0032256,3.2256,499368.61856375285,4.993686185637529,425.222093130121
9,H2,Large,B,0.0032703999999999997,3.2703999999999995,499351.2231196644,4.993512231196644,425.2207768888421
9,H2,Large,B,0.0033152,3.3152,499333.87489708565,4.9933387489708565,425.21946314948497
9,H2,Large,B,0.0033599999999999997,3.36,499316.5874675545,4.993165874675545,425.2181529394818
9,H2,Large,B,0.0034048,3.4048,499299.3743708348,4.992993743708348,425.21684728415346
9,H2,Large,B,0.0034495999999999997,3.4495999999999998,499282.2491124307,4.992822491124307,425.2155472065347
9,H2,Large,B,0.0034944,3.4943999999999997,499265.2251608929,4.992652251608929,425.21425372718517
9,H2,Large,B,0.0035391999999999997,3.5391999999999997,499248.3159448921,4.992483159448922,425.2129678639841
9,H2,Large,B,0.003584,3.584,499231.534850036,4.992315348500361,425.2116906319071
9,H2,Large,B,0.0036287999999999997,3.6287999999999996,499214.89521539805,4.992148952153981,425.2104230427842
9,H2,Large,B,0.0036736,3.6736,499198.41032972623,4.991984103297263,425.2091661050344
9,H2,Large,B,0.0037183999999999997,3.7184,499182.09342729393,4.99182093427294,425.2079208233772
9,H2,Large,B,0.0037632,3.7632,499165.95768334926,4.991659576833492,425.206688198516
9,H2,Large,B,0.0038079999999999998,3.808,499150.01620911475,4.991500162091148,425.20546922679125
9,H2,Large,B,0.0038528,3.8528,499134.2820462807,4.9913428204628065,425.20426489979917
9,H2,Large,B,0.0038975999999999998,3.8975999999999997,499118.76816092856,4.9911876816092855,425.2030762039722
9,H2,Large,B,0.0039423999999999996,3.9423999999999997,499103.4874368106,4.991034874368106,425.20190412011607
9,H2,Large,B,0.0039872,3.9871999999999996,499088.45266790036,4.990884526679004,425.2007496228978
9,H2,Large,B,0.004032,4.032,499073.6765501163,4.990736765501163,425.1996136802784
9,H2,Large,B,0.0040768,4.0768,499059.17167210474,4.990591716721047,425.19849725288344
9,H2,Large,B,0.0041216,4.1216,499044.95050495013,4.990449505049502,425.19740129330125
9,H2,Large,B,0.0041664,4.166399999999999,499031.02539065783,4.9903102539065785,425.19632674530055
9,H2,Large,B,0.0042112,4.2112,499017.40852923086,4.990174085292309,425.1952745429549
9,H2,Large,B,0.004256,4.256,499004.1119641281,4.990041119641281,425.1942456096608
9,H2,Large,B,0.0043008,4.3008,498991.14756585687,4.989911475658569,425.19324085703283
9,H2,Large,B,0.0043456,4.3456,498978.5270134067,4.989785270134067,425.1922611836583
9,H2,Large,B,0.0043904,4.3904,498966.26177317766,4.989662617731777,425.19130747368735
9,H2,Large,B,0.004435199999999999,4.435199999999999,498954.36307499255,4.9895436307499255,425.19038059523484
9,H2,Large,B,0.00448,4.4799999999999995,498942.84188470204,4.98942841884702,425.1894813985608
9,H2,Large,B,0.0045248,4.5248,498931.708872798,4.98931708872798,425.18861071399306
9,H2,Large,B,0.0045696,4.5696,498920.9743783326,4.989209743783326,425.18776934954866
9,H2,Large,B,0.004614399999999999,4.6144,498910.6483672985,4.989106483672985,425.1869580882001
9,H2,Large,B,0.0046592,4.659199999999999,498900.7306580602,4.989007306580602,425.1861776847215
9,H2,Large,B,0.004704,4.704,498891.20780816785,4.988912078081679,425.1854281269373
9,H2,Large,B,0.0047488,4.7488,498882.0878806821,4.988820878806821,425.18470840036383
9,H2,Large,B,0.004793599999999999,4.7936,498873.3786550005,4.9887337865500045,425.18401911579554
9,H2,Large,B,0.0048384,4.8384,498865.0878329662,4.988650878329662,425.1833608625646
9,H2,Large,B,0.0048832,4.8831999999999995,498857.2226047132,4.988572226047133,425.1827342241132
9,H2,Large,B,0.004928,4.928,498849.78958819684,4.988497895881968,425.1821397451745
9,H2,Large,B,0.0049727999999999994,4.972799999999999,498842.7947599234,4.988427947599234,425.18157792719586
9,H2,Large,B,0.0050176,5.0176,498836.2433751921,4.988362433751921,425.18104922309647
9,H2,Large,B,0.0050624,5.0624,498830.13987561484,4.988301398756148,425.1805540312327
9,H2,Large,B,0.0051072,5.1072,498824.4877808036,4.988244877808036,425.1800926884019
9,H2,Large,B,0.0051519999999999995,5.151999999999999,498819.2897169982,4.988192897169982,425.1796654616495
9,H2,Large,B,0.0051968,5.1968,498814.54814291344,4.988145481429134,425.17927255042787
9,H2,Large,B,0.0052416,5.2416,498810.25889519963,4.988102588951996,425.1789141414572
9,H2,Large,B,0.0052864,5.2864,498806.41629749845,4.988064162974984,425.17858992082927
9,H2,Large,B,0.0053311999999999995,5.331199999999999,498802.8798246811,4.988028798246811,434.0095440766638
9,H2,Large,B,0.005376,5.3759999999999994,498799.2698737721,4.987992698737721,442.5519254742663
9,H2,Large,B,0.0054208,5.4208,498795.5888434592,4.987955888434592,450.8153917990661
9,H2,Large,B,0.0054656,5.4656,498791.839052138,4.98791839052138,458.8092631984764
9,H2,Large,B,0.0055103999999999995,5.5104,498788.02274072013,4.987880227407201,466.54253504865125
9,H2,Large,B,0.0055552,5.5552,498784.14207533497,4.98784142075335,474.02388999297284
9,H2,Large,B,0.0056,5.6,498780.1991499307,4.987801991499307,481.2617096170345
9,H2,Large,B,0.0056448,5.6448,498776.19598877855,4.987761959887785,488.2640856114041
9,H2,Large,B,0.0056895999999999995,5.6895999999999995,498772.13454888423,4.9877213454888425,495.0388304784683
9,H2,Large,B,0.0057344,5.7344,498768.01672230964,4.987680167223096,501.5934878040738
9,H2,Large,B,0.0057792,5.7792,498763.84433840937,4.9876384433840935,507.9353421136803
9,H2,Large,B,0.005823999999999999,5.823999999999999,498759.6191659854,4.987596191659854,514.0714283317856
9,H2,Large,B,0.0058687999999999995,5.868799999999999,498755.34291536256,4.987553429153626,520.0085408624657
9,H2,Large,B,0.0059136,5.9136,498751.0172403887,4.987510172403887,525.7532423080013
9,H2,Large,B,0.0059584,5.9584,498746.6437403624,4.987466437403624,531.3118718417301
9,H2,Large,B,0.006003199999999999,6.0032,498742.22396189044,4.987422239618905,536.6905532504726
9,H2,Large,B,0.0060479999999999996,6.047999999999999,498737.75940067915,4.987377594006792,541.8952026611262
9,H2,Large,B,0.0060928,6.0927999999999995,498733.2515032607,4.987332515032607,546.9315359653081
9,H2,Large,B,0.0061376,6.1376,498728.70166865806,4.98728701668658,551.805075955248
9,H2,Large,B,0.006182399999999999,6.1823999999999995,498724.1112499906,4.987241112499905,556.5211591834881
9,H2,Large,B,0.0062272,6.2272,498719.4815560221,4.987194815560221,561.0849425583365
9,H2,Large,B,0.006272,6.272,498714.8138526546,4.987148138526546,565.50140968644
9,H2,Large,B,0.0063168,6.3168,498710.109364369,4.98710109364369,569.7753769732956
9,H2,Large,B,0.006361599999999999,6.361599999999999,498705.369275615,4.987053692756151,573.911499491996
9,H2,Large,B,0.0064064,6.4064,498700.5947321525,4.987005947321525,577.9142766300138
9,H2,Large,B,0.0064512,6.4512,498695.7868423453,4.9869578684234535,581.7880575233601
9,H2,Large,B,0.006496,6.496,498690.9466784107,4.986909466784107,585.5370462870111
9,H2,Large,B,0.006540799999999999,6.540799999999999,498686.07527762454,4.986860752776245,589.1653070500753
9,H2,Large,B,0.0065856,6.5855999999999995,498681.173643485,4.98681173643485,592.6767688037764
9,H2,Large,B,0.0066304,6.6304,498676.24274683587,4.986762427468359,596.075230069951
9,H2,Large,B,0.0066752,6.6752,498671.2835269509,4.986712835269509,599.3643633974
9,H2,Large,B,0.006719999999999999,6.72,498666.2968925812,4.986662968925812,602.5477196930963
9,H2,Large,B,0.0067648,6.764799999999999,498661.2837229659,4.986612837229659,605.6287323949283
9,H2,Large,B,0.0068096,6.8096,498656.2448688087,4.986562448688087,608.6107214923536
9,H2,Large,B,0.0068544,6.8544,498651.1811532208,4.986511811532208,611.4968974010493
9,H2,Large,B,0.006899199999999999,6.8991999999999996,498646.09337263164,4.986460933726317,614.2903646973695
9,H2,Large,B,0.006944,6.944,498640.98229766835,4.986409822976683,616.994125718161
9,H2,Large,B,0.0069888,6.9887999999999995,498635.84867400577,4.986358486740058,619.6110840312398
9,H2,Large,B,0.0070336,7.0336,498630.6932231872,4.986306932231872,622.1440477815976
9,H2,Large,B,0.0070783999999999994,7.078399999999999,498625.51664341736,4.986255166434174,624.5957329181826
9,H2,Large,B,0.0071232,7.1232,498620.3196103288,4.986203196103288,626.9687663058883
9,H2,Large,B,0.007168,7.168,498615.1027777221,4.986151027777221,629.2656887271817
9,H2,Large,B,0.007212799999999999,7.2128,498609.8667782814,4.986098667782814,631.4889577776119
9,H2,Large,B,0.0072575999999999995,7.257599999999999,498604.61222426564,4.986046122242657,633.6409506592556
9,H2,Large,B,0.0073024,7.3024,498599.33970817673,4.985993397081767,635.723966875986
9,H2,Large,B,0.0073472,7.3472,498594.0498034053,4.985940498034053,637.7402308342829
9,H2,Large,B,0.007391999999999999,7.3919999999999995,498588.7430648547,4.985887430648547,639.6918943531492
9,H2,Large,B,0.0074367999999999995,7.4368,498583.42002954433,4.985834200295443,641.581039086545
9,H2,Large,B,0.0074816,7.481599999999999,498578.08121719264,4.985780812171926,643.4096788616123
9,H2,Large,B,0.0075264,7.5264,498572.72713078087,4.985727271307809,645.1797619358239
9,H2,Large,B,0.007571199999999999,7.571199999999999,498567.35825709795,4.985673582570979,646.8931731760647
9,H2,Large,B,0.0076159999999999995,7.616,498561.97506726725,4.985619750672672,648.5517361625273
9,H2,Large,B,0.0076608,7.6608,498556.57801725593,4.98556578017256,650.1572152201876
9,H2,Large,B,0.0077056,7.7056,498551.1675483673,4.985511675483673,651.7113173805144
9,H2,Large,B,0.007750399999999999,7.750399999999999,498545.744087717,4.98545744087717,653.2156942759589
9,H2,Large,B,0.0077951999999999995,7.7951999999999995,498540.30804869335,4.985403080486933,654.6719439696693
9,H2,Large,B,0.00784,7.84,498534.85983140254,4.985348598314025,656.0816127227777
9,H2,Large,B,0.007884799999999999,7.884799999999999,498529.3998230991,4.985293998230991,657.4461967015118
9,H2,Large,B,0.0079296,7.9296,498523.9283986021,4.985239283986021,658.7671436262985
9,H2,Large,B,0.0079744,7.974399999999999,498518.445920698,4.98518445920698,660.0458543649386
9,H2,Large,B,0.008019199999999999,8.0192,498512.9527405296,4.985129527405296,661.2836844718506
9,H2,Large,B,0.008064,8.064,498507.44919797307,4.985074491979731,662.4819456753071
9,H2,Large,B,0.0081088,8.108799999999999,498501.93562200177,4.985019356220017,663.641907314508
9,H2,Large,B,0.0081536,8.1536,498496.4123310387,4.9849641233103865,664.7647977282686
9,H2,Large,B,0.0081984,8.1984,498490.8796332971,4.984908796332971,665.8518055970292
9,H2,Large,B,0.0082432,8.2432,498485.33782711014,4.984853378271102,666.9040812398297
9,H2,Large,B,0.008288,8.288,498479.7872012497,4.984797872012497,667.9227378678291
9,H2,Large,B,0.0083328,8.332799999999999,498474.22803523456,4.984742280352346,668.9088527958909
9,H2,Large,B,0.008377599999999999,8.3776,498468.660599629,4.9846866059962895,669.8634686136976
9,H2,Large,B,0.0084224,8.4224,498463.0851563311,4.984630851563311,670.787594317804
9,H2,Large,B,0.0084672,8.4672,498457.501958852,4.98457501958852,671.682206405984
9,H2,Large,B,0.008512,8.512,498451.9112525861,4.984519112525861,672.5482499351779
9,H2,Large,B,0.0085568,8.556799999999999,498446.31327507226,4.984463132750722,673.3866395442976
9,H2,Large,B,0.0086016,8.6016,498440.70825624646,4.9844070825624645,674.1982604431003
9,H2,Large,B,0.0086464,8.6464,498435.0964186865,4.984350964186865,674.9839693682973
9,H2,Large,B,0.0086912,8.6912,498429.4779778486,4.9842947797784865,675.7445955080241
9,H2,Large,B,0.008735999999999999,8.735999999999999,498423.8531422963,4.984238531422963,676.4809413957514
9,H2,Large,B,0.0087808,8.7808,498418.2221139221,4.984182221139221,677.1937837746843
9,H2,Large,B,0.0088256,8.8256,498412.58508816164,4.984125850881616,677.8838744336537
9,H2,Large,B,0.008870399999999999,8.870399999999998,498406.94225420104,4.98406942254201,678.5519410154698
9,H2,Large,B,0.0089152,8.9152,498401.29379517783,4.984012937951778,679.1986877986745
9,H2,Large,B,0.00896,8.959999999999999,498395.6398883749,4.983956398883749,679.8247964535921
10,H2,Small,L,0.0,0.0,500000.0,5.0,293.0
10,H2,Small,L,4.48e-05,0.0448,499994.7012729854,4.999947012729853,301.3853353924321
10,H2,Small,L,8.96e-05,0.0896,499989.40254597075,4.9998940254597075,309.6011149398791
10,H2,Small,L,0.0001344,0.1344,499984.1038189561,4.999841038189561,317.6509580285608
10,H2,Small,L,0.0001792,0.1792,499978.8050919415,4.999788050919415,325.5383702390378
10,H2,Small,L,0.000224,0.224,499973.50636492687,4.999735063649268,333.2667774504366
10,H2,Small,L,0.0002688,0.2688,499968.20763791224,4.9996820763791225,340.83952782654114
10,H2,Small,L,0.0003136,0.3136,499962.9089108976,4.999629089108976,348.25989375074215
10,H2,Small,L,0.0003584,0.3584,499957.610183883,4.99957610183883,355.53107371064203
10,H2,Small,L,0.0004032,0.4032,499952.31145686837,4.999523114568683,362.6561941332019
10,H2,Small,L,0.000448,0.448,499947.01272985374,4.999470127298538,369.63831117139
10,H2,Small,L,0.0004927999999999999,0.49279999999999996,499941.7140028391,4.999417140028391,376.48041244334206
10,H2,Small,L,0.0005376,0.5376,499936.4152758245,4.999364152758245,383.18541872508354
10,H2,Small,L,0.0005824,0.5823999999999999,499931.11654880986,4.999311165488098,389.7561855978898
10,H2,Small,L,0.0006272,0.6272,499925.81782179524,4.999258178217953,396.1955050513775
10,H2,Small,L,0.000672,0.6719999999999999,499920.5190947806,4.999205190947806,402.5061070434295
10,H2,Small,L,0.0007168,0.7168,499915.220367766,4.99915220367766,408.6906610180564
10,H2,Small,L,0.0007616,0.7615999999999999,499909.92164075136,4.999099216407513,414.7517773822964
10,H2,Small,L,0.0008064,0.8064,499904.62291373673,4.999046229137368,420.69200894324536
10,H2,Small,L,0.0008512,0.8512,499899.3241867221,4.998993241867221,425.2612388767055
10,H2,Small,L,0.000896,0.896,499889.39707298164,4.998893970729816,425.26083905746594
10,H2,Small,L,0.0009408,0.9408,499858.60731522634,4.998586073152263,425.26008999075555
10,H2,Small,L,0.0009855999999999999,0.9855999999999999,499807.37272943027,4.998073727294303,425.25776662227247
10,H2,Small,L,0.0010304,1.0304,499736.11107341055,4.997361110734105,425.2539002478733
10,H2,Small,L,0.0010752,1.0752,499645.2399139594,4.996452399139594,425.24852201398596
10,H2,Small,L,0.00112,1.1199999999999999,499535.1765380695,4.995351765380695,425.2416629177796
10,H2,Small,L,0.0011648,1.1647999999999998,499406.33789889264,4.994063378988926,425.2333538103948
10,H2,Small,L,0.0012096,1.2096,499259.1405892055,4.992591405892055,425.22362540253783
10,H2,Small,L,0.0012544,1.2544,499094.0008367425,4.990940008367425,425.21250827189476
10,H2,Small,L,0.0012992,1.2992,498911.33451695804,4.989113345169581,425.20003287195277
10,H2,Small,L,0.001344,1.3439999999999999,498711.5571796906,4.987115571796906,425.18622954189743
10,H2,Small,L,0.0013888,1.3888,498495.0840869074,4.9849508408690735,425.1711285173323
10,H2,Small,L,0.0014336,1.4336,498262.330259252,4.98262330259252,425.1547599416125
10,H2,Small,L,0.0014784,1.4784,498013.71052954404,4.980137105295441,425.13715387763204
10,H2,Small,L,0.0015232,1.5231999999999999,497749.6396017184,4.977496396017184,425.1183403199304
10,H2,Small,L,0.001568,1.568,497470.53211395594,4.9747053211395595,425.09834920701354
10,H2,Small,L,0.0016128,1.6128,497176.802704972,4.97176802704972,425.0772104338028
10,H2,Small,L,0.0016576,1.6576,496868.8660825989,4.968688660825989,425.0549538641377
10,H2,Small,L,0.0017024,1.7024,496547.1370939372,4.965471370939372,425.03160934327735
10,H2,Small,L,0.0017472,1.7471999999999999,496212.0307964593,4.962120307964593,425.00720671034844
10,H2,Small,L,0.001792,1.792,495863.9625295424,4.958639625295424,424.98177581070024
10,H2,Small,L,0.0018368,1.8368,495503.3479859779,4.955033479859779,424.95534650813096
10,H2,Small,L,0.0018816,1.8816,495130.60328306566,4.951306032830656,424.9279486969556
10,H2,Small,L,0.0019264,1.9264,494746.1450329495,4.947461450329495,424.89961231388935
10,H2,Small,L,0.0019711999999999998,1.9711999999999998,494350.3904118893,4.943503904118893,424.87036734972367
10,H2,Small,L,0.002016,2.016,493943.75722819695,4.939437572281969,424.8402438607734
10,H2,Small,L,0.0020608,2.0608,493526.6639885892,4.935266639885892,424.8092719800782
10,H2,Small,L,0.0021056,2.1056,493099.52996273007,4.930995299627301,424.77748192833906
10,H2,Small,L,0.0021504,2.1504,492662.7752457519,4.926627752457519,424.74490402457354
10,H2,Small,L,0.0021952,2.1952,492216.82081855583,4.922168208185559,424.7115686964765
10,H2,Small,L,0.00224,2.2399999999999998,491762.0886057019,4.917620886057019,424.67750649046707
10,H2,Small,L,0.0022848,2.2848,491299.00153070455,4.912990015307045,424.64274808140965
10,H2,Small,L,0.0023296,2.3295999999999997,490827.98356855294,4.908279835685529,424.6073242819922
10,H2,Small,L,0.0023744,2.3744,490349.4597952781,4.903494597952781,424.57126605174653
10,H2,Small,L,0.0024192,2.4192,489863.856434387,4.8986385643438695,424.5346045056949
10,H2,Small,L,0.002464,2.464,489371.60089998244,4.893716008999824,424.4973709226055
10,H2,Small,L,0.0025088,2.5088,488873.1218363836,4.888731218363836,424.4595967528403
10,H2,Small,L,0.0025536,2.5536,488368.84915405605,4.8836884915405605,424.4213136257774
10,H2,Small,L,0.0025984,2.5984,487859.21406165377,4.878592140616537,424.3825533567871
10,H2,Small,L,0.0026432,2.6432,487344.64909396664,4.873446490939666,424.3433479537451
10,H2,Small,L,0.002688,2.6879999999999997,486825.58813555696,4.868255881355569,424.30372962305717
10,H2,Small,L,0.0027328,2.7328,486302.46643985616,4.863024664398561,424.26373077517604
10,H2,Small,L,0.0027776,2.7776,485775.7206434806,4.857757206434806,424.2233840295867
10,H2,Small,L,0.0028224,2.8224,485245.78877550864,4.852457887755087,424.18272221923144
10,H2,Small,L,0.0028672,2.8672,484713.1102614447,4.847131102614447,424.141778394352
10,H2,Small,L,0.0029119999999999997,2.9119999999999995,484178.1259215765,4.841781259215765,424.10058582571645
10,H2,Small,L,0.0029568,2.9568,483641.27796340967,4.836412779634097,424.0591780072023
10,H2,Small,L,0.0030015999999999997,3.0016,483103.0099678385,4.831030099678385,424.01758865770216
10,H2,Small,L,0.0030464,3.0463999999999998,482563.7668686858,4.825637668686857,423.97585172231555
10,H2,Small,L,0.0030911999999999997,3.0911999999999997,482023.9949252115,4.820239949252115,423.93400137279247
10,H2,Small,L,0.003136,3.136,481484.14168715605,4.814841416871561,423.89207200718454
10,H2,Small,L,0.0031807999999999997,3.1807999999999996,480944.65595184435,4.8094465595184435,423.85009824866205
10,H2,Small,L,0.0032256,3.2256,480405.98771283077,4.804059877128307,423.8081149434501
10,H2,Small,L,0.0032703999999999997,3.2703999999999995,479868.5880995154,4.798685880995154,423.7661571578324
10,H2,Small,L,0.0033152,3.3152,479332.90930710325,4.793329093071033,423.7242601741678
10,H2,Small,L,0.0033599999999999997,3.36,478799.40451621125,4.787994045162113,423.6824594858594
10,H2,Small,L,0.0034048,3.4048,478268.5278013529,4.782685278013529,423.6407907912123
10,H2,Small,L,0.0034495999999999997,3.4495999999999998,477740.7340274425,4.777407340274425,423.599289986107
10,H2,Small,L,0.0034944,3.4943999999999997,477216.47873336053,4.7721647873336055,423.5579931554113
10,H2,Small,L,0.0035391999999999997,3.5391999999999997,476696.21800150536,4.766962180015054,423.51693656304326
10,H2,Small,L,0.003584,3.584,476180.0233386458,4.761800233386458,423.47615664059094
10,H2,Small,L,0.0036287999999999997,3.6287999999999996,475667.8984876085,4.756678984876085,423.43565975890357
10,H2,Small,L,0.0036736,3.6736,475160.2717929626,4.751602717929626,423.395446981877
10,H2,Small,L,0.0037183999999999997,3.7184,474657.5715398186,4.746575715398186,423.3555527546825
10,H2,Small,L,0.0037632,3.7632,474160.22575625964,4.7416022575625965,423.3160116300291
10,H2,Small,L,0.0038079999999999998,3.808,473668.66323781136,4.736686632378113,423.2768582503789
10,H2,Small,L,0.0038528,3.8528,473183.31328241795,4.731833132824179,423.2381274261351
10,H2,Small,L,0.0038975999999999998,3.8975999999999997,472704.60489656363,4.7270460489656365,423.19985411222984
10,H2,Small,L,0.0039423999999999996,3.9423999999999997,472232.96659440536,4.722329665944054,423.16207334256234
10,H2,Small,L,0.0039872,3.9871999999999996,471768.82617837336,4.717688261783733,423.1248202107005
10,H2,Small,L,0.004032,4.032,471312.61049959436,4.713126104995943,423.08812984875726
10,H2,Small,L,0.0040768,4.0768,470864.7451962834,4.708647451962834,423.05203740430414
10,H2,Small,L,0.0041216,4.1216,470425.65440800914,4.704256544080091,423.016578015172
10,H2,Small,L,0.0041664,4.166399999999999,469995.760463456,4.69995760463456,422.9817867819666
10,H2,Small,L,0.0042112,4.2112,469575.4835389809,4.695754835389809,422.9476987381088
10,H2,Small,L,0.004256,4.256,469165.2412848819,4.691652412848819,422.9143488171814
10,H2,Small,L,0.0043008,4.3008,468765.44841584953,4.687654484158496,422.8817718173376
10,H2,Small,L,0.0043456,4.3456,468376.5162615468,4.683765162615468,422.85000236248976
10,H2,Small,L,0.0043904,4.3904,467998.85227264266,4.679988522726426,422.81907485995805
10,H2,Small,L,0.004435199999999999,4.435199999999999,467632.8594768826,4.676328594768826,422.7890234542101
10,H2,Small,L,0.00448,4.4799999999999995,467278.9358788893,4.672789358788893,422.7598819762649
10,H2,Small,L,0.0045248,4.5248,466937.4737963007,4.6693747379630075,422.7316838882661
10,H2,Small,L,0.0045696,4.5696,466608.9153854093,4.666089153854093,422.7044622226429
10,H2,Small,L,0.004614399999999999,4.6144,466293.75086728594,4.66293750867286,422.6782540043165
10,H2,Small,L,0.0046592,4.659199999999999,465991.95521445223,4.6599195521445225,422.65310011293286
10,H2,Small,L,0.004704,4.704,465703.9682797073,4.657039682797073,422.62900028964634
10,H2,Small,L,0.0047488,4.7488,465430.2524374616,4.654302524374616,422.60599135230603
10,H2,Small,L,0.004793599999999999,4.7936,465170.6972888727,4.651706972888727,422.5841119159386
10,H2,Small,L,0.0048384,4.8384,464925.2649335059,4.649252649335059,422.5633547703068
10,H2,Small,L,0.0048832,4.8831999999999995,464693.82747842564,4.646938274784256,422.54371840989035
10,H2,Small,L,0.004928,4.928,464477.3164086952,4.644773164086952,422.5251940388369
10,H2,Small,L,0.0049727999999999994,4.972799999999999,464275.83342820674,4.6427583342820675,422.507857607275
10,H2,Small,L,0.0050176,5.0176,464089.2451423459,4.640892451423459,422.49171861290796
10,H2,Small,L,0.0050624,5.0624,463919.376770263,4.63919376770263,422.476767631659
10,H2,Small,L,0.0051072,5.1072,463765.2874032811,4.637652874032811,422.463152146311
10,H2,Small,L,0.0051519999999999995,5.151999999999999,463622.26237171533,4.6362226237171535,432.6955342179152
10,H2,Small,L,0.0051968,5.1968,463475.7279728657,4.634757279728657,442.5685265968347
10,H2,Small,L,0.0052416,5.2416,463325.8026522037,4.633258026522037,452.09511877094246
10,H2,Small,L,0.0052864,5.2864,463172.6005279277,4.631726005279277,461.287806079815
10,H2,Small,L,0.0053311999999999995,5.331199999999999,463016.2315598957,4.630162315598957,470.15861011465813
10,H2,Small,L,0.005376,5.3759999999999994,462856.8017112435,4.6285680171124355,478.71909818181126
10,H2,Small,L,0.0054208,5.4208,462694.41310304735,4.6269441310304735,486.9804018768615
10,H2,Small,L,0.0054656,5.4656,462529.1641623708,4.625291641623708,494.9532348141133
10,H2,Small,L,0.0055103999999999995,5.5104,462361.1497640173,4.623611497640173,502.6479095539272
10,H2,Small,L,0.0055552,5.5552,462190.46136629215,4.621904613662921,510.07435376826726
10,H2,Small,L,0.0056,5.6,462017.1871410604,4.620171871410604,517.2421256827009
10,H2,Small,L,0.0056448,5.6448,461841.4120983734,4.618414120983734,524.1604288310829
10,H2,Small,L,0.0056895999999999995,5.6895999999999995,461663.21820591926,4.616632182059193,530.8381261572263
10,H2,Small,L,0.0057344,5.7344,461482.68450354185,4.614826845035418,537.2837534960272
10,H2,Small,L,0.0057792,5.7792,461299.8872130574,4.612998872130574,543.5055324647619
10,H2,Small,L,0.005823999999999999,5.823999999999999,461114.8998435864,4.611148998435864,549.5113827936149
10,H2,Small,L,0.0058687999999999995,5.868799999999999,460927.7932926082,4.609277932926083,555.3089341229243
10,H2,Small,L,0.0059136,5.9136,460738.63594293245,4.6073863594293245,560.9055372931423
10,H2,Small,L,0.0059584,5.9584,460547.493755773,4.60547493755773,566.3082751521016
10,H2,Small,L,0.006003199999999999,6.0032,460354.4303601007,4.603544303601007,571.5239729028489
10,H2,Small,L,0.0060479999999999996,6.047999999999999,460159.50713844027,4.601595071384403,576.559208014053
10,H2,Small,L,0.0060928,6.0927999999999995,459962.78330927045,4.599627833092705,581.4203197138111
10,H2,Small,L,0.0061376,6.1376,459764.31600617693,4.597643160061769,586.1134180865622
10,H2,Small,L,0.006182399999999999,6.1823999999999995,459564.1603539003,4.595641603539002,590.644392791763
10,H2,Small,L,0.0062272,6.2272,459362.3695414149,4.593623695414149,595.0189214219927
10,H2,Small,L,0.006272,6.272,459158.99489216675,4.591589948921667,599.2424775172166
10,H2,Small,L,0.0063168,6.3168,458954.0859315927,4.589540859315926,603.3203382510628
10,H2,Small,L,0.006361599999999999,6.361599999999999,458747.6904520373,4.587476904520373,607.2575918041315
10,H2,Small,L,0.0064064,6.4064,458539.8545751782,4.585398545751782,611.0591444385801
10,H2,Small,L,0.0064512,6.4512,458330.6228120642,4.583306228120642,614.7297272874894
10,H2,Small,L,0.006496,6.496,458120.0381208678,4.581200381208678,618.2739028718212
10,H2,Small,L,0.006540799999999999,6.540799999999999,457908.1419624463,4.579081419624463,621.6960713571269
10,H2,Small,L,0.0065856,6.5855999999999995,457694.9743538028,4.576949743538028,625.0004765615465
10,H2,Small,L,0.0066304,6.6304,457480.5739195344,4.574805739195344,628.1912117260584
10,H2,Small,L,0.0066752,6.6752,457264.9779413488,4.572649779413488,631.2722250573918
10,H2,Small,L,0.006719999999999999,6.72,457048.2224057296,4.5704822240572955,634.247325053495
10,H2,Small,L,0.0067648,6.764799999999999,456830.3420498243,4.568303420498243,637.1201856209658
10,H2,Small,L,0.0068096,6.8096,456611.3704056279,4.566113704056279,639.8943509933872
10,H2,Small,L,0.0068544,6.8544,456391.33984252886,4.563913398425289,642.5732404590793
10,H2,Small,L,0.006899199999999999,6.8991999999999996,456170.28160828515,4.561702816082851,645.1601529063643
10,H2,Small,L,0.006944,6.944,455948.22586849076,4.559482258684907,647.6582711940522
10,H2,Small,L,0.0069888,6.9887999999999995,455725.20174459345,4.5572520174459346,650.070666354492
10,H2,Small,L,0.0070336,7.0336,455501.237350521,4.55501237350521,652.4003016361788
10,H2,Small,L,0.0070783999999999994,7.078399999999999,455276.35982796986,4.552763598279698,654.6500363925838
10,H2,Small,L,0.0071232,7.1232,455050.5953804087,4.550505953804087,656.8226298235609
10,H2,Small,L,0.007168,7.168,454823.9693058472,4.548239693058472,658.9207445753887
10,H2,Small,L,0.007212799999999999,7.2128,454596.5060284173,4.545965060284173,660.9469502052283
10,H2,Small,L,0.0072575999999999995,7.257599999999999,454368.22912881325,4.543682291288133,662.9037265155123
10,H2,Small,L,0.0073024,7.3024,454139.1613736333,4.541391613736333,664.7934667635303
10,H2,Small,L,0.0073472,7.3472,453909.3247436665,4.539093247436665,666.6184807512387
10,H2,Small,L,0.007391999999999999,7.3919999999999995,453678.74046116346,4.536787404611634,668.3809978000958
10,H2,Small,L,0.0074367999999999995,7.4368,453447.42901613045,4.534474290161304,670.0831696155104
10,H2,Small,L,0.0074816,7.481599999999999,453215.41019168333,4.532154101916833,671.7270730452905
10,H2,Small,L,0.0075264,7.5264,452982.703088497,4.52982703088497,673.3147127362807
10,H2,Small,L,0.007571199999999999,7.571199999999999,452749.32614838413,4.5274932614838415,674.8480236932008
10,H2,Small,L,0.0076159999999999995,7.616,452515.2971770359,4.525152971770359,676.3288737435172
10,H2,Small,L,0.0076608,7.6608,452280.63336595596,4.52280633365956,677.7590659120181
10,H2,Small,L,0.0077056,7.7056,452045.3513136177,4.520453513136177,679.1403407086026
10,H2,Small,L,0.007750399999999999,7.750399999999999,451809.46704587335,4.5180946704587335,680.4743783326471
10,H2,Small,L,0.0077951999999999995,7.7951999999999995,451572.99603564263,4.515729960356427,681.7628007971657
10,H2,Small,L,0.00784,7.84,451335.95322190813,4.513359532219082,683.0071739758502
10,H2,Small,L,0.007884799999999999,7.884799999999999,451098.3530280418,4.510983530280417,684.2090095759422
10,H2,Small,L,0.0079296,7.9296,450860.2093794877,4.5086020937948765,685.3697670397689
10,H2,Small,L,0.0079744,7.974399999999999,450621.53572082485,4.506215357208249,686.4908553776551
10,H2,Small,L,0.008019199999999999,8.0192,450382.3450322318,4.503823450322319,687.573634934813
10,H2,Small,L,0.008064,8.064,450142.64984537574,4.501426498453758,688.6194190947049
10,H2,Small,L,0.0081088,8.108799999999999,449902.46225874603,4.49902462258746,689.6294759212702
10,H2,Small,L,0.0081536,8.1536,449661.7939524531,4.496617939524532,690.6050297423136
10,H2,Small,L,0.0081984,8.1984,449420.6562025117,4.494206562025117,691.5472626762548
10,H2,Small,L,0.0082432,8.2432,449179.0598946264,4.491790598946264,692.4573161043562
10,H2,Small,L,0.008288,8.288,448937.0155374986,4.489370155374986,693.3362920904555
10,H2,Small,L,0.0083328,8.332799999999999,448694.53327567107,4.486945332756711,694.1852547501527
10,H2,Small,L,0.008377599999999999,8.3776,448451.62290192686,4.484516229019269,695.0052315713223
10,H2,Small,L,0.0084224,8.4224,448208.29386925866,4.482082938692587,695.7972146877464
10,H2,Small,L,0.0084672,8.4672,447964.5553024239,4.4796455530242385,696.5621621075971
10,H2,Small,L,0.008512,8.512,447720.41600910015,4.477204160091001,697.3009988984244
10,H2,Small,L,0.0085568,8.556799999999999,447475.8844906552,4.474758844906552,698.0146183302445
10,H2,Small,L,0.0086016,8.6016,447230.96895254526,4.472309689525453,698.703882978261
10,H2,Small,L,0.0086464,8.6464,446985.6773143545,4.469856773143545,699.3696257866899
10,H2,Small,L,0.0086912,8.6912,446740.01721948915,4.467400172194892,700.0126510951048
10,H2,Small,L,0.008735999999999999,8.735999999999999,446493.99604453705,4.464939960445371,700.6337356286646
10,H2,Small,L,0.0087808,8.7808,446247.62090830604,4.462476209083061,701.23362945353
10,H2,Small,L,0.0088256,8.8256,446000.8986805511,4.460008986805511,701.8130568987319
10,H2,Small,L,0.008870399999999999,8.870399999999998,445753.8359904019,4.457538359904019,702.3727174456984
10,H2,Small,L,0.0089152,8.9152,445506.43923450133,4.4550643923450135,702.9132865866098
10,H2,Small,L,0.00896,8.959999999999999,445258.7145848645,4.4525871458486455,703.4354166527003
11,H2,Small,W,0.0,0.0,500000.0,5.0,293.0
11,H2,Small,W,4.48e-05,0.0448,499994.7012729854,4.999947012729853,301.3853353924321
11,H2,Small,W,8.96e-05,0.0896,499989.40254597075,4.9998940254597075,309.6011149398791
11,H2,Small,W,0.0001344,0.1344,499984.1038189561,4.999841038189561,317.6509580285608
11,H2,Small,W,0.0001792,0.1792,499978.8050919415,4.999788050919415,325.5383702390378
11,H2,Small,W,0.000224,0.224,499973.50636492687,4.999735063649268,333.2667774504366
11,H2,Small,W,0.0002688,0.2688,499968.20763791224,4.9996820763791225,340.83952782654114
11,H2,Small,W,0.0003136,0.3136,499962.9089108976,4.999629089108976,348.25989375074215
11,H2,Small,W,0.0003584,0.3584,499957.610183883,4.99957610183883,355.53107371064203
11,H2,Small,W,0.0004032,0.4032,499952.31145686837,4.999523114568683,362.6561941332019
11,H2,Small,W,0.000448,0.448,499947.01272985374,4.999470127298538,369.63831117139
11,H2,Small,W,0.0004927999999999999,0.49279999999999996,499941.7140028391,4.999417140028391,376.48041244334206
11,H2,Small,W,0.0005376,0.5376,499936.4152758245,4.999364152758245,383.18541872508354
11,H2,Small,W,0.0005824,0.5823999999999999,499931.11654880986,4.999311165488098,389.7561855978898
11,H2,Small,W,0.0006272,0.6272,499925.81782179524,4.999258178217953,396.1955050513775
11,H2,Small,W,0.000672,0.6719999999999999,499920.5190947806,4.999205190947806,402.5061070434295
11,H2,Small,W,0.0007168,0.7168,499915.220367766,4.99915220367766,408.6906610180564
11,H2,Small,W,0.0007616,0.7615999999999999,499909.92164075136,4.999099216407513,414.7517773822964
11,H2,Small,W,0.0008064,0.8064,499904.62291373673,4.999046229137368,420.69200894324536
11,H2,Small,W,0.0008512,0.8512,499899.3241867221,4.998993241867221,425.2612388767055
11,H2,Small,W,0.000896,0.896,499889.39707298164,4.998893970729816,425.26083905746594
11,H2,Small,W,0.0009408,0.9408,499858.60731522634,4.998586073152263,425.26008999075555
11,H2,Small,W,0.0009855999999999999,0.9855999999999999,499807.37272943027,4.998073727294303,425.25776662227247
11,H2,Small,W,0.0010304,1.0304,499736.11107341055,4.997361110734105,425.2539002478733
11,H2,Small,W,0.0010752,1.0752,499645.2399139594,4.996452399139594,425.24852201398596
11,H2,Small,W,0.00112,1.1199999999999999,499535.1765380695,4.995351765380695,425.2416629177796
11,H2,Small,W,0.0011648,1.1647999999999998,499406.33789889264,4.994063378988926,425.2333538103948
11,H2,Small,W,0.0012096,1.2096,499259.1405892055,4.992591405892055,425.22362540253783
11,H2,Small,W,0.0012544,1.2544,499094.0008367425,4.990940008367425,425.21250827189476
11,H2,Small,W,0.0012992,1.2992,498911.33451695804,4.989113345169581,425.20003287195277
11,H2,Small,W,0.001344,1.3439999999999999,498711.5571796906,4.987115571796906,425.18622954189743
11,H2,Small,W,0.0013888,1.3888,498495.0840869074,4.9849508408690735,425.1711285173323
11,H2,Small,W,0.0014336,1.4336,498262.330259252,4.98262330259252,425.1547599416125
11,H2,Small,W,0.0014784,1.4784,498013.71052954404,4.980137105295441,425.13715387763204
11,H2,Small,W,0.0015232,1.5231999999999999,497749.6396017184,4.977496396017184,425.1183403199304
11,H2,Small,W,0.001568,1.568,497470.53211395594,4.9747053211395595,425.09834920701354
11,H2,Small,W,0.0016128,1.6128,497176.802704972,4.97176802704972,425.0772104338028
11,H2,Small,W,0.0016576,1.6576,496868.8660825989,4.968688660825989,425.0549538641377
11,H2,Small,W,0.0017024,1.7024,496547.1370939372,4.965471370939372,425.03160934327735
11,H2,Small,W,0.0017472,1.7471999999999999,496212.0307964593,4.962120307964593,425.00720671034844
11,H2,Small,W,0.001792,1.792,495863.9625295424,4.958639625295424,424.98177581070024
11,H2,Small,W,0.0018368,1.8368,495503.3479859779,4.955033479859779,424.95534650813096
11,H2,Small,W,0.0018816,1.8816,495130.60328306566,4.951306032830656,424.9279486969556
11,H2,Small,W,0.0019264,1.9264,494746.1450329495,4.947461450329495,424.89961231388935
11,H2,Small,W,0.0019711999999999998,1.9711999999999998,494350.3904118893,4.943503904118893,424.87036734972367
11,H2,Small,W,0.002016,2.016,493943.75722819695,4.939437572281969,424.8402438607734
11,H2,Small,W,0.0020608,2.0608,493526.6639885892,4.935266639885892,424.8092719800782
11,H2,Small,W,0.0021056,2.1056,493099.52996273007,4.930995299627301,424.77748192833906
11,H2,Small,W,0.0021504,2.1504,492662.7752457519,4.926627752457519,424.74490402457354
11,H2,Small,W,0.0021952,2.1952,492216.82081855583,4.922168208185559,424.7115686964765
11,H2,Small,W,0.00224,2.2399999999999998,491762.0886057019,4.917620886057019,424.67750649046707
11,H2,Small,W,0.0022848,2.2848,491299.00153070455,4.912990015307045,424.64274808140965
11,H2,Small,W,0.0023296,2.3295999999999997,490827.98356855294,4.908279835685529,424.6073242819922
11,H2,Small,W,0.0023744,2.3744,490349.4597952781,4.903494597952781,424.57126605174653
11,H2,Small,W,0.0024192,2.4192,489863.856434387,4.8986385643438695,424.5346045056949
11,H2,Small,W,0.002464,2.464,489371.60089998244,4.893716008999824,424.4973709226055
11,H2,Small,W,0.0025088,2.5088,488873.1218363836,4.888731218363836,424.4595967528403
11,H2,Small,W,0.0025536,2.5536,488368.84915405605,4.8836884915405605,424.4213136257774
11,H2,Small,W,0.0025984,2.5984,487859.21406165377,4.878592140616537,424.3825533567871
11,H2,Small,W,0.0026432,2.6432,487344.64909396664,4.873446490939666,424.3433479537451
11,H2,Small,W,0.002688,2.6879999999999997,486825.58813555696,4.868255881355569,424.30372962305717
11,H2,Small,W,0.0027328,2.7328,486302.46643985616,4.863024664398561,424.26373077517604
11,H2,Small,W,0.0027776,2.7776,485775.7206434806,4.857757206434806,424.2233840295867
11,H2,Small,W,0.0028224,2.8224,485245.78877550864,4.852457887755087,424.18272221923144
11,H2,Small,W,0.0028672,2.8672,484713.1102614447,4.847131102614447,424.141778394352
11,H2,Small,W,0.0029119999999999997,2.9119999999999995,484178.1259215765,4.841781259215765,424.10058582571645
11,H2,Small,W,0.0029568,2.9568,483641.27796340967,4.836412779634097,424.0591780072023
11,H2,Small,W,0.0030015999999999997,3.0016,483103.0099678385,4.831030099678385,424.01758865770216
11,H2,Small,W,0.0030464,3.0463999999999998,482563.7668686858,4.825637668686857,423.97585172231555
11,H2,Small,W,0.0030911999999999997,3.0911999999999997,482023.9949252115,4.820239949252115,423.93400137279247
11,H2,Small,W,0.003136,3.136,481484.14168715605,4.814841416871561,423.89207200718454
11,H2,Small,W,0.0031807999999999997,3.1807999999999996,480944.65595184435,4.8094465595184435,423.85009824866205
11,H2,Small,W,0.0032256,3.2256,480405.98771283077,4.804059877128307,423.8081149434501
11,H2,Small,W,0.0032703999999999997,3.2703999999999995,479868.5880995154,4.798685880995154,423.7661571578324
11,H2,Small,W,0.0033152,3.3152,479332.90930710325,4.793329093071033,423.7242601741678
11,H2,Small,W,0.0033599999999999997,3.36,478799.40451621125,4.787994045162113,423.6824594858594
11,H2,Small,W,0.0034048,3.4048,478268.5278013529,4.782685278013529,423.6407907912123
11,H2,Small,W,0.0034495999999999997,3.4495999999999998,477740.7340274425,4.777407340274425,423.599289986107
11,H2,Small,W,0.0034944,3.4943999999999997,477216.47873336053,4.7721647873336055,423.5579931554113
11,H2,Small,W,0.0035391999999999997,3.5391999999999997,476696.21800150536,4.766962180015054,423.51693656304326
11,H2,Small,W,0.003584,3.584,476180.0233386458,4.761800233386458,423.47615664059094
11,H2,Small,W,0.0036287999999999997,3.6287999999999996,475667.8984876085,4.756678984876085,423.43565975890357
11,H2,Small,W,0.0036736,3.6736,475160.2717929626,4.751602717929626,423.395446981877
11,H2,Small,W,0.0037183999999999997,3.7184,474657.5715398186,4.746575715398186,423.3555527546825
11,H2,Small,W,0.0037632,3.7632,474160.22575625964,4.7416022575625965,423.3160116300291
11,H2,Small,W,0.0038079999999999998,3.808,473668.66323781136,4.736686632378113,423.2768582503789
11,H2,Small,W,0.0038528,3.8528,473183.31328241795,4.731833132824179,423.2381274261351
11,H2,Small,W,0.0038975999999999998,3.8975999999999997,472704.60489656363,4.7270460489656365,423.19985411222984
11,H2,Small,W,0.0039423999999999996,3.9423999999999997,472232.96659440536,4.722329665944054,423.16207334256234
11,H2,Small,W,0.0039872,3.9871999999999996,471768.82617837336,4.717688261783733,423.1248202107005
11,H2,Small,W,0.004032,4.032,471312.61049959436,4.713126104995943,423.08812984875726
11,H2,Small,W,0.0040768,4.0768,470864.7451962834,4.708647451962834,423.05203740430414
11,H2,Small,W,0.0041216,4.1216,470425.65440800914,4.704256544080091,423.016578015172
11,H2,Small,W,0.0041664,4.166399999999999,469995.760463456,4.69995760463456,422.9817867819666
11,H2,Small,W,0.0042112,4.2112,469575.4835389809,4.695754835389809,422.9476987381088
11,H2,Small,W,0.004256,4.256,469165.2412848819,4.691652412848819,422.9143488171814
11,H2,Small,W,0.0043008,4.3008,468765.44841584953,4.687654484158496,422.8817718173376
11,H2,Small,W,0.0043456,4.3456,468376.5162615468,4.683765162615468,422.85000236248976
11,H2,Small,W,0.0043904,4.3904,467998.85227264266,4.679988522726426,422.81907485995805
11,H2,Small,W,0.004435199999999999,4.435199999999999,467632.8594768826,4.676328594768826,422.7890234542101
11,H2,Small,W,0.00448,4.4799999999999995,467278.9358788893,4.672789358788893,422.7598819762649
11,H2,Small,W,0.0045248,4.5248,466937.4737963007,4.6693747379630075,422.7316838882661
11,H2,Small,W,0.0045696,4.5696,466608.9153854093,4.666089153854093,422.7044622226429
11,H2,Small,W,0.004614399999999999,4.6144,466293.75086728594,4.66293750867286,422.6782540043165
11,H2,Small,W,0.0046592,4.659199999999999,465991.95521445223,4.6599195521445225,422.65310011293286
11,H2,Small,W,0.004704,4.704,465703.9682797073,4.657039682797073,422.62900028964634
11,H2,Small,W,0.0047488,4.7488,465430.2524374616,4.654302524374616,422.60599135230603
11,H2,Small,W,0.004793599999999999,4.7936,465170.6972888727,4.651706972888727,422.5841119159386
11,H2,Small,W,0.0048384,4.8384,464925.2649335059,4.649252649335059,422.5633547703068
11,H2,Small,W,0.0048832,4.8831999999999995,464693.82747842564,4.646938274784256,422.54371840989035
11,H2,Small,W,0.004928,4.928,464477.3164086952,4.644773164086952,422.5251940388369
11,H2,Small,W,0.0049727999999999994,4.972799999999999,464275.83342820674,4.6427583342820675,422.507857607275
11,H2,Small,W,0.0050176,5.0176,464089.2451423459,4.640892451423459,422.49171861290796
11,H2,Small,W,0.0050624,5.0624,463919.376770263,4.63919376770263,422.476767631659
11,H2,Small,W,0.0051072,5.1072,463765.2874032811,4.637652874032811,422.463152146311
11,H2,Small,W,0.0051519999999999995,5.151999999999999,463622.26237171533,4.6362226237171535,432.6955342179152
11,H2,Small,W,0.0051968,5.1968,463475.7279728657,4.634757279728657,442.5685265968347
11,H2,Small,W,0.0052416,5.2416,463325.8026522037,4.633258026522037,452.09511877094246
11,H2,Small,W,0.0052864,5.2864,463172.6005279277,4.631726005279277,461.287806079815
11,H2,Small,W,0.0053311999999999995,5.331199999999999,463016.2315598957,4.630162315598957,470.15861011465813
11,H2,Small,W,0.005376,5.3759999999999994,462856.8017112435,4.6285680171124355,478.71909818181126
11,H2,Small,W,0.0054208,5.4208,462694.41310304735,4.6269441310304735,486.9804018768615
11,H2,Small,W,0.0054656,5.4656,462529.1641623708,4.625291641623708,494.9532348141133
11,H2,Small,W,0.0055103999999999995,5.5104,462361.1497640173,4.623611497640173,502.6479095539272
11,H2,Small,W,0.0055552,5.5552,462190.46136629215,4.621904613662921,510.07435376826726
11,H2,Small,W,0.0056,5.6,462017.1871410604,4.620171871410604,517.2421256827009
11,H2,Small,W,0.0056448,5.6448,461841.4120983734,4.618414120983734,524.1604288310829
11,H2,Small,W,0.0056895999999999995,5.6895999999999995,461663.21820591926,4.616632182059193,530.8381261572263
11,H2,Small,W,0.0057344,5.7344,461482.68450354185,4.614826845035418,537.2837534960272
11,H2,Small,W,0.0057792,5.7792,461299.8872130574,4.612998872130574,543.5055324647619
11,H2,Small,W,0.005823999999999999,5.823999999999999,461114.8998435864,4.611148998435864,549.5113827936149
11,H2,Small,W,0.0058687999999999995,5.868799999999999,460927.7932926082,4.609277932926083,555.3089341229243
11,H2,Small,W,0.0059136,5.9136,460738.63594293245,4.6073863594293245,560.9055372931423
11,H2,Small,W,0.0059584,5.9584,460547.493755773,4.60547493755773,566.3082751521016
11,H2,Small,W,0.006003199999999999,6.0032,460354.4303601007,4.603544303601007,571.5239729028489
11,H2,Small,W,0.0060479999999999996,6.047999999999999,460159.50713844027,4.601595071384403,576.559208014053
11,H2,Small,W,0.0060928,6.0927999999999995,459962.78330927045,4.599627833092705,581.4203197138111
11,H2,Small,W,0.0061376,6.1376,459764.31600617693,4.597643160061769,586.1134180865622
11,H2,Small,W,0.006182399999999999,6.1823999999999995,459564.1603539003,4.595641603539002,590.644392791763
11,H2,Small,W,0.0062272,6.2272,459362.3695414149,4.593623695414149,595.0189214219927
11,H2,Small,W,0.006272,6.272,459158.99489216675,4.591589948921667,599.2424775172166
11,H2,Small,W,0.0063168,6.3168,458954.0859315927,4.589540859315926,603.3203382510628
11,H2,Small,W,0.006361599999999999,6.361599999999999,458747.6904520373,4.587476904520373,607.2575918041315
11,H2,Small,W,0.0064064,6.4064,458539.8545751782,4.585398545751782,611.0591444385801
11,H2,Small,W,0.0064512,6.4512,458330.6228120642,4.583306228120642,614.7297272874894
11,H2,Small,W,0.006496,6.496,458120.0381208678,4.581200381208678,618.2739028718212
11,H2,Small,W,0.006540799999999999,6.540799999999999,457908.1419624463,4.579081419624463,621.6960713571269
11,H2,Small,W,0.0065856,6.5855999999999995,457694.9743538028,4.576949743538028,625.0004765615465
11,H2,Small,W,0.0066304,6.6304,457480.5739195344,4.574805739195344,628.1912117260584
11,H2,Small,W,0.0066752,6.6752,457264.9779413488,4.572649779413488,631.2722250573918
11,H2,Small,W,0.006719999999999999,6.72,457048.2224057296,4.5704822240572955,634.247325053495
11,H2,Small,W,0.0067648,6.764799999999999,456830.3420498243,4.568303420498243,637.1201856209658
11,H2,Small,W,0.0068096,6.8096,456611.3704056279,4.566113704056279,639.8943509933872
11,H2,Small,W,0.0068544,6.8544,456391.33984252886,4.563913398425289,642.5732404590793
11,H2,Small,W,0.006899199999999999,6.8991999999999996,456170.28160828515,4.561702816082851,645.1601529063643
11,H2,Small,W,0.006944,6.944,455948.22586849076,4.559482258684907,647.6582711940522
11,H2,Small,W,0.0069888,6.9887999999999995,455725.20174459345,4.5572520174459346,650.070666354492
11,H2,Small,W,0.0070336,7.0336,455501.237350521,4.55501237350521,652.4003016361788
11,H2,Small,W,0.0070783999999999994,7.078399999999999,455276.35982796986,4.552763598279698,654.6500363925838
11,H2,Small,W,0.0071232,7.1232,455050.5953804087,4.550505953804087,656.8226298235609
11,H2,Small,W,0.007168,7.168,454823.9693058472,4.548239693058472,658.9207445753887
11,H2,Small,W,0.007212799999999999,7.2128,454596.5060284173,4.545965060284173,660.9469502052283
11,H2,Small,W,0.0072575999999999995,7.257599999999999,454368.22912881325,4.543682291288133,662.9037265155123
11,H2,Small,W,0.0073024,7.3024,454139.1613736333,4.541391613736333,664.7934667635303
11,H2,Small,W,0.0073472,7.3472,453909.3247436665,4.539093247436665,666.6184807512387
11,H2,Small,W,0.007391999999999999,7.3919999999999995,453678.74046116346,4.536787404611634,668.3809978000958
11,H2,Small,W,0.0074367999999999995,7.4368,453447.42901613045,4.534474290161304,670.0831696155104
11,H2,Small,W,0.0074816,7.481599999999999,453215.41019168333,4.532154101916833,671.7270730452905
11,H2,Small,W,0.0075264,7.5264,452982.703088497,4.52982703088497,673.3147127362807
11,H2,Small,W,0.007571199999999999,7.571199999999999,452749.32614838413,4.5274932614838415,674.8480236932008
11,H2,Small,W,0.0076159999999999995,7.616,452515.2971770359,4.525152971770359,676.3288737435172
11,H2,Small,W,0.0076608,7.6608,452280.63336595596,4.52280633365956,677.7590659120181
11,H2,Small,W,0.0077056,7.7056,452045.3513136177,4.520453513136177,679.1403407086026
11,H2,Small,W,0.007750399999999999,7.750399999999999,451809.46704587335,4.5180946704587335,680.4743783326471
11,H2,Small,W,0.0077951999999999995,7.7951999999999995,451572.99603564263,4.515729960356427,681.7628007971657
11,H2,Small,W,0.00784,7.84,451335.95322190813,4.513359532219082,683.0071739758502
11,H2,Small,W,0.007884799999999999,7.884799999999999,451098.3530280418,4.510983530280417,684.2090095759422
11,H2,Small,W,0.0079296,7.9296,450860.2093794877,4.5086020937948765,685.3697670397689
11,H2,Small,W,0.0079744,7.974399999999999,450621.53572082485,4.506215357208249,686.4908553776551
11,H2,Small,W,0.008019199999999999,8.0192,450382.3450322318,4.503823450322319,687.573634934813
11,H2,Small,W,0.008064,8.064,450142.64984537574,4.501426498453758,688.6194190947049
11,H2,Small,W,0.0081088,8.108799999999999,449902.46225874603,4.49902462258746,689.6294759212702
11,H2,Small,W,0.0081536,8.1536,449661.7939524531,4.496617939524532,690.6050297423136
11,H2,Small,W,0.0081984,8.1984,449420.6562025117,4.494206562025117,691.5472626762548
11,H2,Small,W,0.0082432,8.2432,449179.0598946264,4.491790598946264,692.4573161043562
11,H2,Small,W,0.008288,8.288,448937.0155374986,4.489370155374986,693.3362920904555
11,H2,Small,W,0.0083328,8.332799999999999,448694.53327567107,4.486945332756711,694.1852547501527
11,H2,Small,W,0.008377599999999999,8.3776,448451.62290192686,4.484516229019269,695.0052315713223
11,H2,Small,W,0.0084224,8.4224,448208.29386925866,4.482082938692587,695.7972146877464
11,H2,Small,W,0.0084672,8.4672,447964.5553024239,4.4796455530242385,696.5621621075971
11,H2,Small,W,0.008512,8.512,447720.41600910015,4.477204160091001,697.3009988984244
11,H2,Small,W,0.0085568,8.556799999999999,447475.8844906552,4.474758844906552,698.0146183302445
11,H2,Small,W,0.0086016,8.6016,447230.96895254526,4.472309689525453,698.703882978261
11,H2,Small,W,0.0086464,8.6464,446985.6773143545,4.469856773143545,699.3696257866899
11,H2,Small,W,0.0086912,8.6912,446740.01721948915,4.467400172194892,700.0126510951048
11,H2,Small,W,0.008735999999999999,8.735999999999999,446493.99604453705,4.464939960445371,700.6337356286646
11,H2,Small,W,0.0087808,8.7808,446247.62090830604,4.462476209083061,701.23362945353
11,H2,Small,W,0.0088256,8.8256,446000.8986805511,4.460008986805511,701.8130568987319
11,H2,Small,W,0.008870399999999999,8.870399999999998,445753.8359904019,4.457538359904019,702.3727174456984
11,H2,Small,W,0.0089152,8.9152,445506.43923450133,4.4550643923450135,702.9132865866098
11,H2,Small,W,0.00896,8.959999999999999,445258.7145848645,4.4525871458486455,703.4354166527003
12,H2,Small,B,0.0,0.0,500000.0,5.0,293.0
12,H2,Small,B,4.48e-05,0.0448,499994.7012729854,4.999947012729853,301.3853353924321
12,H2,Small,B,8.96e-05,0.0896,499989.40254597075,4.9998940254597075,309.6011149398791
12,H2,Small,B,0.0001344,0.1344,499984.1038189561,4.999841038189561,317.6509580285608
12,H2,Small,B,0.0001792,0.1792,499978.8050919415,4.999788050919415,325.5383702390378
12,H2,Small,B,0.000224,0.224,499973.50636492687,4.999735063649268,333.2667774504366
12,H2,Small,B,0.0002688,0.2688,499968.20763791224,4.9996820763791225,340.83952782654114
12,H2,Small,B,0.0003136,0.3136,499962.9089108976,4.999629089108976,348.25989375074215
12,H2,Small,B,0.0003584,0.3584,499957.610183883,4.99957610183883,355.53107371064203
12,H2,Small,B,0.0004032,0.4032,499952.31145686837,4.999523114568683,362.6561941332019
12,H2,Small,B,0.000448,0.448,499947.01272985374,4.999470127298538,369.63831117139
12,H2,Small,B,0.0004927999999999999,0.49279999999999996,499941.7140028391,4.999417140028391,376.48041244334206
12,H2,Small,B,0.0005376,0.5376,499936.4152758245,4.999364152758245,383.18541872508354
12,H2,Small,B,0.0005824,0.5823999999999999,499931.11654880986,4.999311165488098,389.7561855978898
12,H2,Small,B,0.0006272,0.6272,499925.81782179524,4.999258178217953,396.1955050513775
12,H2,Small,B,0.000672,0.6719999999999999,499920.5190947806,4.999205190947806,402.5061070434295
12,H2,Small,B,0.0007168,0.7168,499915.220367766,4.99915220367766,408.6906610180564
12,H2,Small,B,0.0007616,0.7615999999999999,499909.92164075136,4.999099216407513,414.7517773822964
12,H2,Small,B,0.0008064,0.8064,499904.62291373673,4.999046229137368,420.69200894324536
12,H2,Small,B,0.0008512,0.8512,499899.3241867221,4.998993241867221,425.2612388767055
12,H2,Small,B,0.000896,0.896,499889.39707298164,4.998893970729816,425.26083905746594
12,H2,Small,B,0.0009408,0.9408,499858.60731522634,4.998586073152263,425.26008999075555
12,H2,Small,B,0.0009855999999999999,0.9855999999999999,499807.37272943027,4.998073727294303,425.25776662227247
12,H2,Small,B,0.0010304,1.0304,499736.11107341055,4.997361110734105,425.2539002478733
12,H2,Small,B,0.0010752,1.0752,499645.2399139594,4.996452399139594,425.24852201398596
12,H2,Small,B,0.00112,1.1199999999999999,499535.1765380695,4.995351765380695,425.2416629177796
12,H2,Small,B,0.0011648,1.1647999999999998,499406.33789889264,4.994063378988926,425.2333538103948
12,H2,Small,B,0.0012096,1.2096,499259.1405892055,4.992591405892055,425.22362540253783
12,H2,Small,B,0.0012544,1.2544,499094.0008367425,4.990940008367425,425.21250827189476
12,H2,Small,B,0.0012992,1.2992,498911.33451695804,4.989113345169581,425.20003287195277
12,H2,Small,B,0.001344,1.3439999999999999,498711.5571796906,4.987115571796906,425.18622954189743
12,H2,Small,B,0.0013888,1.3888,498495.0840869074,4.9849508408690735,425.1711285173323
12,H2,Small,B,0.0014336,1.4336,498262.330259252,4.98262330259252,425.1547599416125
12,H2,Small,B,0.0014784,1.4784,498013.71052954404,4.980137105295441,425.13715387763204
12,H2,Small,B,0.0015232,1.5231999999999999,497749.6396017184,4.977496396017184,425.1183403199304
12,H2,Small,B,0.001568,1.568,497470.53211395594,4.9747053211395595,425.09834920701354
12,H2,Small,B,0.0016128,1.6128,497176.802704972,4.97176802704972,425.0772104338028
12,H2,Small,B,0.0016576,1.6576,496868.8660825989,4.968688660825989,425.0549538641377
12,H2,Small,B,0.0017024,1.7024,496547.1370939372,4.965471370939372,425.03160934327735
12,H2,Small,B,0.0017472,1.7471999999999999,496212.0307964593,4.962120307964593,425.00720671034844
12,H2,Small,B,0.001792,1.792,495863.9625295424,4.958639625295424,424.98177581070024
12,H2,Small,B,0.0018368,1.8368,495503.3479859779,4.955033479859779,424.95534650813096
12,H2,Small,B,0.0018816,1.8816,495130.60328306566,4.951306032830656,424.9279486969556
12,H2,Small,B,0.0019264,1.9264,494746.1450329495,4.947461450329495,424.89961231388935
12,H2,Small,B,0.0019711999999999998,1.9711999999999998,494350.3904118893,4.943503904118893,424.87036734972367
12,H2,Small,B,0.002016,2.016,493943.75722819695,4.939437572281969,424.8402438607734
12,H2,Small,B,0.0020608,2.0608,493526.6639885892,4.935266639885892,424.8092719800782
12,H2,Small,B,0.0021056,2.1056,493099.52996273007,4.930995299627301,424.77748192833906
12,H2,Small,B,0.0021504,2.1504,492662.7752457519,4.926627752457519,424.74490402457354
12,H2,Small,B,0.0021952,2.1952,492216.82081855583,4.922168208185559,424.7115686964765
12,H2,Small,B,0.00224,2.2399999999999998,491762.0886057019,4.917620886057019,424.67750649046707
12,H2,Small,B,0.0022848,2.2848,491299.00153070455,4.912990015307045,424.64274808140965
12,H2,Small,B,0.0023296,2.3295999999999997,490827.98356855294,4.908279835685529,424.6073242819922
12,H2,Small,B,0.0023744,2.3744,490349.4597952781,4.903494597952781,424.57126605174653
12,H2,Small,B,0.0024192,2.4192,489863.856434387,4.8986385643438695,424.5346045056949
12,H2,Small,B,0.002464,2.464,489371.60089998244,4.893716008999824,424.4973709226055
12,H2,Small,B,0.0025088,2.5088,488873.1218363836,4.888731218363836,424.4595967528403
12,H2,Small,B,0.0025536,2.5536,488368.84915405605,4.8836884915405605,424.4213136257774
12,H2,Small,B,0.0025984,2.5984,487859.21406165377,4.878592140616537,424.3825533567871
12,H2,Small,B,0.0026432,2.6432,487344.64909396664,4.873446490939666,424.3433479537451
12,H2,Small,B,0.002688,2.6879999999999997,486825.58813555696,4.868255881355569,424.30372962305717
12,H2,Small,B,0.0027328,2.7328,486302.46643985616,4.863024664398561,424.26373077517604
12,H2,Small,B,0.0027776,2.7776,485775.7206434806,4.857757206434806,424.2233840295867
12,H2,Small,B,0.0028224,2.8224,485245.78877550864,4.852457887755087,424.18272221923144
12,H2,Small,B,0.0028672,2.8672,484713.1102614447,4.847131102614447,424.141778394352
12,H2,Small,B,0.0029119999999999997,2.9119999999999995,484178.1259215765,4.841781259215765,424.10058582571645
12,H2,Small,B,0.0029568,2.9568,483641.27796340967,4.836412779634097,424.0591780072023
12,H2,Small,B,0.0030015999999999997,3.0016,483103.0099678385,4.831030099678385,424.01758865770216
12,H2,Small,B,0.0030464,3.0463999999999998,482563.7668686858,4.825637668686857,423.97585172231555
12,H2,Small,B,0.0030911999999999997,3.0911999999999997,482023.9949252115,4.820239949252115,423.93400137279247
12,H2,Small,B,0.003136,3.136,481484.14168715605,4.814841416871561,423.89207200718454
12,H2,Small,B,0.0031807999999999997,3.1807999999999996,480944.65595184435,4.8094465595184435,423.85009824866205
12,H2,Small,B,0.0032256,3.2256,480405.98771283077,4.804059877128307,423.8081149434501
12,H2,Small,B,0.0032703999999999997,3.2703999999999995,479868.5880995154,4.798685880995154,423.7661571578324
12,H2,Small,B,0.0033152,3.3152,479332.90930710325,4.793329093071033,423.7242601741678
12,H2,Small,B,0.0033599999999999997,3.36,478799.40451621125,4.787994045162113,423.6824594858594
12,H2,Small,B,0.0034048,3.4048,478268.5278013529,4.782685278013529,423.6407907912123
12,H2,Small,B,0.0034495999999999997,3.4495999999999998,477740.7340274425,4.777407340274425,423.599289986107
12,H2,Small,B,0.0034944,3.4943999999999997,477216.47873336053,4.7721647873336055,423.5579931554113
12,H2,Small,B,0.0035391999999999997,3.5391999999999997,476696.21800150536,4.766962180015054,423.51693656304326
12,H2,Small,B,0.003584,3.584,476180.0233386458,4.761800233386458,423.47615664059094
12,H2,Small,B,0.0036287999999999997,3.6287999999999996,475667.8984876085,4.756678984876085,423.43565975890357
12,H2,Small,B,0.0036736,3.6736,475160.2717929626,4.751602717929626,423.395446981877
12,H2,Small,B,0.0037183999999999997,3.7184,474657.5715398186,4.746575715398186,423.3555527546825
12,H2,Small,B,0.0037632,3.7632,474160.22575625964,4.7416022575625965,423.3160116300291
12,H2,Small,B,0.0038079999999999998,3.808,473668.66323781136,4.736686632378113,423.2768582503789
12,H2,Small,B,0.0038528,3.8528,473183.31328241795,4.731833132824179,423.2381274261351
12,H2,Small,B,0.0038975999999999998,3.8975999999999997,472704.60489656363,4.7270460489656365,423.19985411222984
12,H2,Small,B,0.0039423999999999996,3.9423999999999997,472232.96659440536,4.722329665944054,423.16207334256234
12,H2,Small,B,0.0039872,3.9871999999999996,471768.82617837336,4.717688261783733,423.1248202107005
12,H2,Small,B,0.004032,4.032,471312.61049959436,4.713126104995943,423.08812984875726
12,H2,Small,B,0.0040768,4.0768,470864.7451962834,4.708647451962834,423.05203740430414
12,H2,Small,B,0.0041216,4.1216,470425.65440800914,4.704256544080091,423.016578015172
12,H2,Small,B,0.0041664,4.166399999999999,469995.760463456,4.69995760463456,422.9817867819666
12,H2,Small,B,0.0042112,4.2112,469575.4835389809,4.695754835389809,422.9476987381088
12,H2,Small,B,0.004256,4.256,469165.2412848819,4.691652412848819,422.9143488171814
12,H2,Small,B,0.0043008,4.3008,468765.44841584953,4.687654484158496,422.8817718173376
12,H2,Small,B,0.0043456,4.3456,468376.5162615468,4.683765162615468,422.85000236248976
12,H2,Small,B,0.0043904,4.3904,467998.85227264266,4.679988522726426,422.81907485995805
12,H2,Small,B,0.004435199999999999,4.435199999999999,467632.8594768826,4.676328594768826,422.7890234542101
12,H2,Small,B,0.00448,4.4799999999999995,467278.9358788893,4.672789358788893,422.7598819762649
12,H2,Small,B,0.0045248,4.5248,466937.4737963007,4.6693747379630075,422.7316838882661
12,H2,Small,B,0.0045696,4.5696,466608.9153854093,4.666089153854093,422.7044622226429
12,H2,Small,B,0.004614399999999999,4.6144,466293.75086728594,4.66293750867286,422.6782540043165
12,H2,Small,B,0.0046592,4.659199999999999,465991.95521445223,4.6599195521445225,422.65310011293286
12,H2,Small,B,0.004704,4.704,465703.9682797073,4.657039682797073,422.62900028964634
12,H2,Small,B,0.0047488,4.7488,465430.2524374616,4.654302524374616,422.60599135230603
12,H2,Small,B,0.004793599999999999,4.7936,465170.6972888727,4.651706972888727,422.5841119159386
12,H2,Small,B,0.0048384,4.8384,464925.2649335059,4.649252649335059,422.5633547703068
12,H2,Small,B,0.0048832,4.8831999999999995,464693.82747842564,4.646938274784256,422.54371840989035
12,H2,Small,B,0.004928,4.928,464477.3164086952,4.644773164086952,422.5251940388369
12,H2,Small,B,0.0049727999999999994,4.972799999999999,464275.83342820674,4.6427583342820675,422.507857607275
12,H2,Small,B,0.0050176,5.0176,464089.2451423459,4.640892451423459,422.49171861290796
12,H2,Small,B,0.0050624,5.0624,463919.376770263,4.63919376770263,422.476767631659
12,H2,Small,B,0.0051072,5.1072,463765.2874032811,4.637652874032811,422.463152146311
12,H2,Small,B,0.0051519999999999995,5.151999999999999,463622.26237171533,4.6362226237171535,432.6955342179152
12,H2,Small,B,0.0051968,5.1968,463475.7279728657,4.634757279728657,442.5685265968347
12,H2,Small,B,0.0052416,5.2416,463325.8026522037,4.633258026522037,452.09511877094246
12,H2,Small,B,0.0052864,5.2864,463172.6005279277,4.631726005279277,461.287806079815
12,H2,Small,B,0.0053311999999999995,5.331199999999999,463016.2315598957,4.630162315598957,470.15861011465813
12,H2,Small,B,0.005376,5.3759999999999994,462856.8017112435,4.6285680171124355,478.71909818181126
12,H2,Small,B,0.0054208,5.4208,462694.41310304735,4.6269441310304735,486.9804018768615
12,H2,Small,B,0.0054656,5.4656,462529.1641623708,4.625291641623708,494.9532348141133
12,H2,Small,B,0.0055103999999999995,5.5104,462361.1497640173,4.623611497640173,502.6479095539272
12,H2,Small,B,0.0055552,5.5552,462190.46136629215,4.621904613662921,510.07435376826726
12,H2,Small,B,0.0056,5.6,462017.1871410604,4.620171871410604,517.2421256827009
12,H2,Small,B,0.0056448,5.6448,461841.4120983734,4.618414120983734,524.1604288310829
12,H2,Small,B,0.0056895999999999995,5.6895999999999995,461663.21820591926,4.616632182059193,530.8381261572263
12,H2,Small,B,0.0057344,5.7344,461482.68450354185,4.614826845035418,537.2837534960272
12,H2,Small,B,0.0057792,5.7792,461299.8872130574,4.612998872130574,543.5055324647619
12,H2,Small,B,0.005823999999999999,5.823999999999999,461114.8998435864,4.611148998435864,549.5113827936149
12,H2,Small,B,0.0058687999999999995,5.868799999999999,460927.7932926082,4.609277932926083,555.3089341229243
12,H2,Small,B,0.0059136,5.9136,460738.63594293245,4.6073863594293245,560.9055372931423
12,H2,Small,B,0.0059584,5.9584,460547.493755773,4.60547493755773,566.3082751521016
12,H2,Small,B,0.006003199999999999,6.0032,460354.4303601007,4.603544303601007,571.5239729028489
12,H2,Small,B,0.0060479999999999996,6.047999999999999,460159.50713844027,4.601595071384403,576.559208014053
12,H2,Small,B,0.0060928,6.0927999999999995,459962.78330927045,4.599627833092705,581.4203197138111
12,H2,Small,B,0.0061376,6.1376,459764.31600617693,4.597643160061769,586.1134180865622
12,H2,Small,B,0.006182399999999999,6.1823999999999995,459564.1603539003,4.595641603539002,590.644392791763
12,H2,Small,B,0.0062272,6.2272,459362.3695414149,4.593623695414149,595.0189214219927
12,H2,Small,B,0.006272,6.272,459158.99489216675,4.591589948921667,599.2424775172166
12,H2,Small,B,0.0063168,6.3168,458954.0859315927,4.589540859315926,603.3203382510628
12,H2,Small,B,0.006361599999999999,6.361599999999999,458747.6904520373,4.587476904520373,607.2575918041315
12,H2,Small,B,0.0064064,6.4064,458539.8545751782,4.585398545751782,611.0591444385801
12,H2,Small,B,0.0064512,6.4512,458330.6228120642,4.583306228120642,614.7297272874894
12,H2,Small,B,0.006496,6.496,458120.0381208678,4.581200381208678,618.2739028718212
12,H2,Small,B,0.006540799999999999,6.540799999999999,457908.1419624463,4.579081419624463,621.6960713571269
12,H2,Small,B,0.0065856,6.5855999999999995,457694.9743538028,4.576949743538028,625.0004765615465
12,H2,Small,B,0.0066304,6.6304,457480.5739195344,4.574805739195344,628.1912117260584
12,H2,Small,B,0.0066752,6.6752,457264.9779413488,4.572649779413488,631.2722250573918
12,H2,Small,B,0.006719999999999999,6.72,457048.2224057296,4.5704822240572955,634.247325053495
12,H2,Small,B,0.0067648,6.764799999999999,456830.3420498243,4.568303420498243,637.1201856209658
12,H2,Small,B,0.0068096,6.8096,456611.3704056279,4.566113704056279,639.8943509933872
12,H2,Small,B,0.0068544,6.8544,456391.33984252886,4.563913398425289,642.5732404590793
12,H2,Small,B,0.006899199999999999,6.8991999999999996,456170.28160828515,4.561702816082851,645.1601529063643
12,H2,Small,B,0.006944,6.944,455948.22586849076,4.559482258684907,647.6582711940522
12,H2,Small,B,0.0069888,6.9887999999999995,455725.20174459345,4.5572520174459346,650.070666354492
12,H2,Small,B,0.0070336,7.0336,455501.237350521,4.55501237350521,652.4003016361788
12,H2,Small,B,0.0070783999999999994,7.078399999999999,455276.35982796986,4.552763598279698,654.6500363925838
12,H2,Small,B,0.0071232,7.1232,455050.5953804087,4.550505953804087,656.8226298235609
12,H2,Small,B,0.007168,7.168,454823.9693058472,4.548239693058472,658.9207445753887
12,H2,Small,B,0.007212799999999999,7.2128,454596.5060284173,4.545965060284173,660.9469502052283
12,H2,Small,B,0.0072575999999999995,7.257599999999999,454368.22912881325,4.543682291288133,662.9037265155123
12,H2,Small,B,0.0073024,7.3024,454139.1613736333,4.541391613736333,664.7934667635303
12,H2,Small,B,0.0073472,7.3472,453909.3247436665,4.539093247436665,666.6184807512387
12,H2,Small,B,0.007391999999999999,7.3919999999999995,453678.74046116346,4.536787404611634,668.3809978000958
12,H2,Small,B,0.0074367999999999995,7.4368,453447.42901613045,4.534474290161304,670.0831696155104
12,H2,Small,B,0.0074816,7.481599999999999,453215.41019168333,4.532154101916833,671.7270730452905
12,H2,Small,B,0.0075264,7.5264,452982.703088497,4.52982703088497,673.3147127362807
12,H2,Small,B,0.007571199999999999,7.571199999999999,452749.32614838413,4.5274932614838415,674.8480236932008
12,H2,Small,B,0.0076159999999999995,7.616,452515.2971770359,4.525152971770359,676.3288737435172
12,H2,Small,B,0.0076608,7.6608,452280.63336595596,4.52280633365956,677.7590659120181
12,H2,Small,B,0.0077056,7.7056,452045.3513136177,4.520453513136177,679.1403407086026
12,H2,Small,B,0.007750399999999999,7.750399999999999,451809.46704587335,4.5180946704587335,680.4743783326471
12,H2,Small,B,0.0077951999999999995,7.7951999999999995,451572.99603564263,4.515729960356427,681.7628007971657
12,H2,Small,B,0.00784,7.84,451335.95322190813,4.513359532219082,683.0071739758502
12,H2,Small,B,0.007884799999999999,7.884799999999999,451098.3530280418,4.510983530280417,684.2090095759422
12,H2,Small,B,0.0079296,7.9296,450860.2093794877,4.5086020937948765,685.3697670397689
12,H2,Small,B,0.0079744,7.974399999999999,450621.53572082485,4.506215357208249,686.4908553776551
12,H2,Small,B,0.008019199999999999,8.0192,450382.3450322318,4.503823450322319,687.573634934813
12,H2,Small,B,0.008064,8.064,450142.64984537574,4.501426498453758,688.6194190947049
12,H2,Small,B,0.0081088,8.108799999999999,449902.46225874603,4.49902462258746,689.6294759212702
12,H2,Small,B,0.0081536,8.1536,449661.7939524531,4.496617939524532,690.6050297423136
12,H2,Small,B,0.0081984,8.1984,449420.6562025117,4.494206562025117,691.5472626762548
12,H2,Small,B,0.0082432,8.2432,449179.0598946264,4.491790598946264,692.4573161043562
12,H2,Small,B,0.008288,8.288,448937.0155374986,4.489370155374986,693.3362920904555
12,H2,Small,B,0.0083328,8.332799999999999,448694.53327567107,4.486945332756711,694.1852547501527
12,H2,Small,B,0.008377599999999999,8.3776,448451.62290192686,4.484516229019269,695.0052315713223
12,H2,Small,B,0.0084224,8.4224,448208.29386925866,4.482082938692587,695.7972146877464
12,H2,Small,B,0.0084672,8.4672,447964.5553024239,4.4796455530242385,696.5621621075971
12,H2,Small,B,0.008512,8.512,447720.41600910015,4.477204160091001,697.3009988984244
12,H2,Small,B,0.0085568,8.556799999999999,447475.8844906552,4.474758844906552,698.0146183302445
12,H2,Small,B,0.0086016,8.6016,447230.96895254526,4.472309689525453,698.703882978261
12,H2,Small,B,0.0086464,8.6464,446985.6773143545,4.469856773143545,699.3696257866899
12,H2,Small,B,0.0086912,8.6912,446740.01721948915,4.467400172194892,700.0126510951048
12,H2,Small,B,0.008735999999999999,8.735999999999999,446493.99604453705,4.464939960445371,700.6337356286646
12,H2,Small,B,0.0087808,8.7808,446247.62090830604,4.462476209083061,701.23362945353
12,H2,Small,B,0.0088256,8.8256,446000.8986805511,4.460008986805511,701.8130568987319
12,H2,Small,B,0.008870399999999999,8.870399999999998,445753.8359904019,4.457538359904019,702.3727174456984
12,H2,Small,B,0.0089152,8.9152,445506.43923450133,4.4550643923450135,702.9132865866098
12,H2,Small,B,0.00896,8.959999999999999,445258.7145848645,4.4525871458486455,703.4354166527003
