case,heater,geom,nozzle,A_mm2,t_wall_um,D_o_um,x_m,x_mm,P_Pa,p_bar,T_K,T_sat_K,quality,alpha,in_two_phase,vap_start_m,vap_end_m,T_wall_max_K
1,H1,Large,L,5.4,54.0,266.0,0.0,0.0,500000.0,5.0,293.0,425.268435036257,0.0,0.0,False,0.001344,0.00896,493.1485301330029
1,H1,Large,L,5.4,54.0,266.0,4.48e-05,0.0448,499999.8586039718,4.999998586039718,298.8170545853672,425.2684243688111,0.0,0.0,False,0.001344,0.00896,493.1485301330029
1,H1,Large,L,5.4,54.0,266.0,8.96e-05,0.0896,499999.71720794355,4.999997172079436,304.51216255088093,425.2684137013629,0.0,0.0,False,0.001344,0.00896,493.1485301330029
1,H1,Large,L,5.4,54.0,266.0,0.0001344,0.1344,499999.57581191533,4.999995758119153,310.08797557047325,425.26840303391214,0.0,0.0,False,0.001344,0.00896,493.1485301330029
1,H1,Large,L,5.4,54.0,266.0,0.0001792,0.1792,499999.4344158871,4.999994344158871,315.5470631532976,425.26839236645884,0.0,0.0,False,0.001344,0.00896,493.1485301330029
1,H1,Large,L,5.4,54.0,266.0,0.000224,0.224,499999.2930198589,4.999992930198589,320.89193678602965,425.2683816990032,0.0,0.0,False,0.001344,0.00896,493.1485301330029
1,H1,Large,L,5.4,54.0,266.0,0.0002688,0.2688,499999.15162383066,4.999991516238307,326.12505133190166,425.2683710315451,0.0,0.0,False,0.001344,0.00896,493.1485301330029
1,H1,Large,L,5.4,54.0,266.0,0.0003136,0.3136,499999.01022780244,4.999990102278025,331.24880639442824,425.2683603640846,0.0,0.0,False,0.001344,0.00896,493.1485301330029
1,H1,Large,L,5.4,54.0,266.0,0.0003584,0.3584,499998.8688317742,4.9999886883177425,336.265547646565,425.2683496966216,0.0,0.0,False,0.001344,0.00896,493.1485301330029
1,H1,Large,L,5.4,54.0,266.0,0.0004032,0.4032,499998.727435746,4.99998727435746,341.177568126058,425.26833902915615,0.0,0.0,False,0.001344,0.00896,493.1485301330029
1,H1,Large,L,5.4,54.0,266.0,0.000448,0.448,499998.5860397178,4.999985860397178,345.9871094977532,425.26832836168825,0.0,0.0,False,0.001344,0.00896,493.1485301330029
1,H1,Large,L,5.4,54.0,266.0,0.0004927999999999999,0.49279999999999996,499998.44464368955,4.999984446436896,350.69636328363936,425.26831769421796,0.0,0.0,False,0.001344,0.00896,493.1485301330029
1,H1,Large,L,5.4,54.0,266.0,0.0005376,0.5376,499998.30324766133,4.999983032476614,355.30747206140086,425.2683070267452,0.0,0.0,False,0.001344,0.00896,493.1485301330029
1,H1,Large,L,5.4,54.0,266.0,0.0005824,0.5823999999999999,499998.1618516331,4.9999816185163315,359.82253063225227,425.26829635927004,0.0,0.0,False,0.001344,0.00896,493.1485301330029
1,H1,Large,L,5.4,54.0,266.0,0.0006272,0.6272,499998.0204556049,4.999980204556048,364.24358715882414,425.26828569179236,0.0,0.0,False,0.001344,0.00896,493.1485301330029
1,H1,Large,L,5.4,54.0,266.0,0.000672,0.6719999999999999,499997.87905957666,4.999978790595766,368.57264427385917,425.2682750243123,0.0,0.0,False,0.001344,0.00896,493.1485301330029
1,H1,Large,L,5.4,54.0,266.0,0.0007168,0.7168,499997.73766354844,4.999977376635484,372.81166016047115,425.2682643568297,0.0,0.0,False,0.001344,0.00896,493.1485301330029
1,H1,Large,L,5.4,54.0,266.0,0.0007616,0.7615999999999999,499997.5962675202,4.999975962675202,376.9625496047057,425.2682536893448,0.0,0.0,False,0.001344,0.00896,493.1485301330029
1,H1,Large,L,5.4,54.0,266.0,0.0008064,0.8064,499997.454871492,4.99997454871492,381.0271850211314,425.2682430218574,0.0,0.0,False,0.001344,0.00896,493.1485301330029
1,H1,Large,L,5.4,54.0,266.0,0.0008512,0.8512,499997.3134754638,4.9999731347546374,385.0073974521752,425.2682323543675,0.0,0.0,False,0.001344,0.00896,493.1485301330029
1,H1,Large,L,5.4,54.0,266.0,0.000896,0.896,499997.17207943555,4.999971720794355,388.9049775419031,425.2682216868752,0.0,0.0,False,0.001344,0.00896,493.1485301330029
1,H1,Large,L,5.4,54.0,266.0,0.0009408,0.9408,499997.0306834073,4.999970306834073,392.72167648493155,425.2682110193805,0.0,0.0,False,0.001344,0.00896,493.1485301330029
1,H1,Large,L,5.4,54.0,266.0,0.0009855999999999999,0.9855999999999999,499996.8892873791,4.999968892873791,396.4592069511397,425.2682003518833,0.0,0.0,False,0.001344,0.00896,493.1485301330029
1,H1,Large,L,5.4,54.0,266.0,0.0010304,1.0304,499996.7478913509,4.999967478913509,400.11924398683885,425.26818968438374,0.0,0.0,False,0.001344,0.00896,493.1485301330029
1,H1,Large,L,5.4,54.0,266.0,0.0010752,1.0752,499996.60649532266,4.9999660649532265,403.70342589303715,425.2681790168816,0.0,0.0,False,0.001344,0.00896,493.1485301330029
1,H1,Large,L,5.4,54.0,266.0,0.00112,1.1199999999999999,499996.46509929444,4.999964650992944,407.2133550814246,425.2681683493771,0.0,0.0,False,0.001344,0.00896,493.1485301330029
1,H1,Large,L,5.4,54.0,266.0,0.0011648,1.1647999999999998,499996.3237032662,4.999963237032662,410.6505989086856,425.26815768187015,0.0,0.0,False,0.001344,0.00896,493.1485301330029
1,H1,Large,L,5.4,54.0,266.0,0.0012096,1.2096,499996.182307238,4.99996182307238,414.0166904897316,425.2681470143608,0.0,0.0,False,0.001344,0.00896,493.1485301330029
1,H1,Large,L,5.4,54.0,266.0,0.0012544,1.2544,499996.04091120977,4.999960409112098,417.3131294904308,425.26813634684896,0.0,0.0,False,0.001344,0.00896,493.1485301330029
1,H1,Large,L,5.4,54.0,266.0,0.0012992,1.2992,499995.89951518155,4.9999589951518155,420.54138290039555,425.2681256793347,0.0,0.0,False,0.001344,0.00896,493.1485301330029
1,H1,Large,L,5.4,54.0,266.0,0.001344,1.3439999999999999,499995.7581191533,4.999957581191533,423.7028857863746,425.26811501181794,0.0,0.0,False,0.001344,0.00896,493.1485301330029
1,H1,Large,L,5.4,54.0,266.0,0.0013888,1.3888,499995.6167231251,4.999956167231251,425.26811501181794,425.26810434429876,0.002859720113017576,0.5188727950987936,True,0.001344,0.00896,493.1485301330029
1,H1,Large,L,5.4,54.0,266.0,0.0014336,1.4336,499995.31614572095,4.99995316145721,425.26810434429876,425.2680816674499,0.008561657289004779,0.7645577757486104,True,0.001344,0.00896,493.1485301330029
1,H1,Large,L,5.4,54.0,266.0,0.0014784,1.4784,499994.67547463335,4.999946754746333,425.2680816674499,425.26803333243754,0.014266776040619898,0.8447813802285659,True,0.001344,0.00896,493.1485301330029
1,H1,Large,L,5.4,54.0,266.0,0.0015232,1.5231999999999999,499993.66520091845,4.999936652009184,425.26803333243754,425.26795711289424,0.019974876319138496,0.8845859752373056,True,0.001344,0.00896,493.1485301330029
1,H1,Large,L,5.4,54.0,266.0,0.001568,1.568,499992.2569090753,4.999922569090753,425.26795711289424,425.2678508648846,0.025685771928266612,0.9083707387466774,True,0.001344,0.00896,493.1485301330029
1,H1,Large,L,5.4,54.0,266.0,0.0016128,1.6128,499990.42327035347,4.999904232703535,425.2678508648846,425.26771252638827,0.03139928921851453,0.924186249655435,True,0.001344,0.00896,493.1485301330029
1,H1,Large,L,5.4,54.0,266.0,0.0016576,1.6576,499988.1380354069,4.9998813803540685,425.26771252638827,425.26754011673245,0.03711526592944937,0.935462773906449,True,0.001344,0.00896,493.1485301330029
1,H1,Large,L,5.4,54.0,266.0,0.0017024,1.7024,499985.37602636346,4.999853760263635,425.26754011673245,425.26733173598143,0.04283355015965413,0.9439089278385022,True,0.001344,0.00896,493.1485301330029
1,H1,Large,L,5.4,54.0,266.0,0.0017472,1.7471999999999999,499982.1131283713,4.999821131283713,425.26733173598143,425.26708556428497,0.048553999447804905,0.9504713780823258,True,0.001344,0.00896,493.1485301330029
1,H1,Large,L,5.4,54.0,266.0,0.001792,1.792,499978.3262806748,4.999783262806748,425.26708556428497,425.26679986119353,0.054276479950727534,0.9557169732503408,True,0.001344,0.00896,493.1485301330029
1,H1,Large,L,5.4,54.0,266.0,0.0018368,1.8368,499973.993467268,4.9997399346726805,425.26679986119353,425.2664729649399,0.0600008657063398,0.9600058650012467,True,0.001344,0.00896,493.1485301330029
1,H1,Large,L,5.4,54.0,266.0,0.0018816,1.8816,499969.0937071679,4.999690937071679,425.2664729649399,425.26610329169415,0.06572703797110085,0.9635778496653462,True,0.001344,0.00896,493.1485301330029
1,H1,Large,L,5.4,54.0,266.0,0.0019264,1.9264,499963.6070443434,4.999636070443434,425.26610329169415,425.2656893347913,0.07145488462303257,0.9665987668761282,True,0.001344,0.00896,493.1485301330029
1,H1,Large,L,5.4,54.0,266.0,0.0019711999999999998,1.9711999999999998,499957.51453733456,4.9995751453733455,425.2656893347913,425.26522966393816,0.07718429962259651,0.9691869699796499,True,0.001344,0.00896,493.1485301330029
1,H1,Large,L,5.4,54.0,266.0,0.002016,2.016,499950.7982485909,4.999507982485909,425.26522966393816,425.2647229243978,0.08291518252474318,0.971429186864102,True,0.001344,0.00896,493.1485301330029
1,H1,Large,L,5.4,54.0,266.0,0.0020608,2.0608,499943.44123355503,4.9994344123355505,425.2647229243978,425.2641678361563,0.08864743803632824,0.9733904216993418,True,0.001344,0.00896,493.1485301330029
1,H1,Large,L,5.4,54.0,266.0,0.0021056,2.1056,499935.42752951616,4.999354275295162,425.2641678361563,425.26356319307257,0.09438097561383933,0.9751203557066962,True,0.001344,0.00896,493.1485301330029
1,H1,Large,L,5.4,54.0,266.0,0.0021504,2.1504,499926.74214425375,4.999267421442537,425.26356319307257,425.26290786201383,0.10011570909701797,0.9766576107411098,True,0.001344,0.00896,493.1485301330029
1,H1,Large,L,5.4,54.0,266.0,0.0021952,2.1952,499917.3710444912,4.999173710444912,425.26290786201383,425.2622007819764,0.10585155637451017,0.9780326643273439,True,0.001344,0.00896,493.1485301330029
1,H1,Large,L,5.4,54.0,266.0,0.00224,2.2399999999999998,499907.30114417634,4.999073011441763,425.2622007819764,425.2614409631947,0.11158843907815273,0.9792698888570633,True,0.001344,0.00896,493.1485301330029
1,H1,Large,L,5.4,54.0,266.0,0.0022848,2.2848,499896.5202926047,4.998965202926047,425.2614409631947,425.26062748623985,0.11732628230290973,0.9803890073148666,True,0.001344,0.00896,493.1485301330029
1,H1,Large,L,5.4,54.0,266.0,0.0023296,2.3295999999999997,499885.0172623989,4.998850172623989,425.26062748623985,425.25975950110785,0.12306501434982649,0.9814061514391539,True,0.001344,0.00896,493.1485301330029
1,H1,Large,L,5.4,54.0,266.0,0.0023744,2.3744,499872.7817373579,4.998727817373579,425.25975950110785,425.25883622629857,0.1288045664896744,0.9823346434755691,True,0.001344,0.00896,493.1485301330029
1,H1,Large,L,5.4,54.0,266.0,0.0024192,2.4192,499859.8043001867,4.998598043001867,425.25883622629857,425.2578569478871,0.1345448727452254,0.9831855822438137,True,0.001344,0.00896,493.1485301330029
1,H1,Large,L,5.4,54.0,266.0,0.002464,2.464,499846.0764201173,4.998460764201173,425.2578569478871,425.25682101858814,0.14028586969032691,0.9839682883766532,True,0.001344,0.00896,493.1485301330029
1,H1,Large,L,5.4,54.0,266.0,0.0025088,2.5088,499831.59044043056,4.998315904404306,425.25682101858814,425.25572785681305,0.14602749626415004,0.9846906466906017,True,0.001344,0.00896,493.1485301330029
1,H1,Large,L,5.4,54.0,266.0,0.0025536,2.5536,499816.3395658872,4.998163395658872,425.25572785681305,425.2545769457219,0.1517696935991604,0.9853593723878828,True,0.001344,0.00896,493.1485301330029
1,H1,Large,L,5.4,54.0,266.0,0.0025984,2.5984,499800.3178500759,4.998003178500759,425.2545769457219,425.25336783226976,0.15751240486151682,0.9859802201525443,True,0.001344,0.00896,493.1485301330029
1,H1,Large,L,5.4,54.0,266.0,0.0026432,2.6432,499783.5201826858,4.997835201826858,425.25336783226976,425.2521001262483,0.1632555751027389,0.9865581499393704,True,0.001344,0.00896,493.1485301330029
1,H1,Large,L,5.4,54.0,266.0,0.002688,2.6879999999999997,499765.94227670936,4.997659422767094,425.2521001262483,425.2507734993236,0.1689991511216042,0.9870974595708778,True,0.001344,0.00896,493.1485301330029
1,H1,Large,L,5.4,54.0,266.0,0.0027328,2.7328,499747.58065558213,4.997475806555821,425.2507734993236,425.24938768406946,0.1747430813353427,0.987601891644725,True,0.001344,0.00896,493.1485301330029
1,H1,Large,L,5.4,54.0,266.0,0.0027776,2.7776,499728.432640264,4.99728432640264,425.24938768406946,425.24794247299786,0.18048731565928766,0.9880747203764985,True,0.001344,0.00896,493.1485301330029
1,H1,Large,L,5.4,54.0,266.0,0.0028224,2.8224,499708.4963362675,4.997084963362675,425.24794247299786,425.2464377175861,0.18623180539422768,0.988518822637961,True,0.001344,0.00896,493.1485301330029
1,H1,Large,L,5.4,54.0,266.0,0.0028672,2.8672,499687.77062063705,4.99687770620637,425.2464377175861,425.2448733273011,0.19197650312077463,0.9889367364475696,True,0.001344,0.00896,493.1485301330029
1,H1,Large,L,5.4,54.0,266.0,0.0029119999999999997,2.9119999999999995,499666.25512888335,4.996662551288834,425.2448733273011,425.24324926862175,0.19772136260013048,0.9893307094250195,True,0.001344,0.00896,493.1485301330029
1,H1,Large,L,5.4,54.0,266.0,0.0029568,2.9568,499643.95024187665,4.996439502418767,425.24324926862175,425.2415655640583,0.20346633868069142,0.989702739162914,True,0.001344,0.00896,493.1485301330029
1,H1,Large,L,5.4,54.0,266.0,0.0030015999999999997,3.0016,499620.8570727021,4.9962085707270205,425.2415655640583,425.23982229117064,0.20921138720998098,0.9900546070460382,True,0.001344,0.00896,493.1485301330029
1,H1,Large,L,5.4,54.0,266.0,0.0030464,3.0463999999999998,499596.9774534801,4.995969774534801,425.23982229117064,425.23801958158367,0.21495646495144882,0.990387906726237,True,0.001344,0.00896,493.1485301330029
1,H1,Large,L,5.4,54.0,266.0,0.0030911999999999997,3.0911999999999997,499572.3139221548,4.995723139221548,425.23801958158367,425.2361576200021,0.22070152950571317,0.9907040682129111,True,0.001344,0.00896,493.1485301330029
1,H1,Large,L,5.4,54.0,266.0,0.003136,3.136,499546.86970925203,4.99546869709252,425.2361576200021,425.23423664322337,0.22644653923586183,0.9910043783469971,True,0.001344,0.00896,493.1485301330029
1,H1,Large,L,5.4,54.0,266.0,0.0031807999999999997,3.1807999999999996,499520.6487246109,4.995206487246109,425.23423664322337,425.2322569391493,0.232191453196459,0.9912899982763572,True,0.001344,0.00896,493.1485301330029
1,H1,Large,L,5.4,54.0,266.0,0.0032256,3.2256,499493.65554408915,4.9949365554408915,425.2322569391493,425.23021884579623,0.23793623106593495,0.9915619784327151,True,0.001344,0.00896,493.1485301330029
1,H1,Large,L,5.4,54.0,266.0,0.0032703999999999997,3.2703999999999995,499465.89539624477,4.994658953962448,425.23021884579623,425.22812275030446,0.24368083308206173,0.9918212714171627,True,0.001344,0.00896,493.1485301330029
1,H1,Large,L,5.4,54.0,266.0,0.0033152,3.3152,499437.37414899614,4.994373741489961,425.22812275030446,425.22596908794674,0.24942521998024172,0.9920687431272059,True,0.001344,0.00896,493.1485301330029
1,H1,Large,L,5.4,54.0,266.0,0.0033599999999999997,3.36,499408.098296261,4.99408098296261,425.22596908794674,425.223758341135,0.2551693529343572,0.9923051823990754,True,0.001344,0.00896,493.1485301330029
1,H1,Large,L,5.4,54.0,266.0,0.0034048,3.4048,499378.0749445764,4.993780749445764,425.223758341135,425.22149103842764,0.26091319349994785,0.9925313093914075,True,0.001344,0.00896,493.1485301330029
1,H1,Large,L,5.4,54.0,266.0,0.0034495999999999997,3.4495999999999998,499347.3117997008,4.9934731179970075,425.22149103842764,425.21916775353407,0.2666567035595003,0.9927477828978657,True,0.001344,0.00896,493.1485301330029
1,H1,Large,L,5.4,54.0,266.0,0.0034944,3.4943999999999997,499315.8171531983,4.993158171531983,425.21916775353407,425.21678910431996,0.2723998452696492,0.992955206745017,True,0.001344,0.00896,493.1485301330029
1,H1,Large,L,5.4,54.0,266.0,0.0035391999999999997,3.5391999999999997,499283.5998690078,4.9928359986900785,425.21678910431996,425.2143557518115,0.278142581010104,0.9931541354062184,True,0.001344,0.00896,493.1485301330029
1,H1,Large,L,5.4,54.0,266.0,0.003584,3.584,499250.66936999606,4.99250669369996,425.2143557518115,425.21186839919795,0.2838848733341248,0.9933450789413475,True,0.001344,0.00896,493.1485301330029
1,H1,Large,L,5.4,54.0,266.0,0.0036287999999999997,3.6287999999999996,499217.0356244963,4.992170356244963,425.21186839919795,425.2093277908341,0.289626684920387,0.9935285073549683,True,0.001344,0.00896,493.1485301330029
1,H1,Large,L,5.4,54.0,266.0,0.0036736,3.6736,499182.7091328331,4.991827091328331,425.2093277908341,425.20673471124246,0.29536797852607877,0.9937048544512682,True,0.001344,0.00896,493.1485301330029
1,H1,Large,L,5.4,54.0,266.0,0.0037183999999999997,3.7184,499147.7009138336,4.991477009138336,425.20673471124246,425.20408998411347,0.30110871694108815,0.9938745212522738,True,0.001344,0.00896,493.1485301330029
1,H1,Large,L,5.4,54.0,266.0,0.0037632,3.7632,499112.02249132603,4.99112022491326,425.20408998411347,425.20139447130566,0.30684886294314323,0.9940378790359898,True,0.001344,0.00896,493.1485301330029
1,H1,Large,L,5.4,54.0,266.0,0.0038079999999999998,3.808,499075.6858806253,4.990756858806253,425.20139447130566,425.1986490718452,0.3125883792537751,0.9941952720428683,True,0.001344,0.00896,493.1485301330029
1,H1,Large,L,5.4,54.0,266.0,0.0038528,3.8528,499038.70357500704,4.990387035750071,425.1986490718452,425.19585472092416,0.31832722849498085,0.9943470198920871,True,0.001344,0.00896,493.1485301330029
1,H1,Large,L,5.4,54.0,266.0,0.0038975999999999998,3.8975999999999997,499001.0885321694,4.990010885321694,425.19585472092416,425.19301238889767,0.3240653731464687,0.9944934197433017,True,0.001344,0.00896,493.1485301330029
1,H1,Large,L,5.4,54.0,266.0,0.0039423999999999996,3.9423999999999997,498962.85416068323,4.989628541606832,425.19301238889767,425.19012308028147,0.32980277550337184,0.994634748234603,True,0.001344,0.00896,493.1485301330029
1,H1,Large,L,5.4,54.0,266.0,0.0039872,3.9871999999999996,498924.01430643117,4.989240143064312,425.19012308028147,425.18718783274716,0.3355393976343224,0.9947712632232498,True,0.001344,0.00896,493.1485301330029
1,H1,Large,L,5.4,54.0,266.0,0.004032,4.032,498884.58323903545,4.988845832390354,425.18718783274716,425.18420771611676,0.3412752013397805,0.9949032053522007,True,0.001344,0.00896,493.1485301330029
1,H1,Large,L,5.4,54.0,266.0,0.0040768,4.0768,498844.5756382746,4.988445756382746,425.18420771611676,425.18118383135743,0.3470101481105158,0.995030799462445,True,0.001344,0.00896,493.1485301330029
1,H1,Large,L,5.4,54.0,266.0,0.0041216,4.1216,498804.0065804895,4.988040065804896,425.18118383135743,425.1781173095735,0.3527441990861413,0.9951542558685532,True,0.001344,0.00896,493.1485301330029
1,H1,Large,L,5.4,54.0,266.0,0.0041664,4.166399999999999,498762.89152497856,4.987628915249785,425.1781173095735,425.1750093109989,0.35847731501360347,0.9952737715126528,True,0.001344,0.00896,493.1485301330029
1,H1,Large,L,5.4,54.0,266.0,0.0042112,4.2112,498721.2463003823,4.987212463003823,425.1750093109989,425.1718610239875,0.36420945620553025,0.9953895310101345,True,0.001344,0.00896,493.1485301330029
1,H1,Large,L,5.4,54.0,266.0,0.004256,4.256,498679.08709105744,4.986790870910575,425.1718610239875,425.16867366400294,0.36994058249834383,0.9955017075987566,True,0.001344,0.00896,493.1485301330029
1,H1,Large,L,5.4,54.0,266.0,0.0043008,4.3008,498636.4304234404,4.986364304234404,425.16867366400294,425.1654484726068,0.375670653210043,0.9956104640013949,True,0.001344,0.00896,493.1485301330029
1,H1,Large,L,5.4,54.0,266.0,0.0043456,4.3456,498593.29315240076,4.985932931524007,425.1654484726068,425.1621867164463,0.38139962709756114,0.995715953211469,True,0.001344,0.00896,493.1485301330029
1,H1,Large,L,5.4,54.0,266.0,0.0043904,4.3904,498549.69244758406,4.98549692447584,425.1621867164463,425.1588896862401,0.38712746231360606,0.9958183192090059,True,0.001344,0.00896,493.1485301330029
1,H1,Large,L,5.4,54.0,266.0,0.004435199999999999,4.435199999999999,498505.6457797448,4.985056457797448,425.1588896862401,425.15555869576275,0.3928541163628867,0.9959176976143849,True,0.001344,0.00896,493.1485301330029
1,H1,Large,L,5.4,54.0,266.0,0.00448,4.4799999999999995,498461.1709070689,4.9846117090706885,425.15555869576275,425.1521950808288,0.3985795460576315,0.9960142162859934,True,0.001344,0.00896,493.1485301330029
1,H1,Large,L,5.4,54.0,266.0,0.0045248,4.5248,498416.2858614868,4.984162858614868,425.1521950808288,425.1488001982744,0.40430370747230165,0.9961079958673326,True,0.001344,0.00896,493.1485301330029
1,H1,Large,L,5.4,54.0,266.0,0.0045696,4.5696,498371.0089349763,4.983710089349763,425.1488001982744,425.14537542493815,0.4100265558974003,0.996199150288486,True,0.001344,0.00896,493.1485301330029
1,H1,Large,L,5.4,54.0,266.0,0.004614399999999999,4.6144,498325.3586658558,4.983253586658558,425.14537542493815,425.1419221566408,0.4157480457922779,0.9962877872263283,True,0.001344,0.00896,493.1485301330029
1,H1,Large,L,5.4,54.0,266.0,0.0046592,4.659199999999999,498279.3538250681,4.982793538250681,425.1419221566408,425.13844180716325,0.42146813073683087,0.9963740085273828,True,0.001344,0.00896,493.1485301330029
1,H1,Large,L,5.4,54.0,266.0,0.004704,4.704,498233.013402455,4.98233013402455,425.13844180716325,425.13493580722235,0.4271867633819866,0.9964579105968125,True,0.001344,0.00896,493.1485301330029
1,H1,Large,L,5.4,54.0,266.0,0.0047488,4.7488,498186.35659302253,4.981863565930225,425.13493580722235,425.1314056034471,0.43290389539886753,0.9965395847566666,True,0.001344,0.00896,493.1485301330029
1,H1,Large,L,5.4,54.0,266.0,0.004793599999999999,4.7936,498139.40278319747,4.981394027831975,425.1314056034471,425.1278526573518,0.4386194774265206,0.9966191175761759,True,0.001344,0.00896,493.1485301330029
1,H1,Large,L,5.4,54.0,266.0,0.0048384,4.8384,498092.1715370754,4.980921715370754,425.1278526573518,425.1242784443084,0.4443334590180953,0.9966965911766108,True,0.001344,0.00896,493.1485301330029
1,H1,Large,L,5.4,54.0,266.0,0.0048832,4.8831999999999995,498044.68258266064,4.980446825826607,425.1242784443084,425.12068445251714,0.4500457885853501,0.9967720835129534,True,0.001344,0.00896,493.1485301330029
1,H1,Large,L,5.4,54.0,266.0,0.004928,4.928,497996.95579809765,4.979969557980977,425.12068445251714,425.1170721819761,0.4557564133413596,0.9968456686344126,True,0.001344,0.00896,493.1485301330029
1,H1,Large,L,5.4,54.0,266.0,0.0049727999999999994,4.972799999999999,497949.011197896,4.97949011197896,425.1170721819761,425.1134431434489,0.4614652792412916,0.9969174169256138,True,0.001344,0.00896,493.1485301330029
1,H1,Large,L,5.4,54.0,266.0,0.0050176,5.0176,497900.86891914724,4.979008689191472,425.1134431434489,425.10979885743126,0.46717233092111643,0.9969873953301113,True,0.001344,0.00896,493.1485301330029
1,H1,Large,L,5.4,54.0,266.0,0.0050624,5.0624,497852.5492077362,4.978525492077362,425.10979885743126,425.106140853116,0.4728775116341032,0.9970556675577141,True,0.001344,0.00896,493.1485301330029
1,H1,Large,L,5.4,54.0,266.0,0.0051072,5.1072,497804.0724045456,4.9780407240454565,425.106140853116,425.1024706673567,0.4785807631849528,0.9971222942769754,True,0.001344,0.00896,493.1485301330029
1,H1,Large,L,5.4,54.0,266.0,0.0051519999999999995,5.151999999999999,497755.4589316557,4.977554589316557,425.1024706673567,425.0987898436299,0.4842820258614076,0.9971873332940666,True,0.001344,0.00896,493.1485301330029
1,H1,Large,L,5.4,54.0,266.0,0.0051968,5.1968,497706.7292785388,4.977067292785388,425.0987898436299,425.09509993099596,0.48998123836317087,0.9972508397191452,True,0.001344,0.00896,493.1485301330029
1,H1,Large,L,5.4,54.0,266.0,0.0052416,5.2416,497657.90398825024,4.976579039882503,425.09509993099596,425.0914024830588,0.4956783377279586,0.9973128661212203,True,0.001344,0.00896,493.1485301330029
1,H1,Large,L,5.4,54.0,266.0,0.0052864,5.2864,497609.0036436158,4.976090036436158,425.0914024830588,425.08769905692424,0.5013732592544984,0.9973734626724329,True,0.001344,0.00896,493.1485301330029
1,H1,Large,L,5.4,54.0,266.0,0.0053311999999999995,5.331199999999999,497560.04885341664,4.975600488534166,425.08769905692424,425.08399121215723,0.507065936422277,0.9974326772825814,True,0.001344,0.00896,493.1485301330029
1,H1,Large,L,5.4,54.0,266.0,0.005376,5.3759999999999994,497511.0602385729,4.975110602385729,425.08399121215723,425.0802805097379,0.5127563008078302,0.997490555724652,True,0.001344,0.00896,493.1485301330029
1,H1,Large,L,5.4,54.0,266.0,0.0054208,5.4208,497462.05841832666,4.974620584183267,425.0802805097379,425.0765685110166,0.5184442819973516,0.9975471417520421,True,0.001344,0.00896,493.1485301330029
1,H1,Large,L,5.4,54.0,266.0,0.0054656,5.4656,497413.0639964255,4.974130639964255,425.0765685110166,425.0728567766675,0.5241298074953892,0.9976024772081146,True,0.001344,0.00896,493.1485301330029
1,H1,Large,L,5.4,54.0,266.0,0.0055103999999999995,5.5104,497364.0975473075,4.973640975473075,425.0728567766675,425.0691468656426,0.5298128026293792,0.997656602128651,True,0.001344,0.00896,493.1485301330029
1,H1,Large,L,5.4,54.0,266.0,0.0055552,5.5552,497315.1796022893,4.973151796022893,425.0691468656426,425.0654403341231,0.5354931904497551,0.9977095548377399,True,0.001344,0.00896,493.1485301330029
1,H1,Large,L,5.4,54.0,266.0,0.0056,5.6,497266.33063575794,4.972663306357579,425.0654403341231,425.0617387344714,0.5411708916253503,0.997761372037576,True,0.001344,0.00896,493.1485301330029
1,H1,Large,L,5.4,54.0,266.0,0.0056448,5.6448,497217.5710513688,4.972175710513688,425.0617387344714,425.05804361418234,0.5468458243337975,0.9978120888926185,True,0.001344,0.00896,493.1485301330029
1,H1,Large,L,5.4,54.0,266.0,0.0056895999999999995,5.6895999999999995,497168.92116824957,4.971689211682496,425.05804361418234,425.05435651483333,0.5525179041466067,0.9978617391085124,True,0.001344,0.00896,493.1485301330029
1,H1,Large,L,5.4,54.0,266.0,0.0057344,5.7344,497120.4012072137,4.971204012072137,425.05435651483333,425.0506789710345,0.5581870439085836,0.9979103550061447,True,0.001344,0.00896,493.1485301330029
1,H1,Large,L,5.4,54.0,266.0,0.0057792,5.7792,497072.03127698344,4.970720312769834,425.0506789710345,425.0470125093788,0.5638531536112281,0.9979579675911797,True,0.001344,0.00896,493.1485301330029
1,H1,Large,L,5.4,54.0,266.0,0.005823999999999999,5.823999999999999,497023.831360425,4.97023831360425,425.0470125093788,425.0433586473921,0.5695161402597283,0.9980046066193894,True,0.001344,0.00896,493.1485301330029
1,H1,Large,L,5.4,54.0,266.0,0.0058687999999999995,5.868799999999999,496975.82130079734,4.969758213007974,425.0433586473921,425.03971889248265,0.5751759077331391,0.9980503006580649,True,0.001344,0.00896,493.1485301330029
1,H1,Large,L,5.4,54.0,266.0,0.0059136,5.9136,496928.0207880172,4.969280207880172,425.03971889248265,425.03609474089154,0.580832356637307,0.9980950771437811,True,0.001344,0.00896,493.1485301330029
1,H1,Large,L,5.4,54.0,266.0,0.0059584,5.9584,496880.44934494165,4.968804493449417,425.03609474089154,425.03248767664354,0.5864853841500721,0.9981389624367585,True,0.001344,0.00896,493.1485301330029
1,H1,Large,L,5.4,54.0,266.0,0.006003199999999999,6.0032,496833.12631367083,4.968331263136708,425.03248767664354,425.0288991704979,0.5921348838582455,0.9981819818720469,True,0.001344,0.00896,493.1485301330029
1,H1,Large,L,5.4,54.0,266.0,0.0060479999999999996,6.047999999999999,496786.07084187353,4.967860708418735,425.0288991704979,425.02533067890107,0.5977807455858257,0.9982241598077471,True,0.001344,0.00896,493.1485301330029
1,H1,Large,L,5.4,54.0,266.0,0.0060928,6.0927999999999995,496739.3018691374,4.967393018691374,425.02533067890107,425.0217836429391,0.6034228552128788,0.9982655196704562,True,0.001344,0.00896,493.1485301330029
1,H1,Large,L,5.4,54.0,266.0,0.0061376,6.1376,496692.83811334707,4.966928381133471,425.0217836429391,425.01825948729265,0.609061094484467,0.998306083998123,True,0.001344,0.00896,493.1485301330029
1,H1,Large,L,5.4,54.0,266.0,0.006182399999999999,6.1823999999999995,496646.69805709267,4.966466980570926,425.01825948729265,425.0147596191927,0.6146953408089658,0.9983458744804748,True,0.001344,0.00896,493.1485301330029
1,H1,Large,L,5.4,54.0,266.0,0.0062272,6.2272,496600.8999341119,4.96600899934112,425.0147596191927,425.0112854273782,0.6203254670450599,0.9983849119971695,True,0.001344,0.00896,493.1485301330029
1,H1,Large,L,5.4,54.0,266.0,0.006272,6.272,496555.4617157686,4.965554617157686,425.0112854273782,425.0078382810556,0.6259513412766594,0.998423216653817,True,0.001344,0.00896,493.1485301330029
1,H1,Large,L,5.4,54.0,266.0,0.0063168,6.3168,496510.4010975713,4.965104010975713,425.0078382810556,425.00441952886143,0.6315728265749208,0.9984608078159976,True,0.001344,0.00896,493.1485301330029
1,H1,Large,L,5.4,54.0,266.0,0.006361599999999999,6.361599999999999,496465.735485735,4.96465735485735,425.00441952886143,425.0010304978261,0.6371897807464931,0.9984977041414034,True,0.001344,0.00896,493.1485301330029
1,H1,Large,L,5.4,54.0,266.0,0.0064064,6.4064,496421.4819837905,4.964214819837905,425.0010304978261,424.99767249234225,0.6428020560670512,0.9985339236102138,True,0.001344,0.00896,493.1485301330029
1,H1,Large,L,5.4,54.0,266.0,0.0064512,6.4512,496377.6573792446,4.963776573792447,424.99767249234225,424.9943467931352,0.6484094989990987,0.9985694835538076,True,0.001344,0.00896,493.1485301330029
1,H1,Large,L,5.4,54.0,266.0,0.006496,6.496,496334.2781302953,4.963342781302953,424.9943467931352,424.99105465623774,0.654011949892953,0.9986044006819137,True,0.001344,0.00896,493.1485301330029
1,H1,Large,L,5.4,54.0,266.0,0.006540799999999999,6.540799999999999,496291.36035260686,4.962913603526069,424.99105465623774,424.98779731196794,0.6596092426697366,0.9986386911082873,True,0.001344,0.00896,493.1485301330029
1,H1,Large,L,5.4,54.0,266.0,0.0065856,6.5855999999999995,496248.91980614956,4.962489198061496,424.98779731196794,424.9845759639129,0.6652012044851132,0.9986723703749957,True,0.001344,0.00896,493.1485301330029
1,H1,Large,L,5.4,54.0,266.0,0.0066304,6.6304,496206.97188210784,4.962069718821079,424.9845759639129,424.9813917879159,0.670787655372403,0.9987054534753909,True,0.001344,0.00896,493.1485301330029
1,H1,Large,L,5.4,54.0,266.0,0.0066752,6.6752,496165.53158986365,4.9616553158986365,424.9813917879159,424.9782459310693,0.6763684078636116,0.9987379548758447,True,0.001344,0.00896,493.1485301330029
1,H1,Large,L,5.4,54.0,266.0,0.006719999999999999,6.72,496124.6135440596,4.961246135440597,424.9782459310693,424.97513951071346,0.6819432665867878,0.9987698885363052,True,0.001344,0.00896,493.1485301330029
1,H1,Large,L,5.4,54.0,266.0,0.0067648,6.764799999999999,496084.2319517481,4.9608423195174804,424.97513951071346,424.9720736134417,0.6875120278380012,0.99880126792975,True,0.001344,0.00896,493.1485301330029
1,H1,Large,L,5.4,54.0,266.0,0.0068096,6.8096,496044.4005996322,4.9604440059963215,424.9720736134417,424.9690492941111,0.6930744791260959,0.9988321060605737,True,0.001344,0.00896,493.1485301330029
1,H1,Large,L,5.4,54.0,266.0,0.0068544,6.8544,496005.1328414062,4.960051328414062,424.9690492941111,424.9660675748627,0.6986303986882274,0.9988624154819871,True,0.001344,0.00896,493.1485301330029
1,H1,Large,L,5.4,54.0,266.0,0.006899199999999999,6.8991999999999996,495966.44158520125,4.9596644158520125,424.9660675748627,424.9631294441471,0.7041795549740323,0.9988922083124544,True,0.001344,0.00896,493.1485301330029
1,H1,Large,L,5.4,54.0,266.0,0.006944,6.944,495928.3392811447,4.9592833928114475,424.9631294441471,424.9602358557602,0.7097217060961033,0.9989214962512296,True,0.001344,0.00896,493.1485301330029
1,H1,Large,L,5.4,54.0,266.0,0.0069888,6.9887999999999995,495890.83790904103,4.958908379090411,424.9602358557602,424.9573877278875,0.715256599244257,0.9989502905930273,True,0.001344,0.00896,493.1485301330029
1,H1,Large,L,5.4,54.0,266.0,0.0070336,7.0336,495853.94896618195,4.95853948966182,424.9573877278875,424.9545859421583,0.7207839700608737,0.9989786022418661,True,0.001344,0.00896,493.1485301330029
1,H1,Large,L,5.4,54.0,266.0,0.0070783999999999994,7.078399999999999,495817.6834552964,4.9581768345529635,424.9545859421583,424.95183134271036,0.7263035419743685,0.999006441724124,True,0.001344,0.00896,493.1485301330029
1,H1,Large,L,5.4,54.0,266.0,0.0071232,7.1232,495782.0518726484,4.957820518726484,424.95183134271036,424.9491247352665,0.7318150254876096,0.9990338192008333,True,0.001344,0.00896,493.1485301330029
1,H1,Large,L,5.4,54.0,266.0,0.007168,7.168,495747.06419629446,4.957470641962945,424.9491247352665,424.9464668862219,0.7373181174178366,0.9990607444792489,True,0.001344,0.00896,493.1485301330029
1,H1,Large,L,5.4,54.0,266.0,0.007212799999999999,7.2128,495712.7298745104,4.957127298745104,424.9464668862219,424.9438585217468,0.7428125000843502,0.9990872270237119,True,0.001344,0.00896,493.1485301330029
1,H1,Large,L,5.4,54.0,266.0,0.0072575999999999995,7.257599999999999,495679.05781440047,4.9567905781440045,424.9438585217468,424.94130032690066,0.7482978404399299,0.9991132759658388,True,0.001344,0.00896,493.1485301330029
1,H1,Large,L,5.4,54.0,266.0,0.0073024,7.3024,495646.0563707008,4.956460563707008,424.94130032690066,424.9387929447635,0.753773789141605,0.9991389001140519,True,0.001344,0.00896,493.1485301330029
1,H1,Large,L,5.4,54.0,266.0,0.0073472,7.3472,495613.7333347909,4.956137333347909,424.9387929447635,424.9363369755821,0.7592399795560382,0.999164107962473,True,0.001344,0.00896,493.1485301330029
1,H1,Large,L,5.4,54.0,266.0,0.007391999999999999,7.3919999999999995,495582.0959239275,4.955820959239275,424.9363369755821,424.9339329759335,0.7646960266943867,0.9991889076991964,True,0.001344,0.00896,493.1485301330029
1,H1,Large,L,5.4,54.0,266.0,0.0074367999999999995,7.4368,495551.1507707167,4.955511507707167,424.9339329759335,424.9315814579077,0.7701415260710792,0.9992133072139566,True,0.001344,0.00896,493.1485301330029
1,H1,Large,L,5.4,54.0,266.0,0.0074816,7.481599999999999,495520.9039128412,4.9552090391284125,424.9315814579077,424.92928288830973,0.7755760524804827,0.9992373141051984,True,0.001344,0.00896,493.1485301330029
1,H1,Large,L,5.4,54.0,266.0,0.0075264,7.5264,495491.36078306,4.9549136078306,424.92928288830973,424.92703768788255,0.7809991586849365,0.9992609356865648,True,0.001344,0.00896,493.1485301330029
1,H1,Large,L,5.4,54.0,266.0,0.007571199999999999,7.571199999999999,495462.5261995005,4.954625261995004,424.92703768788255,424.9248462305533,0.786410374007089,0.9992841789928067,True,0.001344,0.00896,493.1485301330029
1,H1,Large,L,5.4,54.0,266.0,0.0076159999999999995,7.616,495434.40435626375,4.954344043562638,424.9248462305533,424.92270884270397,0.7918092028188914,0.9993070507851174,True,0.001344,0.00896,493.1485301330029
1,H1,Large,L,5.4,54.0,266.0,0.0076608,7.6608,495406.9988143655,4.9540699881436545,424.92270884270397,424.920625802467,0.79719512291898,0.9993295575558981,True,0.001344,0.00896,493.1485301330029
1,H1,Large,L,5.4,54.0,266.0,0.0077056,7.7056,495380.31249303644,4.9538031249303645,424.920625802467,424.9185973390505,0.8025675837895047,0.9993517055329559,True,0.001344,0.00896,493.1485301330029
1,H1,Large,L,5.4,54.0,266.0,0.007750399999999999,7.750399999999999,495354.3476614092,4.953543476614092,424.9185973390505,424.91662363209247,0.8079260047227469,0.9993735006831247,True,0.001344,0.00896,493.1485301330029
1,H1,Large,L,5.4,54.0,266.0,0.0077951999999999995,7.7951999999999995,495329.1059306186,4.953291059306186,424.91662363209247,424.9147048110472,0.8132697728071012,0.9993949487153135,True,0.001344,0.00896,493.1485301330029
1,H1,Large,L,5.4,54.0,266.0,0.00784,7.84,495304.58824634756,4.953045882463476,424.9147048110472,424.9128409546066,0.8185982407611844,0.99941605508297,True,0.001344,0.00896,493.1485301330029
1,H1,Large,L,5.4,54.0,266.0,0.007884799999999999,7.884799999999999,495280.78770771023,4.9528078770771025,424.9128409546066,424.91103154474166,0.8239107246039749,0.9994368249859513,True,0.001344,0.00896,493.1485301330029
1,H1,Large,L,5.4,54.0,266.0,0.0079296,7.9296,495257.67822188034,4.952576782218803,424.91103154474166,424.90927460401997,0.8292065011673773,0.9994572633790251,True,0.001344,0.00896,493.1485301330029
1,H1,Large,L,5.4,54.0,266.0,0.0079744,7.974399999999999,495235.2593129676,4.952352593129676,424.90927460401997,424.90757010221023,0.8344848054480685,0.9994773749822762,True,0.001344,0.00896,493.1485301330029
1,H1,Large,L,5.4,54.0,266.0,0.008019199999999999,8.0192,495213.529855452,4.95213529855452,424.90757010221023,424.90591795950473,0.83974482763212,0.9994971642360632,True,0.001344,0.00896,493.1485301330029
1,H1,Large,L,5.4,54.0,266.0,0.008064,8.064,495192.4880692277,4.951924880692277,424.90591795950473,424.904318046135,0.844985709969339,0.9995166353285773,True,0.001344,0.00896,493.1485301330029
1,H1,Large,L,5.4,54.0,266.0,0.0081088,8.108799999999999,495172.1315152548,4.951721315152548,424.904318046135,424.9027701820333,0.8502102132485032,0.9995358055647495,True,0.001344,0.00896,493.1485301330029
1,H1,Large,L,5.4,54.0,266.0,0.0081536,8.1536,495152.45757156366,4.951524575715637,424.9027701820333,424.9012741730224,0.8554182834966682,0.99955468141241,True,0.001344,0.00896,493.1485301330029
1,H1,Large,L,5.4,54.0,266.0,0.0081984,8.1984,495133.46306646004,4.951334630664601,424.9012741730224,424.8998297829224,0.8606092824544792,0.9995732670761305,True,0.001344,0.00896,493.1485301330029
1,H1,Large,L,5.4,54.0,266.0,0.0082432,8.2432,495115.1442043068,4.951151442043068,424.8998297829224,424.8984367279032,0.8657825414878791,0.9995915665739262,True,0.001344,0.00896,493.1485301330029
1,H1,Large,L,5.4,54.0,266.0,0.008288,8.288,495097.4965647271,4.950974965647271,424.8984367279032,424.8970946764194,0.8709373599377513,0.9996095837388627,True,0.001344,0.00896,493.1485301330029
1,H1,Large,L,5.4,54.0,266.0,0.0083328,8.332799999999999,495080.51510255394,4.9508051510255395,424.8970946764194,424.8958032492029,0.8760730033729751,0.9996273222202675,True,0.001344,0.00896,493.1485301330029
1,H1,Large,L,5.4,54.0,266.0,0.008377599999999999,8.3776,495064.19414857175,4.950641941485718,424.8958032492029,424.89456201931716,0.881188701739972,0.9996447854846053,True,0.001344,0.00896,493.1485301330029
1,H1,Large,L,5.4,54.0,266.0,0.0084224,8.4224,495048.5274110967,4.950485274110966,424.89456201931716,424.8933705122743,0.8862836474007854,0.9996619768160088,True,0.001344,0.00896,493.1485301330029
1,H1,Large,L,5.4,54.0,266.0,0.0084672,8.4672,495033.50797844573,4.950335079784457,424.8933705122743,424.8922282062228,0.8913569930503848,0.9996788993164409,True,0.001344,0.00896,493.1485301330029
1,H1,Large,L,5.4,54.0,266.0,0.008512,8.512,495019.12832234625,4.950191283223463,424.8922282062228,424.89113453220546,0.8964078495021058,0.999695555905483,True,0.001344,0.00896,493.1485301330029
1,H1,Large,L,5.4,54.0,266.0,0.0085568,8.556799999999999,495005.3803023407,4.950053803023407,424.89113453220546,424.8900888744953,0.9014352833277628,0.9997119493197132,True,0.001344,0.00896,493.1485301330029
1,H1,Large,L,5.4,54.0,266.0,0.0086016,8.6016,494992.2551712421,4.9499225517124215,424.8900888744953,424.88909057101097,0.9064383143358056,0.9997280821116419,True,0.001344,0.00896,493.1485301330029
1,H1,Large,L,5.4,54.0,266.0,0.0086464,8.6464,494979.74358169927,4.9497974358169925,424.88909057101097,424.88813891381795,0.9114159128666138,0.9997439566481632,True,0.001344,0.00896,493.1485301330029
1,H1,Large,L,5.4,54.0,266.0,0.0086912,8.6912,494967.8355939309,4.949678355939309,424.88813891381795,424.88723314971895,0.9163669968782423,0.9997595751084538,True,0.001344,0.00896,493.1485301330029
1,H1,Large,L,5.4,54.0,266.0,0.008735999999999999,8.735999999999999,494956.5206846897,4.949565206846897,424.88723314971895,424.88637248093863,0.9212904287880607,0.999774939481244,True,0.001344,0.00896,493.1485301330029
1,H1,Large,L,5.4,54.0,266.0,0.0087808,8.7808,494945.78775751794,4.949457877575179,424.88637248093863,424.8855560659074,0.9261850120249745,0.9997900515613485,True,0.001344,0.00896,493.1485301330029
1,H1,Large,L,5.4,54.0,266.0,0.0088256,8.8256,494935.625154356,4.94935625154356,424.8855560659074,424.8847830201482,0.9310494872321337,0.9998049129453096,True,0.001344,0.00896,493.1485301330029
1,H1,Large,L,5.4,54.0,266.0,0.008870399999999999,8.870399999999998,494926.0206685634,4.949260206685634,424.8847830201482,424.8840524172716,0.935882528039617,0.9998195250259577,True,0.001344,0.00896,493.1485301330029
1,H1,Large,L,5.4,54.0,266.0,0.0089152,8.9152,494916.9615594101,4.9491696155941005,424.8840524172716,424.8833632900839,0.9406827362982153,0.9998338889856162,True,0.001344,0.00896,493.1485301330029
1,H1,Large,L,5.4,54.0,266.0,0.00896,8.959999999999999,494908.43456809164,4.949084345680917,424.8833632900839,424.8827146318098,0.9454486366257602,0.9998480057875876,True,0.001344,0.00896,493.1485301330029
2,H1,Large,W,5.4,54.0,266.0,0.0,0.0,500000.0,5.0,293.0,425.268435036257,0.0,0.0,False,0.001344,0.00896,493.1485301330029
2,H1,Large,W,5.4,54.0,266.0,4.48e-05,0.0448,499999.8586039718,4.999998586039718,298.8170545853672,425.2684243688111,0.0,0.0,False,0.001344,0.00896,493.1485301330029
2,H1,Large,W,5.4,54.0,266.0,8.96e-05,0.0896,499999.71720794355,4.999997172079436,304.51216255088093,425.2684137013629,0.0,0.0,False,0.001344,0.00896,493.1485301330029
2,H1,Large,W,5.4,54.0,266.0,0.0001344,0.1344,499999.57581191533,4.999995758119153,310.08797557047325,425.26840303391214,0.0,0.0,False,0.001344,0.00896,493.1485301330029
2,H1,Large,W,5.4,54.0,266.0,0.0001792,0.1792,499999.4344158871,4.999994344158871,315.5470631532976,425.26839236645884,0.0,0.0,False,0.001344,0.00896,493.1485301330029
2,H1,Large,W,5.4,54.0,266.0,0.000224,0.224,499999.2930198589,4.999992930198589,320.89193678602965,425.2683816990032,0.0,0.0,False,0.001344,0.00896,493.1485301330029
2,H1,Large,W,5.4,54.0,266.0,0.0002688,0.2688,499999.15162383066,4.999991516238307,326.12505133190166,425.2683710315451,0.0,0.0,False,0.001344,0.00896,493.1485301330029
2,H1,Large,W,5.4,54.0,266.0,0.0003136,0.3136,499999.01022780244,4.999990102278025,331.24880639442824,425.2683603640846,0.0,0.0,False,0.001344,0.00896,493.1485301330029
2,H1,Large,W,5.4,54.0,266.0,0.0003584,0.3584,499998.8688317742,4.9999886883177425,336.265547646565,425.2683496966216,0.0,0.0,False,0.001344,0.00896,493.1485301330029
2,H1,Large,W,5.4,54.0,266.0,0.0004032,0.4032,499998.727435746,4.99998727435746,341.177568126058,425.26833902915615,0.0,0.0,False,0.001344,0.00896,493.1485301330029
2,H1,Large,W,5.4,54.0,266.0,0.000448,0.448,499998.5860397178,4.999985860397178,345.9871094977532,425.26832836168825,0.0,0.0,False,0.001344,0.00896,493.1485301330029
2,H1,Large,W,5.4,54.0,266.0,0.0004927999999999999,0.49279999999999996,499998.44464368955,4.999984446436896,350.69636328363936,425.26831769421796,0.0,0.0,False,0.001344,0.00896,493.1485301330029
2,H1,Large,W,5.4,54.0,266.0,0.0005376,0.5376,499998.30324766133,4.999983032476614,355.30747206140086,425.2683070267452,0.0,0.0,False,0.001344,0.00896,493.1485301330029
2,H1,Large,W,5.4,54.0,266.0,0.0005824,0.5823999999999999,499998.1618516331,4.9999816185163315,359.82253063225227,425.26829635927004,0.0,0.0,False,0.001344,0.00896,493.1485301330029
2,H1,Large,W,5.4,54.0,266.0,0.0006272,0.6272,499998.0204556049,4.999980204556048,364.24358715882414,425.26828569179236,0.0,0.0,False,0.001344,0.00896,493.1485301330029
2,H1,Large,W,5.4,54.0,266.0,0.000672,0.6719999999999999,499997.87905957666,4.999978790595766,368.57264427385917,425.2682750243123,0.0,0.0,False,0.001344,0.00896,493.1485301330029
2,H1,Large,W,5.4,54.0,266.0,0.0007168,0.7168,499997.73766354844,4.999977376635484,372.81166016047115,425.2682643568297,0.0,0.0,False,0.001344,0.00896,493.1485301330029
2,H1,Large,W,5.4,54.0,266.0,0.0007616,0.7615999999999999,499997.5962675202,4.999975962675202,376.9625496047057,425.2682536893448,0.0,0.0,False,0.001344,0.00896,493.1485301330029
2,H1,Large,W,5.4,54.0,266.0,0.0008064,0.8064,499997.454871492,4.99997454871492,381.0271850211314,425.2682430218574,0.0,0.0,False,0.001344,0.00896,493.1485301330029
2,H1,Large,W,5.4,54.0,266.0,0.0008512,0.8512,499997.3134754638,4.9999731347546374,385.0073974521752,425.2682323543675,0.0,0.0,False,0.001344,0.00896,493.1485301330029
2,H1,Large,W,5.4,54.0,266.0,0.000896,0.896,499997.17207943555,4.999971720794355,388.9049775419031,425.2682216868752,0.0,0.0,False,0.001344,0.00896,493.1485301330029
2,H1,Large,W,5.4,54.0,266.0,0.0009408,0.9408,499997.0306834073,4.999970306834073,392.72167648493155,425.2682110193805,0.0,0.0,False,0.001344,0.00896,493.1485301330029
2,H1,Large,W,5.4,54.0,266.0,0.0009855999999999999,0.9855999999999999,499996.8892873791,4.999968892873791,396.4592069511397,425.2682003518833,0.0,0.0,False,0.001344,0.00896,493.1485301330029
2,H1,Large,W,5.4,54.0,266.0,0.0010304,1.0304,499996.7478913509,4.999967478913509,400.11924398683885,425.26818968438374,0.0,0.0,False,0.001344,0.00896,493.1485301330029
2,H1,Large,W,5.4,54.0,266.0,0.0010752,1.0752,499996.60649532266,4.9999660649532265,403.70342589303715,425.2681790168816,0.0,0.0,False,0.001344,0.00896,493.1485301330029
2,H1,Large,W,5.4,54.0,266.0,0.00112,1.1199999999999999,499996.46509929444,4.999964650992944,407.2133550814246,425.2681683493771,0.0,0.0,False,0.001344,0.00896,493.1485301330029
2,H1,Large,W,5.4,54.0,266.0,0.0011648,1.1647999999999998,499996.3237032662,4.999963237032662,410.6505989086856,425.26815768187015,0.0,0.0,False,0.001344,0.00896,493.1485301330029
2,H1,Large,W,5.4,54.0,266.0,0.0012096,1.2096,499996.182307238,4.99996182307238,414.0166904897316,425.2681470143608,0.0,0.0,False,0.001344,0.00896,493.1485301330029
2,H1,Large,W,5.4,54.0,266.0,0.0012544,1.2544,499996.04091120977,4.999960409112098,417.3131294904308,425.26813634684896,0.0,0.0,False,0.001344,0.00896,493.1485301330029
2,H1,Large,W,5.4,54.0,266.0,0.0012992,1.2992,499995.89951518155,4.9999589951518155,420.54138290039555,425.2681256793347,0.0,0.0,False,0.001344,0.00896,493.1485301330029
2,H1,Large,W,5.4,54.0,266.0,0.001344,1.3439999999999999,499995.7581191533,4.999957581191533,423.7028857863746,425.26811501181794,0.0,0.0,False,0.001344,0.00896,493.1485301330029
2,H1,Large,W,5.4,54.0,266.0,0.0013888,1.3888,499995.6167231251,4.999956167231251,425.26811501181794,425.26810434429876,0.002859720113017576,0.5188727950987936,True,0.001344,0.00896,493.1485301330029
2,H1,Large,W,5.4,54.0,266.0,0.0014336,1.4336,499995.31614572095,4.99995316145721,425.26810434429876,425.2680816674499,0.008561657289004779,0.7645577757486104,True,0.001344,0.00896,493.1485301330029
2,H1,Large,W,5.4,54.0,266.0,0.0014784,1.4784,499994.67547463335,4.999946754746333,425.2680816674499,425.26803333243754,0.014266776040619898,0.8447813802285659,True,0.001344,0.00896,493.1485301330029
2,H1,Large,W,5.4,54.0,266.0,0.0015232,1.5231999999999999,499993.66520091845,4.999936652009184,425.26803333243754,425.26795711289424,0.019974876319138496,0.8845859752373056,True,0.001344,0.00896,493.1485301330029
2,H1,Large,W,5.4,54.0,266.0,0.001568,1.568,499992.2569090753,4.999922569090753,425.26795711289424,425.2678508648846,0.025685771928266612,0.9083707387466774,True,0.001344,0.00896,493.1485301330029
2,H1,Large,W,5.4,54.0,266.0,0.0016128,1.6128,499990.42327035347,4.999904232703535,425.2678508648846,425.26771252638827,0.03139928921851453,0.924186249655435,True,0.001344,0.00896,493.1485301330029
2,H1,Large,W,5.4,54.0,266.0,0.0016576,1.6576,499988.1380354069,4.9998813803540685,425.26771252638827,425.26754011673245,0.03711526592944937,0.935462773906449,True,0.001344,0.00896,493.1485301330029
2,H1,Large,W,5.4,54.0,266.0,0.0017024,1.7024,499985.37602636346,4.999853760263635,425.26754011673245,425.26733173598143,0.04283355015965413,0.9439089278385022,True,0.001344,0.00896,493.1485301330029
2,H1,Large,W,5.4,54.0,266.0,0.0017472,1.7471999999999999,499982.1131283713,4.999821131283713,425.26733173598143,425.26708556428497,0.048553999447804905,0.9504713780823258,True,0.001344,0.00896,493.1485301330029
2,H1,Large,W,5.4,54.0,266.0,0.001792,1.792,499978.3262806748,4.999783262806748,425.26708556428497,425.26679986119353,0.054276479950727534,0.9557169732503408,True,0.001344,0.00896,493.1485301330029
2,H1,Large,W,5.4,54.0,266.0,0.0018368,1.8368,499973.993467268,4.9997399346726805,425.26679986119353,425.2664729649399,0.0600008657063398,0.9600058650012467,True,0.001344,0.00896,493.1485301330029
2,H1,Large,W,5.4,54.0,266.0,0.0018816,1.8816,499969.0937071679,4.999690937071679,425.2664729649399,425.26610329169415,0.06572703797110085,0.9635778496653462,True,0.001344,0.00896,493.1485301330029
2,H1,Large,W,5.4,54.0,266.0,0.0019264,1.9264,499963.6070443434,4.999636070443434,425.26610329169415,425.2656893347913,0.07145488462303257,0.9665987668761282,True,0.001344,0.00896,493.1485301330029
2,H1,Large,W,5.4,54.0,266.0,0.0019711999999999998,1.9711999999999998,499957.51453733456,4.9995751453733455,425.2656893347913,425.26522966393816,0.07718429962259651,0.9691869699796499,True,0.001344,0.00896,493.1485301330029
2,H1,Large,W,5.4,54.0,266.0,0.002016,2.016,499950.7982485909,4.999507982485909,425.26522966393816,425.2647229243978,0.08291518252474318,0.971429186864102,True,0.001344,0.00896,493.1485301330029
2,H1,Large,W,5.4,54.0,266.0,0.0020608,2.0608,499943.44123355503,4.9994344123355505,425.2647229243978,425.2641678361563,0.08864743803632824,0.9733904216993418,True,0.001344,0.00896,493.1485301330029
2,H1,Large,W,5.4,54.0,266.0,0.0021056,2.1056,499935.42752951616,4.999354275295162,425.2641678361563,425.26356319307257,0.09438097561383933,0.9751203557066962,True,0.001344,0.00896,493.1485301330029
2,H1,Large,W,5.4,54.0,266.0,0.0021504,2.1504,499926.74214425375,4.999267421442537,425.26356319307257,425.26290786201383,0.10011570909701797,0.9766576107411098,True,0.001344,0.00896,493.1485301330029
2,H1,Large,W,5.4,54.0,266.0,0.0021952,2.1952,499917.3710444912,4.999173710444912,425.26290786201383,425.2622007819764,0.10585155637451017,0.9780326643273439,True,0.001344,0.00896,493.1485301330029
2,H1,Large,W,5.4,54.0,266.0,0.00224,2.2399999999999998,499907.30114417634,4.999073011441763,425.2622007819764,425.2614409631947,0.11158843907815273,0.9792698888570633,True,0.001344,0.00896,493.1485301330029
2,H1,Large,W,5.4,54.0,266.0,0.0022848,2.2848,499896.5202926047,4.998965202926047,425.2614409631947,425.26062748623985,0.11732628230290973,0.9803890073148666,True,0.001344,0.00896,493.1485301330029
2,H1,Large,W,5.4,54.0,266.0,0.0023296,2.3295999999999997,499885.0172623989,4.998850172623989,425.26062748623985,425.25975950110785,0.12306501434982649,0.9814061514391539,True,0.001344,0.00896,493.1485301330029
2,H1,Large,W,5.4,54.0,266.0,0.0023744,2.3744,499872.7817373579,4.998727817373579,425.25975950110785,425.25883622629857,0.1288045664896744,0.9823346434755691,True,0.001344,0.00896,493.1485301330029
2,H1,Large,W,5.4,54.0,266.0,0.0024192,2.4192,499859.8043001867,4.998598043001867,425.25883622629857,425.2578569478871,0.1345448727452254,0.9831855822438137,True,0.001344,0.00896,493.1485301330029
2,H1,Large,W,5.4,54.0,266.0,0.002464,2.464,499846.0764201173,4.998460764201173,425.2578569478871,425.25682101858814,0.14028586969032691,0.9839682883766532,True,0.001344,0.00896,493.1485301330029
2,H1,Large,W,5.4,54.0,266.0,0.0025088,2.5088,499831.59044043056,4.998315904404306,425.25682101858814,425.25572785681305,0.14602749626415004,0.9846906466906017,True,0.001344,0.00896,493.1485301330029
2,H1,Large,W,5.4,54.0,266.0,0.0025536,2.5536,499816.3395658872,4.998163395658872,425.25572785681305,425.2545769457219,0.1517696935991604,0.9853593723878828,True,0.001344,0.00896,493.1485301330029
2,H1,Large,W,5.4,54.0,266.0,0.0025984,2.5984,499800.3178500759,4.998003178500759,425.2545769457219,425.25336783226976,0.15751240486151682,0.9859802201525443,True,0.001344,0.00896,493.1485301330029
2,H1,Large,W,5.4,54.0,266.0,0.0026432,2.6432,499783.5201826858,4.997835201826858,425.25336783226976,425.2521001262483,0.1632555751027389,0.9865581499393704,True,0.001344,0.00896,493.1485301330029
2,H1,Large,W,5.4,54.0,266.0,0.002688,2.6879999999999997,499765.94227670936,4.997659422767094,425.2521001262483,425.2507734993236,0.1689991511216042,0.9870974595708778,True,0.001344,0.00896,493.1485301330029
2,H1,Large,W,5.4,54.0,266.0,0.0027328,2.7328,499747.58065558213,4.997475806555821,425.2507734993236,425.24938768406946,0.1747430813353427,0.987601891644725,True,0.001344,0.00896,493.1485301330029
2,H1,Large,W,5.4,54.0,266.0,0.0027776,2.7776,499728.432640264,4.99728432640264,425.24938768406946,425.24794247299786,0.18048731565928766,0.9880747203764985,True,0.001344,0.00896,493.1485301330029
2,H1,Large,W,5.4,54.0,266.0,0.0028224,2.8224,499708.4963362675,4.997084963362675,425.24794247299786,425.2464377175861,0.18623180539422768,0.988518822637961,True,0.001344,0.00896,493.1485301330029
2,H1,Large,W,5.4,54.0,266.0,0.0028672,2.8672,499687.77062063705,4.99687770620637,425.2464377175861,425.2448733273011,0.19197650312077463,0.9889367364475696,True,0.001344,0.00896,493.1485301330029
2,H1,Large,W,5.4,54.0,266.0,0.0029119999999999997,2.9119999999999995,499666.25512888335,4.996662551288834,425.2448733273011,425.24324926862175,0.19772136260013048,0.9893307094250195,True,0.001344,0.00896,493.1485301330029
2,H1,Large,W,5.4,54.0,266.0,0.0029568,2.9568,499643.95024187665,4.996439502418767,425.24324926862175,425.2415655640583,0.20346633868069142,0.989702739162914,True,0.001344,0.00896,493.1485301330029
2,H1,Large,W,5.4,54.0,266.0,0.0030015999999999997,3.0016,499620.8570727021,4.9962085707270205,425.2415655640583,425.23982229117064,0.20921138720998098,0.9900546070460382,True,0.001344,0.00896,493.1485301330029
2,H1,Large,W,5.4,54.0,266.0,0.0030464,3.0463999999999998,499596.9774534801,4.995969774534801,425.23982229117064,425.23801958158367,0.21495646495144882,0.990387906726237,True,0.001344,0.00896,493.1485301330029
2,H1,Large,W,5.4,54.0,266.0,0.0030911999999999997,3.0911999999999997,499572.3139221548,4.995723139221548,425.23801958158367,425.2361576200021,0.22070152950571317,0.9907040682129111,True,0.001344,0.00896,493.1485301330029
2,H1,Large,W,5.4,54.0,266.0,0.003136,3.136,499546.86970925203,4.99546869709252,425.2361576200021,425.23423664322337,0.22644653923586183,0.9910043783469971,True,0.001344,0.00896,493.1485301330029
2,H1,Large,W,5.4,54.0,266.0,0.0031807999999999997,3.1807999999999996,499520.6487246109,4.995206487246109,425.23423664322337,425.2322569391493,0.232191453196459,0.9912899982763572,True,0.001344,0.00896,493.1485301330029
2,H1,Large,W,5.4,54.0,266.0,0.0032256,3.2256,499493.65554408915,4.9949365554408915,425.2322569391493,425.23021884579623,0.23793623106593495,0.9915619784327151,True,0.001344,0.00896,493.1485301330029
2,H1,Large,W,5.4,54.0,266.0,0.0032703999999999997,3.2703999999999995,499465.89539624477,4.994658953962448,425.23021884579623,425.22812275030446,0.24368083308206173,0.9918212714171627,True,0.001344,0.00896,493.1485301330029
2,H1,Large,W,5.4,54.0,266.0,0.0033152,3.3152,499437.37414899614,4.994373741489961,425.22812275030446,425.22596908794674,0.24942521998024172,0.9920687431272059,True,0.001344,0.00896,493.1485301330029
2,H1,Large,W,5.4,54.0,266.0,0.0033599999999999997,3.36,499408.098296261,4.99408098296261,425.22596908794674,425.223758341135,0.2551693529343572,0.9923051823990754,True,0.001344,0.00896,493.1485301330029
2,H1,Large,W,5.4,54.0,266.0,0.0034048,3.4048,499378.0749445764,4.993780749445764,425.223758341135,425.22149103842764,0.26091319349994785,0.9925313093914075,True,0.001344,0.00896,493.1485301330029
2,H1,Large,W,5.4,54.0,266.0,0.0034495999999999997,3.4495999999999998,499347.3117997008,4.9934731179970075,425.22149103842764,425.21916775353407,0.2666567035595003,0.9927477828978657,True,0.001344,0.00896,493.1485301330029
2,H1,Large,W,5.4,54.0,266.0,0.0034944,3.4943999999999997,499315.8171531983,4.993158171531983,425.21916775353407,425.21678910431996,0.2723998452696492,0.992955206745017,True,0.001344,0.00896,493.1485301330029
2,H1,Large,W,5.4,54.0,266.0,0.0035391999999999997,3.5391999999999997,499283.5998690078,4.9928359986900785,425.21678910431996,425.2143557518115,0.278142581010104,0.9931541354062184,True,0.001344,0.00896,493.1485301330029
2,H1,Large,W,5.4,54.0,266.0,0.003584,3.584,499250.66936999606,4.99250669369996,425.2143557518115,425.21186839919795,0.2838848733341248,0.9933450789413475,True,0.001344,0.00896,493.1485301330029
2,H1,Large,W,5.4,54.0,266.0,0.0036287999999999997,3.6287999999999996,499217.0356244963,4.992170356244963,425.21186839919795,425.2093277908341,0.289626684920387,0.9935285073549683,True,0.001344,0.00896,493.1485301330029
2,H1,Large,W,5.4,54.0,266.0,0.0036736,3.6736,499182.7091328331,4.991827091328331,425.2093277908341,425.20673471124246,0.29536797852607877,0.9937048544512682,True,0.001344,0.00896,493.1485301330029
2,H1,Large,W,5.4,54.0,266.0,0.0037183999999999997,3.7184,499147.7009138336,4.991477009138336,425.20673471124246,425.20408998411347,0.30110871694108815,0.9938745212522738,True,0.001344,0.00896,493.1485301330029
2,H1,Large,W,5.4,54.0,266.0,0.0037632,3.7632,499112.02249132603,4.99112022491326,425.20408998411347,425.20139447130566,0.30684886294314323,0.9940378790359898,True,0.001344,0.00896,493.1485301330029
2,H1,Large,W,5.4,54.0,266.0,0.0038079999999999998,3.808,499075.6858806253,4.990756858806253,425.20139447130566,425.1986490718452,0.3125883792537751,0.9941952720428683,True,0.001344,0.00896,493.1485301330029
2,H1,Large,W,5.4,54.0,266.0,0.0038528,3.8528,499038.70357500704,4.990387035750071,425.1986490718452,425.19585472092416,0.31832722849498085,0.9943470198920871,True,0.001344,0.00896,493.1485301330029
2,H1,Large,W,5.4,54.0,266.0,0.0038975999999999998,3.8975999999999997,499001.0885321694,4.990010885321694,425.19585472092416,425.19301238889767,0.3240653731464687,0.9944934197433017,True,0.001344,0.00896,493.1485301330029
2,H1,Large,W,5.4,54.0,266.0,0.0039423999999999996,3.9423999999999997,498962.85416068323,4.989628541606832,425.19301238889767,425.19012308028147,0.32980277550337184,0.994634748234603,True,0.001344,0.00896,493.1485301330029
2,H1,Large,W,5.4,54.0,266.0,0.0039872,3.9871999999999996,498924.01430643117,4.989240143064312,425.19012308028147,425.18718783274716,0.3355393976343224,0.9947712632232498,True,0.001344,0.00896,493.1485301330029
2,H1,Large,W,5.4,54.0,266.0,0.004032,4.032,498884.58323903545,4.988845832390354,425.18718783274716,425.18420771611676,0.3412752013397805,0.9949032053522007,True,0.001344,0.00896,493.1485301330029
2,H1,Large,W,5.4,54.0,266.0,0.0040768,4.0768,498844.5756382746,4.988445756382746,425.18420771611676,425.18118383135743,0.3470101481105158,0.995030799462445,True,0.001344,0.00896,493.1485301330029
2,H1,Large,W,5.4,54.0,266.0,0.0041216,4.1216,498804.0065804895,4.988040065804896,425.18118383135743,425.1781173095735,0.3527441990861413,0.9951542558685532,True,0.001344,0.00896,493.1485301330029
2,H1,Large,W,5.4,54.0,266.0,0.0041664,4.166399999999999,498762.89152497856,4.987628915249785,425.1781173095735,425.1750093109989,0.35847731501360347,0.9952737715126528,True,0.001344,0.00896,493.1485301330029
2,H1,Large,W,5.4,54.0,266.0,0.0042112,4.2112,498721.2463003823,4.987212463003823,425.1750093109989,425.1718610239875,0.36420945620553025,0.9953895310101345,True,0.001344,0.00896,493.1485301330029
2,H1,Large,W,5.4,54.0,266.0,0.004256,4.256,498679.08709105744,4.986790870910575,425.1718610239875,425.16867366400294,0.36994058249834383,0.9955017075987566,True,0.001344,0.00896,493.1485301330029
2,H1,Large,W,5.4,54.0,266.0,0.0043008,4.3008,498636.4304234404,4.986364304234404,425.16867366400294,425.1654484726068,0.375670653210043,0.9956104640013949,True,0.001344,0.00896,493.1485301330029
2,H1,Large,W,5.4,54.0,266.0,0.0043456,4.3456,498593.29315240076,4.985932931524007,425.1654484726068,425.1621867164463,0.38139962709756114,0.995715953211469,True,0.001344,0.00896,493.1485301330029
2,H1,Large,W,5.4,54.0,266.0,0.0043904,4.3904,498549.69244758406,4.98549692447584,425.1621867164463,425.1588896862401,0.38712746231360606,0.9958183192090059,True,0.001344,0.00896,493.1485301330029
2,H1,Large,W,5.4,54.0,266.0,0.004435199999999999,4.435199999999999,498505.6457797448,4.985056457797448,425.1588896862401,425.15555869576275,0.3928541163628867,0.9959176976143849,True,0.001344,0.00896,493.1485301330029
2,H1,Large,W,5.4,54.0,266.0,0.00448,4.4799999999999995,498461.1709070689,4.9846117090706885,425.15555869576275,425.1521950808288,0.3985795460576315,0.9960142162859934,True,0.001344,0.00896,493.1485301330029
2,H1,Large,W,5.4,54.0,266.0,0.0045248,4.5248,498416.2858614868,4.984162858614868,425.1521950808288,425.1488001982744,0.40430370747230165,0.9961079958673326,True,0.001344,0.00896,493.1485301330029
2,H1,Large,W,5.4,54.0,266.0,0.0045696,4.5696,498371.0089349763,4.983710089349763,425.1488001982744,425.14537542493815,0.4100265558974003,0.996199150288486,True,0.001344,0.00896,493.1485301330029
2,H1,Large,W,5.4,54.0,266.0,0.004614399999999999,4.6144,498325.3586658558,4.983253586658558,425.14537542493815,425.1419221566408,0.4157480457922779,0.9962877872263283,True,0.001344,0.00896,493.1485301330029
2,H1,Large,W,5.4,54.0,266.0,0.0046592,4.659199999999999,498279.3538250681,4.982793538250681,425.1419221566408,425.13844180716325,0.42146813073683087,0.9963740085273828,True,0.001344,0.00896,493.1485301330029
2,H1,Large,W,5.4,54.0,266.0,0.004704,4.704,498233.013402455,4.98233013402455,425.13844180716325,425.13493580722235,0.4271867633819866,0.9964579105968125,True,0.001344,0.00896,493.1485301330029
2,H1,Large,W,5.4,54.0,266.0,0.0047488,4.7488,498186.35659302253,4.981863565930225,425.13493580722235,425.1314056034471,0.43290389539886753,0.9965395847566666,True,0.001344,0.00896,493.1485301330029
2,H1,Large,W,5.4,54.0,266.0,0.004793599999999999,4.7936,498139.40278319747,4.981394027831975,425.1314056034471,425.1278526573518,0.4386194774265206,0.9966191175761759,True,0.001344,0.00896,493.1485301330029
2,H1,Large,W,5.4,54.0,266.0,0.0048384,4.8384,498092.1715370754,4.980921715370754,425.1278526573518,425.1242784443084,0.4443334590180953,0.9966965911766108,True,0.001344,0.00896,493.1485301330029
2,H1,Large,W,5.4,54.0,266.0,0.0048832,4.8831999999999995,498044.68258266064,4.980446825826607,425.1242784443084,425.12068445251714,0.4500457885853501,0.9967720835129534,True,0.001344,0.00896,493.1485301330029
2,H1,Large,W,5.4,54.0,266.0,0.004928,4.928,497996.95579809765,4.979969557980977,425.12068445251714,425.1170721819761,0.4557564133413596,0.9968456686344126,True,0.001344,0.00896,493.1485301330029
2,H1,Large,W,5.4,54.0,266.0,0.0049727999999999994,4.972799999999999,497949.011197896,4.97949011197896,425.1170721819761,425.1134431434489,0.4614652792412916,0.9969174169256138,True,0.001344,0.00896,493.1485301330029
2,H1,Large,W,5.4,54.0,266.0,0.0050176,5.0176,497900.86891914724,4.979008689191472,425.1134431434489,425.10979885743126,0.46717233092111643,0.9969873953301113,True,0.001344,0.00896,493.1485301330029
2,H1,Large,W,5.4,54.0,266.0,0.0050624,5.0624,497852.5492077362,4.978525492077362,425.10979885743126,425.106140853116,0.4728775116341032,0.9970556675577141,True,0.001344,0.00896,493.1485301330029
2,H1,Large,W,5.4,54.0,266.0,0.0051072,5.1072,497804.0724045456,4.9780407240454565,425.106140853116,425.1024706673567,0.4785807631849528,0.9971222942769754,True,0.001344,0.00896,493.1485301330029
2,H1,Large,W,5.4,54.0,266.0,0.0051519999999999995,5.151999999999999,497755.4589316557,4.977554589316557,425.1024706673567,425.0987898436299,0.4842820258614076,0.9971873332940666,True,0.001344,0.00896,493.1485301330029
2,H1,Large,W,5.4,54.0,266.0,0.0051968,5.1968,497706.7292785388,4.977067292785388,425.0987898436299,425.09509993099596,0.48998123836317087,0.9972508397191452,True,0.001344,0.00896,493.1485301330029
2,H1,Large,W,5.4,54.0,266.0,0.0052416,5.2416,497657.90398825024,4.976579039882503,425.09509993099596,425.0914024830588,0.4956783377279586,0.9973128661212203,True,0.001344,0.00896,493.1485301330029
2,H1,Large,W,5.4,54.0,266.0,0.0052864,5.2864,497609.0036436158,4.976090036436158,425.0914024830588,425.08769905692424,0.5013732592544984,0.9973734626724329,True,0.001344,0.00896,493.1485301330029
2,H1,Large,W,5.4,54.0,266.0,0.0053311999999999995,5.331199999999999,497560.04885341664,4.975600488534166,425.08769905692424,425.08399121215723,0.507065936422277,0.9974326772825814,True,0.001344,0.00896,493.1485301330029
2,H1,Large,W,5.4,54.0,266.0,0.005376,5.3759999999999994,497511.0602385729,4.975110602385729,425.08399121215723,425.0802805097379,0.5127563008078302,0.997490555724652,True,0.001344,0.00896,493.1485301330029
2,H1,Large,W,5.4,54.0,266.0,0.0054208,5.4208,497462.05841832666,4.974620584183267,425.0802805097379,425.0765685110166,0.5184442819973516,0.9975471417520421,True,0.001344,0.00896,493.1485301330029
2,H1,Large,W,5.4,54.0,266.0,0.0054656,5.4656,497413.0639964255,4.974130639964255,425.0765685110166,425.0728567766675,0.5241298074953892,0.9976024772081146,True,0.001344,0.00896,493.1485301330029
2,H1,Large,W,5.4,54.0,266.0,0.0055103999999999995,5.5104,497364.0975473075,4.973640975473075,425.0728567766675,425.0691468656426,0.5298128026293792,0.997656602128651,True,0.001344,0.00896,493.1485301330029
2,H1,Large,W,5.4,54.0,266.0,0.0055552,5.5552,497315.1796022893,4.973151796022893,425.0691468656426,425.0654403341231,0.5354931904497551,0.9977095548377399,True,0.001344,0.00896,493.1485301330029
2,H1,Large,W,5.4,54.0,266.0,0.0056,5.6,497266.33063575794,4.972663306357579,425.0654403341231,425.0617387344714,0.5411708916253503,0.997761372037576,True,0.001344,0.00896,493.1485301330029
2,H1,Large,W,5.4,54.0,266.0,0.0056448,5.6448,497217.5710513688,4.972175710513688,425.0617387344714,425.05804361418234,0.5468458243337975,0.9978120888926185,True,0.001344,0.00896,493.1485301330029
2,H1,Large,W,5.4,54.0,266.0,0.0056895999999999995,5.6895999999999995,497168.92116824957,4.971689211682496,425.05804361418234,425.05435651483333,0.5525179041466067,0.9978617391085124,True,0.001344,0.00896,493.1485301330029
2,H1,Large,W,5.4,54.0,266.0,0.0057344,5.7344,497120.4012072137,4.971204012072137,425.05435651483333,425.0506789710345,0.5581870439085836,0.9979103550061447,True,0.001344,0.00896,493.1485301330029
2,H1,Large,W,5.4,54.0,266.0,0.0057792,5.7792,497072.03127698344,4.970720312769834,425.0506789710345,425.0470125093788,0.5638531536112281,0.9979579675911797,True,0.001344,0.00896,493.1485301330029
2,H1,Large,W,5.4,54.0,266.0,0.005823999999999999,5.823999999999999,497023.831360425,4.97023831360425,425.0470125093788,425.0433586473921,0.5695161402597283,0.9980046066193894,True,0.001344,0.00896,493.1485301330029
2,H1,Large,W,5.4,54.0,266.0,0.0058687999999999995,5.868799999999999,496975.82130079734,4.969758213007974,425.0433586473921,425.03971889248265,0.5751759077331391,0.9980503006580649,True,0.001344,0.00896,493.1485301330029
2,H1,Large,W,5.4,54.0,266.0,0.0059136,5.9136,496928.0207880172,4.969280207880172,425.03971889248265,425.03609474089154,0.580832356637307,0.9980950771437811,True,0.001344,0.00896,493.1485301330029
2,H1,Large,W,5.4,54.0,266.0,0.0059584,5.9584,496880.44934494165,4.968804493449417,425.03609474089154,425.03248767664354,0.5864853841500721,0.9981389624367585,True,0.001344,0.00896,493.1485301330029
2,H1,Large,W,5.4,54.0,266.0,0.006003199999999999,6.0032,496833.12631367083,4.968331263136708,425.03248767664354,425.0288991704979,0.5921348838582455,0.9981819818720469,True,0.001344,0.00896,493.1485301330029
2,H1,Large,W,5.4,54.0,266.0,0.0060479999999999996,6.047999999999999,496786.07084187353,4.967860708418735,425.0288991704979,425.02533067890107,0.5977807455858257,0.9982241598077471,True,0.001344,0.00896,493.1485301330029
2,H1,Large,W,5.4,54.0,266.0,0.0060928,6.0927999999999995,496739.3018691374,4.967393018691374,425.02533067890107,425.0217836429391,0.6034228552128788,0.9982655196704562,True,0.001344,0.00896,493.1485301330029
2,H1,Large,W,5.4,54.0,266.0,0.0061376,6.1376,496692.83811334707,4.966928381133471,425.0217836429391,425.01825948729265,0.609061094484467,0.998306083998123,True,0.001344,0.00896,493.1485301330029
2,H1,Large,W,5.4,54.0,266.0,0.006182399999999999,6.1823999999999995,496646.69805709267,4.966466980570926,425.01825948729265,425.0147596191927,0.6146953408089658,0.9983458744804748,True,0.001344,0.00896,493.1485301330029
2,H1,Large,W,5.4,54.0,266.0,0.0062272,6.2272,496600.8999341119,4.96600899934112,425.0147596191927,425.0112854273782,0.6203254670450599,0.9983849119971695,True,0.001344,0.00896,493.1485301330029
2,H1,Large,W,5.4,54.0,266.0,0.006272,6.272,496555.4617157686,4.965554617157686,425.0112854273782,425.0078382810556,0.6259513412766594,0.998423216653817,True,0.001344,0.00896,493.1485301330029
2,H1,Large,W,5.4,54.0,266.0,0.0063168,6.3168,496510.4010975713,4.965104010975713,425.0078382810556,425.00441952886143,0.6315728265749208,0.9984608078159976,True,0.001344,0.00896,493.1485301330029
2,H1,Large,W,5.4,54.0,266.0,0.006361599999999999,6.361599999999999,496465.735485735,4.96465735485735,425.00441952886143,425.0010304978261,0.6371897807464931,0.9984977041414034,True,0.001344,0.00896,493.1485301330029
2,H1,Large,W,5.4,54.0,266.0,0.0064064,6.4064,496421.4819837905,4.964214819837905,425.0010304978261,424.99767249234225,0.6428020560670512,0.9985339236102138,True,0.001344,0.00896,493.1485301330029
2,H1,Large,W,5.4,54.0,266.0,0.0064512,6.4512,496377.6573792446,4.963776573792447,424.99767249234225,424.9943467931352,0.6484094989990987,0.9985694835538076,True,0.001344,0.00896,493.1485301330029
2,H1,Large,W,5.4,54.0,266.0,0.006496,6.496,496334.2781302953,4.963342781302953,424.9943467931352,424.99105465623774,0.654011949892953,0.9986044006819137,True,0.001344,0.00896,493.1485301330029
2,H1,Large,W,5.4,54.0,266.0,0.006540799999999999,6.540799999999999,496291.36035260686,4.962913603526069,424.99105465623774,424.98779731196794,0.6596092426697366,0.9986386911082873,True,0.001344,0.00896,493.1485301330029
2,H1,Large,W,5.4,54.0,266.0,0.0065856,6.5855999999999995,496248.91980614956,4.962489198061496,424.98779731196794,424.9845759639129,0.6652012044851132,0.9986723703749957,True,0.001344,0.00896,493.1485301330029
2,H1,Large,W,5.4,54.0,266.0,0.0066304,6.6304,496206.97188210784,4.962069718821079,424.9845759639129,424.9813917879159,0.670787655372403,0.9987054534753909,True,0.001344,0.00896,493.1485301330029
2,H1,Large,W,5.4,54.0,266.0,0.0066752,6.6752,496165.53158986365,4.9616553158986365,424.9813917879159,424.9782459310693,0.6763684078636116,0.9987379548758447,True,0.001344,0.00896,493.1485301330029
2,H1,Large,W,5.4,54.0,266.0,0.006719999999999999,6.72,496124.6135440596,4.961246135440597,424.9782459310693,424.97513951071346,0.6819432665867878,0.9987698885363052,True,0.001344,0.00896,493.1485301330029
2,H1,Large,W,5.4,54.0,266.0,0.0067648,6.764799999999999,496084.2319517481,4.9608423195174804,424.97513951071346,424.9720736134417,0.6875120278380012,0.99880126792975,True,0.001344,0.00896,493.1485301330029
2,H1,Large,W,5.4,54.0,266.0,0.0068096,6.8096,496044.4005996322,4.9604440059963215,424.9720736134417,424.9690492941111,0.6930744791260959,0.9988321060605737,True,0.001344,0.00896,493.1485301330029
2,H1,Large,W,5.4,54.0,266.0,0.0068544,6.8544,496005.1328414062,4.960051328414062,424.9690492941111,424.9660675748627,0.6986303986882274,0.9988624154819871,True,0.001344,0.00896,493.1485301330029
2,H1,Large,W,5.4,54.0,266.0,0.006899199999999999,6.8991999999999996,495966.44158520125,4.9596644158520125,424.9660675748627,424.9631294441471,0.7041795549740323,0.9988922083124544,True,0.001344,0.00896,493.1485301330029
2,H1,Large,W,5.4,54.0,266.0,0.006944,6.944,495928.3392811447,4.9592833928114475,424.9631294441471,424.9602358557602,0.7097217060961033,0.9989214962512296,True,0.001344,0.00896,493.1485301330029
2,H1,Large,W,5.4,54.0,266.0,0.0069888,6.9887999999999995,495890.83790904103,4.958908379090411,424.9602358557602,424.9573877278875,0.715256599244257,0.9989502905930273,True,0.001344,0.00896,493.1485301330029
2,H1,Large,W,5.4,54.0,266.0,0.0070336,7.0336,495853.94896618195,4.95853948966182,424.9573877278875,424.9545859421583,0.7207839700608737,0.9989786022418661,True,0.001344,0.00896,493.1485301330029
2,H1,Large,W,5.4,54.0,266.0,0.0070783999999999994,7.078399999999999,495817.6834552964,4.9581768345529635,424.9545859421583,424.95183134271036,0.7263035419743685,0.999006441724124,True,0.001344,0.00896,493.1485301330029
2,H1,Large,W,5.4,54.0,266.0,0.0071232,7.1232,495782.0518726484,4.957820518726484,424.95183134271036,424.9491247352665,0.7318150254876096,0.9990338192008333,True,0.001344,0.00896,493.1485301330029
2,H1,Large,W,5.4,54.0,266.0,0.007168,7.168,495747.06419629446,4.957470641962945,424.9491247352665,424.9464668862219,0.7373181174178366,0.9990607444792489,True,0.001344,0.00896,493.1485301330029
2,H1,Large,W,5.4,54.0,266.0,0.007212799999999999,7.2128,495712.7298745104,4.957127298745104,424.9464668862219,424.9438585217468,0.7428125000843502,0.9990872270237119,True,0.001344,0.00896,493.1485301330029
2,H1,Large,W,5.4,54.0,266.0,0.0072575999999999995,7.257599999999999,495679.05781440047,4.9567905781440045,424.9438585217468,424.94130032690066,0.7482978404399299,0.9991132759658388,True,0.001344,0.00896,493.1485301330029
2,H1,Large,W,5.4,54.0,266.0,0.0073024,7.3024,495646.0563707008,4.956460563707008,424.94130032690066,424.9387929447635,0.753773789141605,0.9991389001140519,True,0.001344,0.00896,493.1485301330029
2,H1,Large,W,5.4,54.0,266.0,0.0073472,7.3472,495613.7333347909,4.956137333347909,424.9387929447635,424.9363369755821,0.7592399795560382,0.999164107962473,True,0.001344,0.00896,493.1485301330029
2,H1,Large,W,5.4,54.0,266.0,0.007391999999999999,7.3919999999999995,495582.0959239275,4.955820959239275,424.9363369755821,424.9339329759335,0.7646960266943867,0.9991889076991964,True,0.001344,0.00896,493.1485301330029
2,H1,Large,W,5.4,54.0,266.0,0.0074367999999999995,7.4368,495551.1507707167,4.955511507707167,424.9339329759335,424.9315814579077,0.7701415260710792,0.9992133072139566,True,0.001344,0.00896,493.1485301330029
2,H1,Large,W,5.4,54.0,266.0,0.0074816,7.481599999999999,495520.9039128412,4.9552090391284125,424.9315814579077,424.92928288830973,0.7755760524804827,0.9992373141051984,True,0.001344,0.00896,493.1485301330029
2,H1,Large,W,5.4,54.0,266.0,0.0075264,7.5264,495491.36078306,4.9549136078306,424.92928288830973,424.92703768788255,0.7809991586849365,0.9992609356865648,True,0.001344,0.00896,493.1485301330029
2,H1,Large,W,5.4,54.0,266.0,0.007571199999999999,7.571199999999999,495462.5261995005,4.954625261995004,424.92703768788255,424.9248462305533,0.786410374007089,0.9992841789928067,True,0.001344,0.00896,493.1485301330029
2,H1,Large,W,5.4,54.0,266.0,0.0076159999999999995,7.616,495434.40435626375,4.954344043562638,424.9248462305533,424.92270884270397,0.7918092028188914,0.9993070507851174,True,0.001344,0.00896,493.1485301330029
2,H1,Large,W,5.4,54.0,266.0,0.0076608,7.6608,495406.9988143655,4.9540699881436545,424.92270884270397,424.920625802467,0.79719512291898,0.9993295575558981,True,0.001344,0.00896,493.1485301330029
2,H1,Large,W,5.4,54.0,266.0,0.0077056,7.7056,495380.31249303644,4.9538031249303645,424.920625802467,424.9185973390505,0.8025675837895047,0.9993517055329559,True,0.001344,0.00896,493.1485301330029
2,H1,Large,W,5.4,54.0,266.0,0.007750399999999999,7.750399999999999,495354.3476614092,4.953543476614092,424.9185973390505,424.91662363209247,0.8079260047227469,0.9993735006831247,True,0.001344,0.00896,493.1485301330029
2,H1,Large,W,5.4,54.0,266.0,0.0077951999999999995,7.7951999999999995,495329.1059306186,4.953291059306186,424.91662363209247,424.9147048110472,0.8132697728071012,0.9993949487153135,True,0.001344,0.00896,493.1485301330029
2,H1,Large,W,5.4,54.0,266.0,0.00784,7.84,495304.58824634756,4.953045882463476,424.9147048110472,424.9128409546066,0.8185982407611844,0.99941605508297,True,0.001344,0.00896,493.1485301330029
2,H1,Large,W,5.4,54.0,266.0,0.007884799999999999,7.884799999999999,495280.78770771023,4.9528078770771025,424.9128409546066,424.91103154474166,0.8239107246039749,0.9994368249859513,True,0.001344,0.00896,493.1485301330029
2,H1,Large,W,5.4,54.0,266.0,0.0079296,7.9296,495257.67822188034,4.952576782218803,424.91103154474166,424.90927460401997,0.8292065011673773,0.9994572633790251,True,0.001344,0.00896,493.1485301330029
2,H1,Large,W,5.4,54.0,266.0,0.0079744,7.974399999999999,495235.2593129676,4.952352593129676,424.90927460401997,424.90757010221023,0.8344848054480685,0.9994773749822762,True,0.001344,0.00896,493.1485301330029
2,H1,Large,W,5.4,54.0,266.0,0.008019199999999999,8.0192,495213.529855452,4.95213529855452,424.90757010221023,424.90591795950473,0.83974482763212,0.9994971642360632,True,0.001344,0.00896,493.1485301330029
2,H1,Large,W,5.4,54.0,266.0,0.008064,8.064,495192.4880692277,4.951924880692277,424.90591795950473,424.904318046135,0.844985709969339,0.9995166353285773,True,0.001344,0.00896,493.1485301330029
2,H1,Large,W,5.4,54.0,266.0,0.0081088,8.108799999999999,495172.1315152548,4.951721315152548,424.904318046135,424.9027701820333,0.8502102132485032,0.9995358055647495,True,0.001344,0.00896,493.1485301330029
2,H1,Large,W,5.4,54.0,266.0,0.0081536,8.1536,495152.45757156366,4.951524575715637,424.9027701820333,424.9012741730224,0.8554182834966682,0.99955468141241,True,0.001344,0.00896,493.1485301330029
2,H1,Large,W,5.4,54.0,266.0,0.0081984,8.1984,495133.46306646004,4.951334630664601,424.9012741730224,424.8998297829224,0.8606092824544792,0.9995732670761305,True,0.001344,0.00896,493.1485301330029
2,H1,Large,W,5.4,54.0,266.0,0.0082432,8.2432,495115.1442043068,4.951151442043068,424.8998297829224,424.8984367279032,0.8657825414878791,0.9995915665739262,True,0.001344,0.00896,493.1485301330029
2,H1,Large,W,5.4,54.0,266.0,0.008288,8.288,495097.4965647271,4.950974965647271,424.8984367279032,424.8970946764194,0.8709373599377513,0.9996095837388627,True,0.001344,0.00896,493.1485301330029
2,H1,Large,W,5.4,54.0,266.0,0.0083328,8.332799999999999,495080.51510255394,4.9508051510255395,424.8970946764194,424.8958032492029,0.8760730033729751,0.9996273222202675,True,0.001344,0.00896,493.1485301330029
2,H1,Large,W,5.4,54.0,266.0,0.008377599999999999,8.3776,495064.19414857175,4.950641941485718,424.8958032492029,424.89456201931716,0.881188701739972,0.9996447854846053,True,0.001344,0.00896,493.1485301330029
2,H1,Large,W,5.4,54.0,266.0,0.0084224,8.4224,495048.5274110967,4.950485274110966,424.89456201931716,424.8933705122743,0.8862836474007854,0.9996619768160088,True,0.001344,0.00896,493.1485301330029
2,H1,Large,W,5.4,54.0,266.0,0.0084672,8.4672,495033.50797844573,4.950335079784457,424.8933705122743,424.8922282062228,0.8913569930503848,0.9996788993164409,True,0.001344,0.00896,493.1485301330029
2,H1,Large,W,5.4,54.0,266.0,0.008512,8.512,495019.12832234625,4.950191283223463,424.8922282062228,424.89113453220546,0.8964078495021058,0.999695555905483,True,0.001344,0.00896,493.1485301330029
2,H1,Large,W,5.4,54.0,266.0,0.0085568,8.556799999999999,495005.3803023407,4.950053803023407,424.89113453220546,424.8900888744953,0.9014352833277628,0.9997119493197132,True,0.001344,0.00896,493.1485301330029
2,H1,Large,W,5.4,54.0,266.0,0.0086016,8.6016,494992.2551712421,4.9499225517124215,424.8900888744953,424.88909057101097,0.9064383143358056,0.9997280821116419,True,0.001344,0.00896,493.1485301330029
2,H1,Large,W,5.4,54.0,266.0,0.0086464,8.6464,494979.74358169927,4.9497974358169925,424.88909057101097,424.88813891381795,0.9114159128666138,0.9997439566481632,True,0.001344,0.00896,493.1485301330029
2,H1,Large,W,5.4,54.0,266.0,0.0086912,8.6912,494967.8355939309,4.949678355939309,424.88813891381795,424.88723314971895,0.9163669968782423,0.9997595751084538,True,0.001344,0.00896,493.1485301330029
2,H1,Large,W,5.4,54.0,266.0,0.008735999999999999,8.735999999999999,494956.5206846897,4.949565206846897,424.88723314971895,424.88637248093863,0.9212904287880607,0.999774939481244,True,0.001344,0.00896,493.1485301330029
2,H1,Large,W,5.4,54.0,266.0,0.0087808,8.7808,494945.78775751794,4.949457877575179,424.88637248093863,424.8855560659074,0.9261850120249745,0.9997900515613485,True,0.001344,0.00896,493.1485301330029
2,H1,Large,W,5.4,54.0,266.0,0.0088256,8.8256,494935.625154356,4.94935625154356,424.8855560659074,424.8847830201482,0.9310494872321337,0.9998049129453096,True,0.001344,0.00896,493.1485301330029
2,H1,Large,W,5.4,54.0,266.0,0.008870399999999999,8.870399999999998,494926.0206685634,4.949260206685634,424.8847830201482,424.8840524172716,0.935882528039617,0.9998195250259577,True,0.001344,0.00896,493.1485301330029
2,H1,Large,W,5.4,54.0,266.0,0.0089152,8.9152,494916.9615594101,4.9491696155941005,424.8840524172716,424.8833632900839,0.9406827362982153,0.9998338889856162,True,0.001344,0.00896,493.1485301330029
2,H1,Large,W,5.4,54.0,266.0,0.00896,8.959999999999999,494908.43456809164,4.949084345680917,424.8833632900839,424.8827146318098,0.9454486366257602,0.9998480057875876,True,0.001344,0.00896,493.1485301330029
3,H1,Large,B,5.4,54.0,266.0,0.0,0.0,500000.0,5.0,293.0,425.268435036257,0.0,0.0,False,0.001344,0.00896,493.1485301330029
3,H1,Large,B,5.4,54.0,266.0,4.48e-05,0.0448,499999.8586039718,4.999998586039718,298.8170545853672,425.2684243688111,0.0,0.0,False,0.001344,0.00896,493.1485301330029
3,H1,Large,B,5.4,54.0,266.0,8.96e-05,0.0896,499999.71720794355,4.999997172079436,304.51216255088093,425.2684137013629,0.0,0.0,False,0.001344,0.00896,493.1485301330029
3,H1,Large,B,5.4,54.0,266.0,0.0001344,0.1344,499999.57581191533,4.999995758119153,310.08797557047325,425.26840303391214,0.0,0.0,False,0.001344,0.00896,493.1485301330029
3,H1,Large,B,5.4,54.0,266.0,0.0001792,0.1792,499999.4344158871,4.999994344158871,315.5470631532976,425.26839236645884,0.0,0.0,False,0.001344,0.00896,493.1485301330029
3,H1,Large,B,5.4,54.0,266.0,0.000224,0.224,499999.2930198589,4.999992930198589,320.89193678602965,425.2683816990032,0.0,0.0,False,0.001344,0.00896,493.1485301330029
3,H1,Large,B,5.4,54.0,266.0,0.0002688,0.2688,499999.15162383066,4.999991516238307,326.12505133190166,425.2683710315451,0.0,0.0,False,0.001344,0.00896,493.1485301330029
3,H1,Large,B,5.4,54.0,266.0,0.0003136,0.3136,499999.01022780244,4.999990102278025,331.24880639442824,425.2683603640846,0.0,0.0,False,0.001344,0.00896,493.1485301330029
3,H1,Large,B,5.4,54.0,266.0,0.0003584,0.3584,499998.8688317742,4.9999886883177425,336.265547646565,425.2683496966216,0.0,0.0,False,0.001344,0.00896,493.1485301330029
3,H1,Large,B,5.4,54.0,266.0,0.0004032,0.4032,499998.727435746,4.99998727435746,341.177568126058,425.26833902915615,0.0,0.0,False,0.001344,0.00896,493.1485301330029
3,H1,Large,B,5.4,54.0,266.0,0.000448,0.448,499998.5860397178,4.999985860397178,345.9871094977532,425.26832836168825,0.0,0.0,False,0.001344,0.00896,493.1485301330029
3,H1,Large,B,5.4,54.0,266.0,0.0004927999999999999,0.49279999999999996,499998.44464368955,4.999984446436896,350.69636328363936,425.26831769421796,0.0,0.0,False,0.001344,0.00896,493.1485301330029
3,H1,Large,B,5.4,54.0,266.0,0.0005376,0.5376,499998.30324766133,4.999983032476614,355.30747206140086,425.2683070267452,0.0,0.0,False,0.001344,0.00896,493.1485301330029
3,H1,Large,B,5.4,54.0,266.0,0.0005824,0.5823999999999999,499998.1618516331,4.9999816185163315,359.82253063225227,425.26829635927004,0.0,0.0,False,0.001344,0.00896,493.1485301330029
3,H1,Large,B,5.4,54.0,266.0,0.0006272,0.6272,499998.0204556049,4.999980204556048,364.24358715882414,425.26828569179236,0.0,0.0,False,0.001344,0.00896,493.1485301330029
3,H1,Large,B,5.4,54.0,266.0,0.000672,0.6719999999999999,499997.87905957666,4.999978790595766,368.57264427385917,425.2682750243123,0.0,0.0,False,0.001344,0.00896,493.1485301330029
3,H1,Large,B,5.4,54.0,266.0,0.0007168,0.7168,499997.73766354844,4.999977376635484,372.81166016047115,425.2682643568297,0.0,0.0,False,0.001344,0.00896,493.1485301330029
3,H1,Large,B,5.4,54.0,266.0,0.0007616,0.7615999999999999,499997.5962675202,4.999975962675202,376.9625496047057,425.2682536893448,0.0,0.0,False,0.001344,0.00896,493.1485301330029
3,H1,Large,B,5.4,54.0,266.0,0.0008064,0.8064,499997.454871492,4.99997454871492,381.0271850211314,425.2682430218574,0.0,0.0,False,0.001344,0.00896,493.1485301330029
3,H1,Large,B,5.4,54.0,266.0,0.0008512,0.8512,499997.3134754638,4.9999731347546374,385.0073974521752,425.2682323543675,0.0,0.0,False,0.001344,0.00896,493.1485301330029
3,H1,Large,B,5.4,54.0,266.0,0.000896,0.896,499997.17207943555,4.999971720794355,388.9049775419031,425.2682216868752,0.0,0.0,False,0.001344,0.00896,493.1485301330029
3,H1,Large,B,5.4,54.0,266.0,0.0009408,0.9408,499997.0306834073,4.999970306834073,392.72167648493155,425.2682110193805,0.0,0.0,False,0.001344,0.00896,493.1485301330029
3,H1,Large,B,5.4,54.0,266.0,0.0009855999999999999,0.9855999999999999,499996.8892873791,4.999968892873791,396.4592069511397,425.2682003518833,0.0,0.0,False,0.001344,0.00896,493.1485301330029
3,H1,Large,B,5.4,54.0,266.0,0.0010304,1.0304,499996.7478913509,4.999967478913509,400.11924398683885,425.26818968438374,0.0,0.0,False,0.001344,0.00896,493.1485301330029
3,H1,Large,B,5.4,54.0,266.0,0.0010752,1.0752,499996.60649532266,4.9999660649532265,403.70342589303715,425.2681790168816,0.0,0.0,False,0.001344,0.00896,493.1485301330029
3,H1,Large,B,5.4,54.0,266.0,0.00112,1.1199999999999999,499996.46509929444,4.999964650992944,407.2133550814246,425.2681683493771,0.0,0.0,False,0.001344,0.00896,493.1485301330029
3,H1,Large,B,5.4,54.0,266.0,0.0011648,1.1647999999999998,499996.3237032662,4.999963237032662,410.6505989086856,425.26815768187015,0.0,0.0,False,0.001344,0.00896,493.1485301330029
3,H1,Large,B,5.4,54.0,266.0,0.0012096,1.2096,499996.182307238,4.99996182307238,414.0166904897316,425.2681470143608,0.0,0.0,False,0.001344,0.00896,493.1485301330029
3,H1,Large,B,5.4,54.0,266.0,0.0012544,1.2544,499996.04091120977,4.999960409112098,417.3131294904308,425.26813634684896,0.0,0.0,False,0.001344,0.00896,493.1485301330029
3,H1,Large,B,5.4,54.0,266.0,0.0012992,1.2992,499995.89951518155,4.9999589951518155,420.54138290039555,425.2681256793347,0.0,0.0,False,0.001344,0.00896,493.1485301330029
3,H1,Large,B,5.4,54.0,266.0,0.001344,1.3439999999999999,499995.7581191533,4.999957581191533,423.7028857863746,425.26811501181794,0.0,0.0,False,0.001344,0.00896,493.1485301330029
3,H1,Large,B,5.4,54.0,266.0,0.0013888,1.3888,499995.6167231251,4.999956167231251,425.26811501181794,425.26810434429876,0.002859720113017576,0.5188727950987936,True,0.001344,0.00896,493.1485301330029
3,H1,Large,B,5.4,54.0,266.0,0.0014336,1.4336,499995.31614572095,4.99995316145721,425.26810434429876,425.2680816674499,0.008561657289004779,0.7645577757486104,True,0.001344,0.00896,493.1485301330029
3,H1,Large,B,5.4,54.0,266.0,0.0014784,1.4784,499994.67547463335,4.999946754746333,425.2680816674499,425.26803333243754,0.014266776040619898,0.8447813802285659,True,0.001344,0.00896,493.1485301330029
3,H1,Large,B,5.4,54.0,266.0,0.0015232,1.5231999999999999,499993.66520091845,4.999936652009184,425.26803333243754,425.26795711289424,0.019974876319138496,0.8845859752373056,True,0.001344,0.00896,493.1485301330029
3,H1,Large,B,5.4,54.0,266.0,0.001568,1.568,499992.2569090753,4.999922569090753,425.26795711289424,425.2678508648846,0.025685771928266612,0.9083707387466774,True,0.001344,0.00896,493.1485301330029
3,H1,Large,B,5.4,54.0,266.0,0.0016128,1.6128,499990.42327035347,4.999904232703535,425.2678508648846,425.26771252638827,0.03139928921851453,0.924186249655435,True,0.001344,0.00896,493.1485301330029
3,H1,Large,B,5.4,54.0,266.0,0.0016576,1.6576,499988.1380354069,4.9998813803540685,425.26771252638827,425.26754011673245,0.03711526592944937,0.935462773906449,True,0.001344,0.00896,493.1485301330029
3,H1,Large,B,5.4,54.0,266.0,0.0017024,1.7024,499985.37602636346,4.999853760263635,425.26754011673245,425.26733173598143,0.04283355015965413,0.9439089278385022,True,0.001344,0.00896,493.1485301330029
3,H1,Large,B,5.4,54.0,266.0,0.0017472,1.7471999999999999,499982.1131283713,4.999821131283713,425.26733173598143,425.26708556428497,0.048553999447804905,0.9504713780823258,True,0.001344,0.00896,493.1485301330029
3,H1,Large,B,5.4,54.0,266.0,0.001792,1.792,499978.3262806748,4.999783262806748,425.26708556428497,425.26679986119353,0.054276479950727534,0.9557169732503408,True,0.001344,0.00896,493.1485301330029
3,H1,Large,B,5.4,54.0,266.0,0.0018368,1.8368,499973.993467268,4.9997399346726805,425.26679986119353,425.2664729649399,0.0600008657063398,0.9600058650012467,True,0.001344,0.00896,493.1485301330029
3,H1,Large,B,5.4,54.0,266.0,0.0018816,1.8816,499969.0937071679,4.999690937071679,425.2664729649399,425.26610329169415,0.06572703797110085,0.9635778496653462,True,0.001344,0.00896,493.1485301330029
3,H1,Large,B,5.4,54.0,266.0,0.0019264,1.9264,499963.6070443434,4.999636070443434,425.26610329169415,425.2656893347913,0.07145488462303257,0.9665987668761282,True,0.001344,0.00896,493.1485301330029
3,H1,Large,B,5.4,54.0,266.0,0.0019711999999999998,1.9711999999999998,499957.51453733456,4.9995751453733455,425.2656893347913,425.26522966393816,0.07718429962259651,0.9691869699796499,True,0.001344,0.00896,493.1485301330029
3,H1,Large,B,5.4,54.0,266.0,0.002016,2.016,499950.7982485909,4.999507982485909,425.26522966393816,425.2647229243978,0.08291518252474318,0.971429186864102,True,0.001344,0.00896,493.1485301330029
3,H1,Large,B,5.4,54.0,266.0,0.0020608,2.0608,499943.44123355503,4.9994344123355505,425.2647229243978,425.2641678361563,0.08864743803632824,0.9733904216993418,True,0.001344,0.00896,493.1485301330029
3,H1,Large,B,5.4,54.0,266.0,0.0021056,2.1056,499935.42752951616,4.999354275295162,425.2641678361563,425.26356319307257,0.09438097561383933,0.9751203557066962,True,0.001344,0.00896,493.1485301330029
3,H1,Large,B,5.4,54.0,266.0,0.0021504,2.1504,499926.74214425375,4.999267421442537,425.26356319307257,425.26290786201383,0.10011570909701797,0.9766576107411098,True,0.001344,0.00896,493.1485301330029
3,H1,Large,B,5.4,54.0,266.0,0.0021952,2.1952,499917.3710444912,4.999173710444912,425.26290786201383,425.2622007819764,0.10585155637451017,0.9780326643273439,True,0.001344,0.00896,493.1485301330029
3,H1,Large,B,5.4,54.0,266.0,0.00224,2.2399999999999998,499907.30114417634,4.999073011441763,425.2622007819764,425.2614409631947,0.11158843907815273,0.9792698888570633,True,0.001344,0.00896,493.1485301330029
3,H1,Large,B,5.4,54.0,266.0,0.0022848,2.2848,499896.5202926047,4.998965202926047,425.2614409631947,425.26062748623985,0.11732628230290973,0.9803890073148666,True,0.001344,0.00896,493.1485301330029
3,H1,Large,B,5.4,54.0,266.0,0.0023296,2.3295999999999997,499885.0172623989,4.998850172623989,425.26062748623985,425.25975950110785,0.12306501434982649,0.9814061514391539,True,0.001344,0.00896,493.1485301330029
3,H1,Large,B,5.4,54.0,266.0,0.0023744,2.3744,499872.7817373579,4.998727817373579,425.25975950110785,425.25883622629857,0.1288045664896744,0.9823346434755691,True,0.001344,0.00896,493.1485301330029
3,H1,Large,B,5.4,54.0,266.0,0.0024192,2.4192,499859.8043001867,4.998598043001867,425.25883622629857,425.2578569478871,0.1345448727452254,0.9831855822438137,True,0.001344,0.00896,493.1485301330029
3,H1,Large,B,5.4,54.0,266.0,0.002464,2.464,499846.0764201173,4.998460764201173,425.2578569478871,425.25682101858814,0.14028586969032691,0.9839682883766532,True,0.001344,0.00896,493.1485301330029
3,H1,Large,B,5.4,54.0,266.0,0.0025088,2.5088,499831.59044043056,4.998315904404306,425.25682101858814,425.25572785681305,0.14602749626415004,0.9846906466906017,True,0.001344,0.00896,493.1485301330029
3,H1,Large,B,5.4,54.0,266.0,0.0025536,2.5536,499816.3395658872,4.998163395658872,425.25572785681305,425.2545769457219,0.1517696935991604,0.9853593723878828,True,0.001344,0.00896,493.1485301330029
3,H1,Large,B,5.4,54.0,266.0,0.0025984,2.5984,499800.3178500759,4.998003178500759,425.2545769457219,425.25336783226976,0.15751240486151682,0.9859802201525443,True,0.001344,0.00896,493.1485301330029
3,H1,Large,B,5.4,54.0,266.0,0.0026432,2.6432,499783.5201826858,4.997835201826858,425.25336783226976,425.2521001262483,0.1632555751027389,0.9865581499393704,True,0.001344,0.00896,493.1485301330029
3,H1,Large,B,5.4,54.0,266.0,0.002688,2.6879999999999997,499765.94227670936,4.997659422767094,425.2521001262483,425.2507734993236,0.1689991511216042,0.9870974595708778,True,0.001344,0.00896,493.1485301330029
3,H1,Large,B,5.4,54.0,266.0,0.0027328,2.7328,499747.58065558213,4.997475806555821,425.2507734993236,425.24938768406946,0.1747430813353427,0.987601891644725,True,0.001344,0.00896,493.1485301330029
3,H1,Large,B,5.4,54.0,266.0,0.0027776,2.7776,499728.432640264,4.99728432640264,425.24938768406946,425.24794247299786,0.18048731565928766,0.9880747203764985,True,0.001344,0.00896,493.1485301330029
3,H1,Large,B,5.4,54.0,266.0,0.0028224,2.8224,499708.4963362675,4.997084963362675,425.24794247299786,425.2464377175861,0.18623180539422768,0.988518822637961,True,0.001344,0.00896,493.1485301330029
3,H1,Large,B,5.4,54.0,266.0,0.0028672,2.8672,499687.77062063705,4.99687770620637,425.2464377175861,425.2448733273011,0.19197650312077463,0.9889367364475696,True,0.001344,0.00896,493.1485301330029
3,H1,Large,B,5.4,54.0,266.0,0.0029119999999999997,2.9119999999999995,499666.25512888335,4.996662551288834,425.2448733273011,425.24324926862175,0.19772136260013048,0.9893307094250195,True,0.001344,0.00896,493.1485301330029
3,H1,Large,B,5.4,54.0,266.0,0.0029568,2.9568,499643.95024187665,4.996439502418767,425.24324926862175,425.2415655640583,0.20346633868069142,0.989702739162914,True,0.001344,0.00896,493.1485301330029
3,H1,Large,B,5.4,54.0,266.0,0.0030015999999999997,3.0016,499620.8570727021,4.9962085707270205,425.2415655640583,425.23982229117064,0.20921138720998098,0.9900546070460382,True,0.001344,0.00896,493.1485301330029
3,H1,Large,B,5.4,54.0,266.0,0.0030464,3.0463999999999998,499596.9774534801,4.995969774534801,425.23982229117064,425.23801958158367,0.21495646495144882,0.990387906726237,True,0.001344,0.00896,493.1485301330029
3,H1,Large,B,5.4,54.0,266.0,0.0030911999999999997,3.0911999999999997,499572.3139221548,4.995723139221548,425.23801958158367,425.2361576200021,0.22070152950571317,0.9907040682129111,True,0.001344,0.00896,493.1485301330029
3,H1,Large,B,5.4,54.0,266.0,0.003136,3.136,499546.86970925203,4.99546869709252,425.2361576200021,425.23423664322337,0.22644653923586183,0.9910043783469971,True,0.001344,0.00896,493.1485301330029
3,H1,Large,B,5.4,54.0,266.0,0.0031807999999999997,3.1807999999999996,499520.6487246109,4.995206487246109,425.23423664322337,425.2322569391493,0.232191453196459,0.9912899982763572,True,0.001344,0.00896,493.1485301330029
3,H1,Large,B,5.4,54.0,266.0,0.0032256,3.2256,499493.65554408915,4.9949365554408915,425.2322569391493,425.23021884579623,0.23793623106593495,0.9915619784327151,True,0.001344,0.00896,493.1485301330029
3,H1,Large,B,5.4,54.0,266.0,0.0032703999999999997,3.2703999999999995,499465.89539624477,4.994658953962448,425.23021884579623,425.22812275030446,0.24368083308206173,0.9918212714171627,True,0.001344,0.00896,493.1485301330029
3,H1,Large,B,5.4,54.0,266.0,0.0033152,3.3152,499437.37414899614,4.994373741489961,425.22812275030446,425.22596908794674,0.24942521998024172,0.9920687431272059,True,0.001344,0.00896,493.1485301330029
3,H1,Large,B,5.4,54.0,266.0,0.0033599999999999997,3.36,499408.098296261,4.99408098296261,425.22596908794674,425.223758341135,0.2551693529343572,0.9923051823990754,True,0.001344,0.00896,493.1485301330029
3,H1,Large,B,5.4,54.0,266.0,0.0034048,3.4048,499378.0749445764,4.993780749445764,425.223758341135,425.22149103842764,0.26091319349994785,0.9925313093914075,True,0.001344,0.00896,493.1485301330029
3,H1,Large,B,5.4,54.0,266.0,0.0034495999999999997,3.4495999999999998,499347.3117997008,4.9934731179970075,425.22149103842764,425.21916775353407,0.2666567035595003,0.9927477828978657,True,0.001344,0.00896,493.1485301330029
3,H1,Large,B,5.4,54.0,266.0,0.0034944,3.4943999999999997,499315.8171531983,4.993158171531983,425.21916775353407,425.21678910431996,0.2723998452696492,0.992955206745017,True,0.001344,0.00896,493.1485301330029
3,H1,Large,B,5.4,54.0,266.0,0.0035391999999999997,3.5391999999999997,499283.5998690078,4.9928359986900785,425.21678910431996,425.2143557518115,0.278142581010104,0.9931541354062184,True,0.001344,0.00896,493.1485301330029
3,H1,Large,B,5.4,54.0,266.0,0.003584,3.584,499250.66936999606,4.99250669369996,425.2143557518115,425.21186839919795,0.2838848733341248,0.9933450789413475,True,0.001344,0.00896,493.1485301330029
3,H1,Large,B,5.4,54.0,266.0,0.0036287999999999997,3.6287999999999996,499217.0356244963,4.992170356244963,425.21186839919795,425.2093277908341,0.289626684920387,0.9935285073549683,True,0.001344,0.00896,493.1485301330029
3,H1,Large,B,5.4,54.0,266.0,0.0036736,3.6736,499182.7091328331,4.991827091328331,425.2093277908341,425.20673471124246,0.29536797852607877,0.9937048544512682,True,0.001344,0.00896,493.1485301330029
3,H1,Large,B,5.4,54.0,266.0,0.0037183999999999997,3.7184,499147.7009138336,4.991477009138336,425.20673471124246,425.20408998411347,0.30110871694108815,0.9938745212522738,True,0.001344,0.00896,493.1485301330029
3,H1,Large,B,5.4,54.0,266.0,0.0037632,3.7632,499112.02249132603,4.99112022491326,425.20408998411347,425.20139447130566,0.30684886294314323,0.9940378790359898,True,0.001344,0.00896,493.1485301330029
3,H1,Large,B,5.4,54.0,266.0,0.0038079999999999998,3.808,499075.6858806253,4.990756858806253,425.20139447130566,425.1986490718452,0.3125883792537751,0.9941952720428683,True,0.001344,0.00896,493.1485301330029
3,H1,Large,B,5.4,54.0,266.0,0.0038528,3.8528,499038.70357500704,4.990387035750071,425.1986490718452,425.19585472092416,0.31832722849498085,0.9943470198920871,True,0.001344,0.00896,493.1485301330029
3,H1,Large,B,5.4,54.0,266.0,0.0038975999999999998,3.8975999999999997,499001.0885321694,4.990010885321694,425.19585472092416,425.19301238889767,0.3240653731464687,0.9944934197433017,True,0.001344,0.00896,493.1485301330029
3,H1,Large,B,5.4,54.0,266.0,0.0039423999999999996,3.9423999999999997,498962.85416068323,4.989628541606832,425.19301238889767,425.19012308028147,0.32980277550337184,0.994634748234603,True,0.001344,0.00896,493.1485301330029
3,H1,Large,B,5.4,54.0,266.0,0.0039872,3.9871999999999996,498924.01430643117,4.989240143064312,425.19012308028147,425.18718783274716,0.3355393976343224,0.9947712632232498,True,0.001344,0.00896,493.1485301330029
3,H1,Large,B,5.4,54.0,266.0,0.004032,4.032,498884.58323903545,4.988845832390354,425.18718783274716,425.18420771611676,0.3412752013397805,0.9949032053522007,True,0.001344,0.00896,493.1485301330029
3,H1,Large,B,5.4,54.0,266.0,0.0040768,4.0768,498844.5756382746,4.988445756382746,425.18420771611676,425.18118383135743,0.3470101481105158,0.995030799462445,True,0.001344,0.00896,493.1485301330029
3,H1,Large,B,5.4,54.0,266.0,0.0041216,4.1216,498804.0065804895,4.988040065804896,425.18118383135743,425.1781173095735,0.3527441990861413,0.9951542558685532,True,0.001344,0.00896,493.1485301330029
3,H1,Large,B,5.4,54.0,266.0,0.0041664,4.166399999999999,498762.89152497856,4.987628915249785,425.1781173095735,425.1750093109989,0.35847731501360347,0.9952737715126528,True,0.001344,0.00896,493.1485301330029
3,H1,Large,B,5.4,54.0,266.0,0.0042112,4.2112,498721.2463003823,4.987212463003823,425.1750093109989,425.1718610239875,0.36420945620553025,0.9953895310101345,True,0.001344,0.00896,493.1485301330029
3,H1,Large,B,5.4,54.0,266.0,0.004256,4.256,498679.08709105744,4.986790870910575,425.1718610239875,425.16867366400294,0.36994058249834383,0.9955017075987566,True,0.001344,0.00896,493.1485301330029
3,H1,Large,B,5.4,54.0,266.0,0.0043008,4.3008,498636.4304234404,4.986364304234404,425.16867366400294,425.1654484726068,0.375670653210043,0.9956104640013949,True,0.001344,0.00896,493.1485301330029
3,H1,Large,B,5.4,54.0,266.0,0.0043456,4.3456,498593.29315240076,4.985932931524007,425.1654484726068,425.1621867164463,0.38139962709756114,0.995715953211469,True,0.001344,0.00896,493.1485301330029
3,H1,Large,B,5.4,54.0,266.0,0.0043904,4.3904,498549.69244758406,4.98549692447584,425.1621867164463,425.1588896862401,0.38712746231360606,0.9958183192090059,True,0.001344,0.00896,493.1485301330029
3,H1,Large,B,5.4,54.0,266.0,0.004435199999999999,4.435199999999999,498505.6457797448,4.985056457797448,425.1588896862401,425.15555869576275,0.3928541163628867,0.9959176976143849,True,0.001344,0.00896,493.1485301330029
3,H1,Large,B,5.4,54.0,266.0,0.00448,4.4799999999999995,498461.1709070689,4.9846117090706885,425.15555869576275,425.1521950808288,0.3985795460576315,0.9960142162859934,True,0.001344,0.00896,493.1485301330029
3,H1,Large,B,5.4,54.0,266.0,0.0045248,4.5248,498416.2858614868,4.984162858614868,425.1521950808288,425.1488001982744,0.40430370747230165,0.9961079958673326,True,0.001344,0.00896,493.1485301330029
3,H1,Large,B,5.4,54.0,266.0,0.0045696,4.5696,498371.0089349763,4.983710089349763,425.1488001982744,425.14537542493815,0.4100265558974003,0.996199150288486,True,0.001344,0.00896,493.1485301330029
3,H1,Large,B,5.4,54.0,266.0,0.004614399999999999,4.6144,498325.3586658558,4.983253586658558,425.14537542493815,425.1419221566408,0.4157480457922779,0.9962877872263283,True,0.001344,0.00896,493.1485301330029
3,H1,Large,B,5.4,54.0,266.0,0.0046592,4.659199999999999,498279.3538250681,4.982793538250681,425.1419221566408,425.13844180716325,0.42146813073683087,0.9963740085273828,True,0.001344,0.00896,493.1485301330029
3,H1,Large,B,5.4,54.0,266.0,0.004704,4.704,498233.013402455,4.98233013402455,425.13844180716325,425.13493580722235,0.4271867633819866,0.9964579105968125,True,0.001344,0.00896,493.1485301330029
3,H1,Large,B,5.4,54.0,266.0,0.0047488,4.7488,498186.35659302253,4.981863565930225,425.13493580722235,425.1314056034471,0.43290389539886753,0.9965395847566666,True,0.001344,0.00896,493.1485301330029
3,H1,Large,B,5.4,54.0,266.0,0.004793599999999999,4.7936,498139.40278319747,4.981394027831975,425.1314056034471,425.1278526573518,0.4386194774265206,0.9966191175761759,True,0.001344,0.00896,493.1485301330029
3,H1,Large,B,5.4,54.0,266.0,0.0048384,4.8384,498092.1715370754,4.980921715370754,425.1278526573518,425.1242784443084,0.4443334590180953,0.9966965911766108,True,0.001344,0.00896,493.1485301330029
3,H1,Large,B,5.4,54.0,266.0,0.0048832,4.8831999999999995,498044.68258266064,4.980446825826607,425.1242784443084,425.12068445251714,0.4500457885853501,0.9967720835129534,True,0.001344,0.00896,493.1485301330029
3,H1,Large,B,5.4,54.0,266.0,0.004928,4.928,497996.95579809765,4.979969557980977,425.12068445251714,425.1170721819761,0.4557564133413596,0.9968456686344126,True,0.001344,0.00896,493.1485301330029
3,H1,Large,B,5.4,54.0,266.0,0.0049727999999999994,4.972799999999999,497949.011197896,4.97949011197896,425.1170721819761,425.1134431434489,0.4614652792412916,0.9969174169256138,True,0.001344,0.00896,493.1485301330029
3,H1,Large,B,5.4,54.0,266.0,0.0050176,5.0176,497900.86891914724,4.979008689191472,425.1134431434489,425.10979885743126,0.46717233092111643,0.9969873953301113,True,0.001344,0.00896,493.1485301330029
3,H1,Large,B,5.4,54.0,266.0,0.0050624,5.0624,497852.5492077362,4.978525492077362,425.10979885743126,425.106140853116,0.4728775116341032,0.9970556675577141,True,0.001344,0.00896,493.1485301330029
3,H1,Large,B,5.4,54.0,266.0,0.0051072,5.1072,497804.0724045456,4.9780407240454565,425.106140853116,425.1024706673567,0.4785807631849528,0.9971222942769754,True,0.001344,0.00896,493.1485301330029
3,H1,Large,B,5.4,54.0,266.0,0.0051519999999999995,5.151999999999999,497755.4589316557,4.977554589316557,425.1024706673567,425.0987898436299,0.4842820258614076,0.9971873332940666,True,0.001344,0.00896,493.1485301330029
3,H1,Large,B,5.4,54.0,266.0,0.0051968,5.1968,497706.7292785388,4.977067292785388,425.0987898436299,425.09509993099596,0.48998123836317087,0.9972508397191452,True,0.001344,0.00896,493.1485301330029
3,H1,Large,B,5.4,54.0,266.0,0.0052416,5.2416,497657.90398825024,4.976579039882503,425.09509993099596,425.0914024830588,0.4956783377279586,0.9973128661212203,True,0.001344,0.00896,493.1485301330029
3,H1,Large,B,5.4,54.0,266.0,0.0052864,5.2864,497609.0036436158,4.976090036436158,425.0914024830588,425.08769905692424,0.5013732592544984,0.9973734626724329,True,0.001344,0.00896,493.1485301330029
3,H1,Large,B,5.4,54.0,266.0,0.0053311999999999995,5.331199999999999,497560.04885341664,4.975600488534166,425.08769905692424,425.08399121215723,0.507065936422277,0.9974326772825814,True,0.001344,0.00896,493.1485301330029
3,H1,Large,B,5.4,54.0,266.0,0.005376,5.3759999999999994,497511.0602385729,4.975110602385729,425.08399121215723,425.0802805097379,0.5127563008078302,0.997490555724652,True,0.001344,0.00896,493.1485301330029
3,H1,Large,B,5.4,54.0,266.0,0.0054208,5.4208,497462.05841832666,4.974620584183267,425.0802805097379,425.0765685110166,0.5184442819973516,0.9975471417520421,True,0.001344,0.00896,493.1485301330029
3,H1,Large,B,5.4,54.0,266.0,0.0054656,5.4656,497413.0639964255,4.974130639964255,425.0765685110166,425.0728567766675,0.5241298074953892,0.9976024772081146,True,0.001344,0.00896,493.1485301330029
3,H1,Large,B,5.4,54.0,266.0,0.0055103999999999995,5.5104,497364.0975473075,4.973640975473075,425.0728567766675,425.0691468656426,0.5298128026293792,0.997656602128651,True,0.001344,0.00896,493.1485301330029
3,H1,Large,B,5.4,54.0,266.0,0.0055552,5.5552,497315.1796022893,4.973151796022893,425.0691468656426,425.0654403341231,0.5354931904497551,0.9977095548377399,True,0.001344,0.00896,493.1485301330029
3,H1,Large,B,5.4,54.0,266.0,0.0056,5.6,497266.33063575794,4.972663306357579,425.0654403341231,425.0617387344714,0.5411708916253503,0.997761372037576,True,0.001344,0.00896,493.1485301330029
3,H1,Large,B,5.4,54.0,266.0,0.0056448,5.6448,497217.5710513688,4.972175710513688,425.0617387344714,425.05804361418234,0.5468458243337975,0.9978120888926185,True,0.001344,0.00896,493.1485301330029
3,H1,Large,B,5.4,54.0,266.0,0.0056895999999999995,5.6895999999999995,497168.92116824957,4.971689211682496,425.05804361418234,425.05435651483333,0.5525179041466067,0.9978617391085124,True,0.001344,0.00896,493.1485301330029
3,H1,Large,B,5.4,54.0,266.0,0.0057344,5.7344,497120.4012072137,4.971204012072137,425.05435651483333,425.0506789710345,0.5581870439085836,0.9979103550061447,True,0.001344,0.00896,493.1485301330029
3,H1,Large,B,5.4,54.0,266.0,0.0057792,5.7792,497072.03127698344,4.970720312769834,425.0506789710345,425.0470125093788,0.5638531536112281,0.9979579675911797,True,0.001344,0.00896,493.1485301330029
3,H1,Large,B,5.4,54.0,266.0,0.005823999999999999,5.823999999999999,497023.831360425,4.97023831360425,425.0470125093788,425.0433586473921,0.5695161402597283,0.9980046066193894,True,0.001344,0.00896,493.1485301330029
3,H1,Large,B,5.4,54.0,266.0,0.0058687999999999995,5.868799999999999,496975.82130079734,4.969758213007974,425.0433586473921,425.03971889248265,0.5751759077331391,0.9980503006580649,True,0.001344,0.00896,493.1485301330029
3,H1,Large,B,5.4,54.0,266.0,0.0059136,5.9136,496928.0207880172,4.969280207880172,425.03971889248265,425.03609474089154,0.580832356637307,0.9980950771437811,True,0.001344,0.00896,493.1485301330029
3,H1,Large,B,5.4,54.0,266.0,0.0059584,5.9584,496880.44934494165,4.968804493449417,425.03609474089154,425.03248767664354,0.5864853841500721,0.9981389624367585,True,0.001344,0.00896,493.1485301330029
3,H1,Large,B,5.4,54.0,266.0,0.006003199999999999,6.0032,496833.12631367083,4.968331263136708,425.03248767664354,425.0288991704979,0.5921348838582455,0.9981819818720469,True,0.001344,0.00896,493.1485301330029
3,H1,Large,B,5.4,54.0,266.0,0.0060479999999999996,6.047999999999999,496786.07084187353,4.967860708418735,425.0288991704979,425.02533067890107,0.5977807455858257,0.9982241598077471,True,0.001344,0.00896,493.1485301330029
3,H1,Large,B,5.4,54.0,266.0,0.0060928,6.0927999999999995,496739.3018691374,4.967393018691374,425.02533067890107,425.0217836429391,0.6034228552128788,0.9982655196704562,True,0.001344,0.00896,493.1485301330029
3,H1,Large,B,5.4,54.0,266.0,0.0061376,6.1376,496692.83811334707,4.966928381133471,425.0217836429391,425.01825948729265,0.609061094484467,0.998306083998123,True,0.001344,0.00896,493.1485301330029
3,H1,Large,B,5.4,54.0,266.0,0.006182399999999999,6.1823999999999995,496646.69805709267,4.966466980570926,425.01825948729265,425.0147596191927,0.6146953408089658,0.9983458744804748,True,0.001344,0.00896,493.1485301330029
3,H1,Large,B,5.4,54.0,266.0,0.0062272,6.2272,496600.8999341119,4.96600899934112,425.0147596191927,425.0112854273782,0.6203254670450599,0.9983849119971695,True,0.001344,0.00896,493.1485301330029
3,H1,Large,B,5.4,54.0,266.0,0.006272,6.272,496555.4617157686,4.965554617157686,425.0112854273782,425.0078382810556,0.6259513412766594,0.998423216653817,True,0.001344,0.00896,493.1485301330029
3,H1,Large,B,5.4,54.0,266.0,0.0063168,6.3168,496510.4010975713,4.965104010975713,425.0078382810556,425.00441952886143,0.6315728265749208,0.9984608078159976,True,0.001344,0.00896,493.1485301330029
3,H1,Large,B,5.4,54.0,266.0,0.006361599999999999,6.361599999999999,496465.735485735,4.96465735485735,425.00441952886143,425.0010304978261,0.6371897807464931,0.9984977041414034,True,0.001344,0.00896,493.1485301330029
3,H1,Large,B,5.4,54.0,266.0,0.0064064,6.4064,496421.4819837905,4.964214819837905,425.0010304978261,424.99767249234225,0.6428020560670512,0.9985339236102138,True,0.001344,0.00896,493.1485301330029
3,H1,Large,B,5.4,54.0,266.0,0.0064512,6.4512,496377.6573792446,4.963776573792447,424.99767249234225,424.9943467931352,0.6484094989990987,0.9985694835538076,True,0.001344,0.00896,493.1485301330029
3,H1,Large,B,5.4,54.0,266.0,0.006496,6.496,496334.2781302953,4.963342781302953,424.9943467931352,424.99105465623774,0.654011949892953,0.9986044006819137,True,0.001344,0.00896,493.1485301330029
3,H1,Large,B,5.4,54.0,266.0,0.006540799999999999,6.540799999999999,496291.36035260686,4.962913603526069,424.99105465623774,424.98779731196794,0.6596092426697366,0.9986386911082873,True,0.001344,0.00896,493.1485301330029
3,H1,Large,B,5.4,54.0,266.0,0.0065856,6.5855999999999995,496248.91980614956,4.962489198061496,424.98779731196794,424.9845759639129,0.6652012044851132,0.9986723703749957,True,0.001344,0.00896,493.1485301330029
3,H1,Large,B,5.4,54.0,266.0,0.0066304,6.6304,496206.97188210784,4.962069718821079,424.9845759639129,424.9813917879159,0.670787655372403,0.9987054534753909,True,0.001344,0.00896,493.1485301330029
3,H1,Large,B,5.4,54.0,266.0,0.0066752,6.6752,496165.53158986365,4.9616553158986365,424.9813917879159,424.9782459310693,0.6763684078636116,0.9987379548758447,True,0.001344,0.00896,493.1485301330029
3,H1,Large,B,5.4,54.0,266.0,0.006719999999999999,6.72,496124.6135440596,4.961246135440597,424.9782459310693,424.97513951071346,0.6819432665867878,0.9987698885363052,True,0.001344,0.00896,493.1485301330029
3,H1,Large,B,5.4,54.0,266.0,0.0067648,6.764799999999999,496084.2319517481,4.9608423195174804,424.97513951071346,424.9720736134417,0.6875120278380012,0.99880126792975,True,0.001344,0.00896,493.1485301330029
3,H1,Large,B,5.4,54.0,266.0,0.0068096,6.8096,496044.4005996322,4.9604440059963215,424.9720736134417,424.9690492941111,0.6930744791260959,0.9988321060605737,True,0.001344,0.00896,493.1485301330029
3,H1,Large,B,5.4,54.0,266.0,0.0068544,6.8544,496005.1328414062,4.960051328414062,424.9690492941111,424.9660675748627,0.6986303986882274,0.9988624154819871,True,0.001344,0.00896,493.1485301330029
3,H1,Large,B,5.4,54.0,266.0,0.006899199999999999,6.8991999999999996,495966.44158520125,4.9596644158520125,424.9660675748627,424.9631294441471,0.7041795549740323,0.9988922083124544,True,0.001344,0.00896,493.1485301330029
3,H1,Large,B,5.4,54.0,266.0,0.006944,6.944,495928.3392811447,4.9592833928114475,424.9631294441471,424.9602358557602,0.7097217060961033,0.9989214962512296,True,0.001344,0.00896,493.1485301330029
3,H1,Large,B,5.4,54.0,266.0,0.0069888,6.9887999999999995,495890.83790904103,4.958908379090411,424.9602358557602,424.9573877278875,0.715256599244257,0.9989502905930273,True,0.001344,0.00896,493.1485301330029
3,H1,Large,B,5.4,54.0,266.0,0.0070336,7.0336,495853.94896618195,4.95853948966182,424.9573877278875,424.9545859421583,0.7207839700608737,0.9989786022418661,True,0.001344,0.00896,493.1485301330029
3,H1,Large,B,5.4,54.0,266.0,0.0070783999999999994,7.078399999999999,495817.6834552964,4.9581768345529635,424.9545859421583,424.95183134271036,0.7263035419743685,0.999006441724124,True,0.001344,0.00896,493.1485301330029
3,H1,Large,B,5.4,54.0,266.0,0.0071232,7.1232,495782.0518726484,4.957820518726484,424.95183134271036,424.9491247352665,0.7318150254876096,0.9990338192008333,True,0.001344,0.00896,493.1485301330029
3,H1,Large,B,5.4,54.0,266.0,0.007168,7.168,495747.06419629446,4.957470641962945,424.9491247352665,424.9464668862219,0.7373181174178366,0.9990607444792489,True,0.001344,0.00896,493.1485301330029
3,H1,Large,B,5.4,54.0,266.0,0.007212799999999999,7.2128,495712.7298745104,4.957127298745104,424.9464668862219,424.9438585217468,0.7428125000843502,0.9990872270237119,True,0.001344,0.00896,493.1485301330029
3,H1,Large,B,5.4,54.0,266.0,0.0072575999999999995,7.257599999999999,495679.05781440047,4.9567905781440045,424.9438585217468,424.94130032690066,0.7482978404399299,0.9991132759658388,True,0.001344,0.00896,493.1485301330029
3,H1,Large,B,5.4,54.0,266.0,0.0073024,7.3024,495646.0563707008,4.956460563707008,424.94130032690066,424.9387929447635,0.753773789141605,0.9991389001140519,True,0.001344,0.00896,493.1485301330029
3,H1,Large,B,5.4,54.0,266.0,0.0073472,7.3472,495613.7333347909,4.956137333347909,424.9387929447635,424.9363369755821,0.7592399795560382,0.999164107962473,True,0.001344,0.00896,493.1485301330029
3,H1,Large,B,5.4,54.0,266.0,0.007391999999999999,7.3919999999999995,495582.0959239275,4.955820959239275,424.9363369755821,424.9339329759335,0.7646960266943867,0.9991889076991964,True,0.001344,0.00896,493.1485301330029
3,H1,Large,B,5.4,54.0,266.0,0.0074367999999999995,7.4368,495551.1507707167,4.955511507707167,424.9339329759335,424.9315814579077,0.7701415260710792,0.9992133072139566,True,0.001344,0.00896,493.1485301330029
3,H1,Large,B,5.4,54.0,266.0,0.0074816,7.481599999999999,495520.9039128412,4.9552090391284125,424.9315814579077,424.92928288830973,0.7755760524804827,0.9992373141051984,True,0.001344,0.00896,493.1485301330029
3,H1,Large,B,5.4,54.0,266.0,0.0075264,7.5264,495491.36078306,4.9549136078306,424.92928288830973,424.92703768788255,0.7809991586849365,0.9992609356865648,True,0.001344,0.00896,493.1485301330029
3,H1,Large,B,5.4,54.0,266.0,0.007571199999999999,7.571199999999999,495462.5261995005,4.954625261995004,424.92703768788255,424.9248462305533,0.786410374007089,0.9992841789928067,True,0.001344,0.00896,493.1485301330029
3,H1,Large,B,5.4,54.0,266.0,0.0076159999999999995,7.616,495434.40435626375,4.954344043562638,424.9248462305533,424.92270884270397,0.7918092028188914,0.9993070507851174,True,0.001344,0.00896,493.1485301330029
3,H1,Large,B,5.4,54.0,266.0,0.0076608,7.6608,495406.9988143655,4.9540699881436545,424.92270884270397,424.920625802467,0.79719512291898,0.9993295575558981,True,0.001344,0.00896,493.1485301330029
3,H1,Large,B,5.4,54.0,266.0,0.0077056,7.7056,495380.31249303644,4.9538031249303645,424.920625802467,424.9185973390505,0.8025675837895047,0.9993517055329559,True,0.001344,0.00896,493.1485301330029
3,H1,Large,B,5.4,54.0,266.0,0.007750399999999999,7.750399999999999,495354.3476614092,4.953543476614092,424.9185973390505,424.91662363209247,0.8079260047227469,0.9993735006831247,True,0.001344,0.00896,493.1485301330029
3,H1,Large,B,5.4,54.0,266.0,0.0077951999999999995,7.7951999999999995,495329.1059306186,4.953291059306186,424.91662363209247,424.9147048110472,0.8132697728071012,0.9993949487153135,True,0.001344,0.00896,493.1485301330029
3,H1,Large,B,5.4,54.0,266.0,0.00784,7.84,495304.58824634756,4.953045882463476,424.9147048110472,424.9128409546066,0.8185982407611844,0.99941605508297,True,0.001344,0.00896,493.1485301330029
3,H1,Large,B,5.4,54.0,266.0,0.007884799999999999,7.884799999999999,495280.78770771023,4.9528078770771025,424.9128409546066,424.91103154474166,0.8239107246039749,0.9994368249859513,True,0.001344,0.00896,493.1485301330029
3,H1,Large,B,5.4,54.0,266.0,0.0079296,7.9296,495257.67822188034,4.952576782218803,424.91103154474166,424.90927460401997,0.8292065011673773,0.9994572633790251,True,0.001344,0.00896,493.1485301330029
3,H1,Large,B,5.4,54.0,266.0,0.0079744,7.974399999999999,495235.2593129676,4.952352593129676,424.90927460401997,424.90757010221023,0.8344848054480685,0.9994773749822762,True,0.001344,0.00896,493.1485301330029
3,H1,Large,B,5.4,54.0,266.0,0.008019199999999999,8.0192,495213.529855452,4.95213529855452,424.90757010221023,424.90591795950473,0.83974482763212,0.9994971642360632,True,0.001344,0.00896,493.1485301330029
3,H1,Large,B,5.4,54.0,266.0,0.008064,8.064,495192.4880692277,4.951924880692277,424.90591795950473,424.904318046135,0.844985709969339,0.9995166353285773,True,0.001344,0.00896,493.1485301330029
3,H1,Large,B,5.4,54.0,266.0,0.0081088,8.108799999999999,495172.1315152548,4.951721315152548,424.904318046135,424.9027701820333,0.8502102132485032,0.9995358055647495,True,0.001344,0.00896,493.1485301330029
3,H1,Large,B,5.4,54.0,266.0,0.0081536,8.1536,495152.45757156366,4.951524575715637,424.9027701820333,424.9012741730224,0.8554182834966682,0.99955468141241,True,0.001344,0.00896,493.1485301330029
3,H1,Large,B,5.4,54.0,266.0,0.0081984,8.1984,495133.46306646004,4.951334630664601,424.9012741730224,424.8998297829224,0.8606092824544792,0.9995732670761305,True,0.001344,0.00896,493.1485301330029
3,H1,Large,B,5.4,54.0,266.0,0.0082432,8.2432,495115.1442043068,4.951151442043068,424.8998297829224,424.8984367279032,0.8657825414878791,0.9995915665739262,True,0.001344,0.00896,493.1485301330029
3,H1,Large,B,5.4,54.0,266.0,0.008288,8.288,495097.4965647271,4.950974965647271,424.8984367279032,424.8970946764194,0.8709373599377513,0.9996095837388627,True,0.001344,0.00896,493.1485301330029
3,H1,Large,B,5.4,54.0,266.0,0.0083328,8.332799999999999,495080.51510255394,4.9508051510255395,424.8970946764194,424.8958032492029,0.8760730033729751,0.9996273222202675,True,0.001344,0.00896,493.1485301330029
3,H1,Large,B,5.4,54.0,266.0,0.008377599999999999,8.3776,495064.19414857175,4.950641941485718,424.8958032492029,424.89456201931716,0.881188701739972,0.9996447854846053,True,0.001344,0.00896,493.1485301330029
3,H1,Large,B,5.4,54.0,266.0,0.0084224,8.4224,495048.5274110967,4.950485274110966,424.89456201931716,424.8933705122743,0.8862836474007854,0.9996619768160088,True,0.001344,0.00896,493.1485301330029
3,H1,Large,B,5.4,54.0,266.0,0.0084672,8.4672,495033.50797844573,4.950335079784457,424.8933705122743,424.8922282062228,0.8913569930503848,0.9996788993164409,True,0.001344,0.00896,493.1485301330029
3,H1,Large,B,5.4,54.0,266.0,0.008512,8.512,495019.12832234625,4.950191283223463,424.8922282062228,424.89113453220546,0.8964078495021058,0.999695555905483,True,0.001344,0.00896,493.1485301330029
3,H1,Large,B,5.4,54.0,266.0,0.0085568,8.556799999999999,495005.3803023407,4.950053803023407,424.89113453220546,424.8900888744953,0.9014352833277628,0.9997119493197132,True,0.001344,0.00896,493.1485301330029
3,H1,Large,B,5.4,54.0,266.0,0.0086016,8.6016,494992.2551712421,4.9499225517124215,424.8900888744953,424.88909057101097,0.9064383143358056,0.9997280821116419,True,0.001344,0.00896,493.1485301330029
3,H1,Large,B,5.4,54.0,266.0,0.0086464,8.6464,494979.74358169927,4.9497974358169925,424.88909057101097,424.88813891381795,0.9114159128666138,0.9997439566481632,True,0.001344,0.00896,493.1485301330029
3,H1,Large,B,5.4,54.0,266.0,0.0086912,8.6912,494967.8355939309,4.949678355939309,424.88813891381795,424.88723314971895,0.9163669968782423,0.9997595751084538,True,0.001344,0.00896,493.1485301330029
3,H1,Large,B,5.4,54.0,266.0,0.008735999999999999,8.735999999999999,494956.5206846897,4.949565206846897,424.88723314971895,424.88637248093863,0.9212904287880607,0.999774939481244,True,0.001344,0.00896,493.1485301330029
3,H1,Large,B,5.4,54.0,266.0,0.0087808,8.7808,494945.78775751794,4.949457877575179,424.88637248093863,424.8855560659074,0.9261850120249745,0.9997900515613485,True,0.001344,0.00896,493.1485301330029
3,H1,Large,B,5.4,54.0,266.0,0.0088256,8.8256,494935.625154356,4.94935625154356,424.8855560659074,424.8847830201482,0.9310494872321337,0.9998049129453096,True,0.001344,0.00896,493.1485301330029
3,H1,Large,B,5.4,54.0,266.0,0.008870399999999999,8.870399999999998,494926.0206685634,4.949260206685634,424.8847830201482,424.8840524172716,0.935882528039617,0.9998195250259577,True,0.001344,0.00896,493.1485301330029
3,H1,Large,B,5.4,54.0,266.0,0.0089152,8.9152,494916.9615594101,4.9491696155941005,424.8840524172716,424.8833632900839,0.9406827362982153,0.9998338889856162,True,0.001344,0.00896,493.1485301330029
3,H1,Large,B,5.4,54.0,266.0,0.00896,8.959999999999999,494908.43456809164,4.949084345680917,424.8833632900839,424.8827146318098,0.9454486366257602,0.9998480057875876,True,0.001344,0.00896,493.1485301330029
4,H1,Small,L,5.16,20.0,60.0,0.0,0.0,500000.0,5.0,293.0,425.268435036257,0.0,0.0,False,0.0012992,0.006899199999999999,560.4064590772325
4,H1,Small,L,5.16,20.0,60.0,4.48e-05,0.0448,499425.17593330314,4.994251759333031,298.86390927346775,425.22504796044535,0.0,0.0,False,0.0012992,0.006899199999999999,560.4064590772325
4,H1,Small,L,5.16,20.0,60.0,8.96e-05,0.0896,498850.3518666063,4.988503518666063,304.6094082355086,425.1816204267491,0.0,0.0,False,0.0012992,0.006899199999999999,560.4064590772325
4,H1,Small,L,5.16,20.0,60.0,0.0001344,0.1344,498275.5277999094,4.982755277999094,310.2389820648566,425.13815234971383,0.0,0.0,False,0.0012992,0.006899199999999999,560.4064590772325
4,H1,Small,L,5.16,20.0,60.0,0.0001792,0.1792,497700.70373321255,4.977007037332125,315.7550395503346,425.09464364360485,0.0,0.0,False,0.0012992,0.006899199999999999,560.4064590772325
4,H1,Small,L,5.16,20.0,60.0,0.000224,0.224,497125.8796665157,4.971258796665157,321.1599368888792,425.0510942224064,0.0,0.0,False,0.0012992,0.006899199999999999,560.4064590772325
4,H1,Small,L,5.16,20.0,60.0,0.0002688,0.2688,496551.0555998188,4.965510555998188,326.4559789137171,425.00750399981985,0.0,0.0,False,0.0012992,0.006899199999999999,560.4064590772325
4,H1,Small,L,5.16,20.0,60.0,0.0003136,0.3136,495976.23153312196,4.959762315331219,331.64542029267733,424.963872889263,0.0,0.0,False,0.0012992,0.006899199999999999,560.4064590772325
4,H1,Small,L,5.16,20.0,60.0,0.0003584,0.3584,495401.4074664251,4.954014074664251,336.7304666972113,424.9202008038685,0.0,0.0,False,0.0012992,0.006899199999999999,560.4064590772325
4,H1,Small,L,5.16,20.0,60.0,0.0004032,0.4032,494826.58339972823,4.948265833997282,341.7132759427113,424.8764876564827,0.0,0.0,False,0.0012992,0.006899199999999999,560.4064590772325
4,H1,Small,L,5.16,20.0,60.0,0.000448,0.448,494251.75933303137,4.942517593330313,346.5959591007324,424.8327333596643,0.0,0.0,False,0.0012992,0.006899199999999999,560.4064590772325
4,H1,Small,L,5.16,20.0,60.0,0.0004927999999999999,0.49279999999999996,493676.9352663345,4.936769352663345,351.3805815837319,424.7889378256831,0.0,0.0,False,0.0012992,0.006899199999999999,560.4064590772325
4,H1,Small,L,5.16,20.0,60.0,0.0005376,0.5376,493102.11119963764,4.931021111996376,356.0691642029463,424.7451009665186,0.0,0.0,False,0.0012992,0.006899199999999999,560.4064590772325
4,H1,Small,L,5.16,20.0,60.0,0.0005824,0.5823999999999999,492527.2871329408,4.925272871329407,360.6636842000265,424.701222693859,0.0,0.0,False,0.0012992,0.006899199999999999,560.4064590772325
4,H1,Small,L,5.16,20.0,60.0,0.0006272,0.6272,491952.4630662439,4.919524630662439,365.166076253053,424.6573029190995,0.0,0.0,False,0.0012992,0.006899199999999999,560.4064590772325
4,H1,Small,L,5.16,20.0,60.0,0.000672,0.6719999999999999,491377.63899954705,4.913776389995471,369.5782334575473,424.6133415533413,0.0,0.0,False,0.0012992,0.006899199999999999,560.4064590772325
4,H1,Small,L,5.16,20.0,60.0,0.0007168,0.7168,490802.8149328502,4.908028149328502,373.90200828309315,424.56933850738994,0.0,0.0,False,0.0012992,0.006899199999999999,560.4064590772325
4,H1,Small,L,5.16,20.0,60.0,0.0007616,0.7615999999999999,490227.9908661533,4.902279908661534,378.1392135061721,424.52529369175437,0.0,0.0,False,0.0012992,0.006899199999999999,560.4064590772325
4,H1,Small,L,5.16,20.0,60.0,0.0008064,0.8064,489653.16679945646,4.896531667994565,382.291623119812,424.48120701664556,0.0,0.0,False,0.0012992,0.006899199999999999,560.4064590772325
4,H1,Small,L,5.16,20.0,60.0,0.0008512,0.8512,489078.3427327596,4.890783427327596,386.36097322063625,424.43707839197464,0.0,0.0,False,0.0012992,0.006899199999999999,560.4064590772325
4,H1,Small,L,5.16,20.0,60.0,0.000896,0.896,488503.51866606274,4.885035186660628,390.3489628738931,424.39290772735217,0.0,0.0,False,0.0012992,0.006899199999999999,560.4064590772325
4,H1,Small,L,5.16,20.0,60.0,0.0009408,0.9408,487928.6945993659,4.879286945993659,394.25725495703244,424.34869493208646,0.0,0.0,False,0.0012992,0.006899199999999999,560.4064590772325
4,H1,Small,L,5.16,20.0,60.0,0.0009855999999999999,0.9855999999999999,487353.870532669,4.87353870532669,398.08747698238744,424.30443991518234,0.0,0.0,False,0.0012992,0.006899199999999999,560.4064590772325
4,H1,Small,L,5.16,20.0,60.0,0.0010304,1.0304,486779.04646597215,4.867790464659722,401.84122189950585,424.2601425853395,0.0,0.0,False,0.0012992,0.006899199999999999,560.4064590772325
4,H1,Small,L,5.16,20.0,60.0,0.0010752,1.0752,486204.2223992753,4.862042223992753,405.52004887766475,424.21580285095155,0.0,0.0,False,0.0012992,0.006899199999999999,560.4064590772325
4,H1,Small,L,5.16,20.0,60.0,0.00112,1.1199999999999999,485629.3983325784,4.856293983325784,409.12548406909013,424.17142062010436,0.0,0.0,False,0.0012992,0.006899199999999999,560.4064590772325
4,H1,Small,L,5.16,20.0,60.0,0.0011648,1.1647999999999998,485054.57426588156,4.850545742658816,412.65902135339,424.12699580057455,0.0,0.0,False,0.0012992,0.006899199999999999,560.4064590772325
4,H1,Small,L,5.16,20.0,60.0,0.0012096,1.2096,484479.7501991847,4.844797501991847,416.1221230636989,424.08252829982837,0.0,0.0,False,0.0012992,0.006899199999999999,560.4064590772325
4,H1,Small,L,5.16,20.0,60.0,0.0012544,1.2544,483904.92613248783,4.839049261324878,419.5162206950172,424.03801802502005,0.0,0.0,False,0.0012992,0.006899199999999999,560.4064590772325
4,H1,Small,L,5.16,20.0,60.0,0.0012992,1.2992,483330.10206579097,4.83330102065791,422.842715595219,423.9934648829906,0.0,0.0,False,0.0012992,0.006899199999999999,560.4064590772325
4,H1,Small,L,5.16,20.0,60.0,0.001344,1.3439999999999999,482755.2779990941,4.827552779990941,423.9934648829906,423.9488687802661,0.003940502530850364,0.6054184421160544,True,0.0012992,0.006899199999999999,560.4064590772325
4,H1,Small,L,5.16,20.0,60.0,0.0013888,1.3888,481251.39677973127,4.8125139677973126,423.9488687802661,423.83199049171077,0.009973077443848085,0.7963822177156056,True,0.0012992,0.006899199999999999,560.4064590772325
4,H1,Small,L,5.16,20.0,60.0,0.0014336,1.4336,478199.98703331506,4.78199987033315,423.83199049171077,423.5939291525334,0.016013155726529858,0.8636944475546648,True,0.0012992,0.006899199999999999,560.4064590772325
4,H1,Small,L,5.16,20.0,60.0,0.0014784,1.4784,473438.89026927116,4.734388902692712,423.5939291525334,423.2200121500341,0.02206504694489951,0.8983361383337363,True,0.0012992,0.006899199999999999,560.4064590772325
4,H1,Small,L,5.16,20.0,60.0,0.0015232,1.5231999999999999,466789.6875985906,4.667896875985906,423.2200121500341,422.69267556750594,0.028133629869752624,0.9196197088106292,True,0.0012992,0.006899199999999999,560.4064590772325
4,H1,Small,L,5.16,20.0,60.0,0.001568,1.568,458050.43372624245,4.580504337262425,422.69267556750594,421.9902352931615,0.03422445665114609,0.9341556942403284,True,0.0012992,0.006899199999999999,560.4064590772325
4,H1,Small,L,5.16,20.0,60.0,0.0016128,1.6128,446985.9168403236,4.469859168403236,421.9902352931615,421.08512521647384,0.04034390536832699,0.9448225504743387,True,0.0012992,0.006899199999999999,560.4064590772325
4,H1,Small,L,5.16,20.0,60.0,0.0016576,1.6576,433314.00105780584,4.333140010578059,421.08512521647384,419.9412500258295,0.04649939870742242,0.9530767345335964,True,0.0012992,0.006899199999999999,560.4064590772325
4,H1,Small,L,5.16,20.0,60.0,0.0017024,1.7024,416685.5759619124,4.166855759619124,419.9412500258295,418.50980949607026,0.05269972190516691,0.9597367847380017,True,0.0012992,0.006899199999999999,560.4064590772325
4,H1,Small,L,5.16,20.0,60.0,0.0017472,1.7471999999999999,396653.6332701344,3.966536332701344,418.50980949607026,416.72234629924435,0.05895549718694288,0.9653012110303788,True,0.0012992,0.006899199999999999,560.4064590772325
4,H1,Small,L,5.16,20.0,60.0,0.001792,1.792,376820.95160662767,3.7682095160662765,416.72234629924435,414.8787556772541,0.06527991867866346,0.9700950093277722,True,0.0012992,0.006899199999999999,560.4064590772325
4,H1,Small,L,5.16,20.0,60.0,0.0018368,1.8368,357979.9040262963,3.5797990402629627,414.8787556772541,413.05259936259495,0.07167505395278977,0.9740818456165257,True,0.0012992,0.006899199999999999,560.4064590772325
4,H1,Small,L,5.16,20.0,60.0,0.0018816,1.8816,340080.9088249815,3.4008090882498148,413.05259936259495,411.24363121225866,0.07814021828437742,0.9773964283214366,True,0.0012992,0.006899199999999999,560.4064590772325
4,H1,Small,L,5.16,20.0,60.0,0.0019264,1.9264,323076.8633837324,3.230768633837324,411.24363121225866,409.4516096950321,0.08467473095630758,0.9801813568762731,True,0.0012992,0.006899199999999999,560.4064590772325
4,H1,Small,L,5.16,20.0,60.0,0.0019711999999999998,1.9711999999999998,306923.0202145458,3.069230202145458,409.4516096950321,407.67629778399106,0.09127791979625177,0.982542472295587,True,0.0012992,0.006899199999999999,560.4064590772325
4,H1,Small,L,5.16,20.0,60.0,0.002016,2.016,291576.8692038185,2.915768692038185,407.67629778399106,405.91746285198786,0.09794912103893799,0.9845599240861389,True,0.0012992,0.006899199999999999,560.4064590772325
4,H1,Small,L,5.16,20.0,60.0,0.0020608,2.0608,276998.0257436276,2.7699802574362757,405.91746285198786,404.1748765700349,0.10468767918686425,0.9862954699954687,True,0.0012992,0.006899199999999999,560.4064590772325
4,H1,Small,L,5.16,20.0,60.0,0.0021056,2.1056,263148.1244564462,2.631481244564462,404.1748765700349,402.44831480849183,0.11149294686984201,0.98779742405029,True,0.0012992,0.006899199999999999,560.4064590772325
4,H1,Small,L,5.16,20.0,60.0,0.0021504,2.1504,249990.7182336239,2.499907182336239,402.44831480849183,400.7375575409664,0.1183642847036998,0.9891040915118922,True,0.0012992,0.006899199999999999,560.4064590772325
4,H1,Small,L,5.16,20.0,60.0,0.0021952,2.1952,237491.1823219427,2.374911823219427,400.7375575409664,399.04238875084195,0.1253010611484317,0.9902462041817045,True,0.0012992,0.006899199999999999,560.4064590772325
4,H1,Small,L,5.16,20.0,60.0,0.00224,2.2399999999999998,225616.62320584556,2.2561662320584555,399.04238875084195,397.362596340349,0.13230265236603303,0.9912486795991313,True,0.0012992,0.006899199999999999,560.4064590772325
4,H1,Small,L,5.16,20.0,60.0,0.0022848,2.2848,214335.79204555327,2.1433579204555326,397.362596340349,395.697972042099,0.1393684420782285,0.9921319132993998,True,0.0012992,0.006899199999999999,560.4064590772325
4,H1,Small,L,5.16,20.0,60.0,0.0023296,2.3295999999999997,203619.00244327562,2.036190024432756,395.697972042099,394.04831133300536,0.1464978214242634,0.9929127424850321,True,0.0012992,0.006899199999999999,560.4064590772325
4,H1,Small,L,5.16,20.0,60.0,0.0023744,2.3744,193438.05232111184,1.9343805232111184,394.04831133300536,392.41341335051385,0.1536901888188988,0.993605174525551,True,0.0012992,0.006899199999999999,560.4064590772325
4,H1,Small,L,5.16,20.0,60.0,0.0024192,2.4192,183766.14970505625,1.8376614970505625,392.41341335051385,390.79308081107285,0.16094494981072238,0.9942209445409522,True,0.0012992,0.006899199999999999,560.4064590772325
4,H1,Small,L,5.16,20.0,60.0,0.002464,2.464,174577.84221980342,1.7457784221980341,390.79308081107285,389.187119930773,0.16826151694086303,0.9947699470199377,True,0.0012992,0.006899199999999999,560.4064590772325
4,H1,Small,L,5.16,20.0,60.0,0.0025088,2.5088,165848.95010881324,1.6584895010881324,389.187119930773,387.5953403480886,0.17563930960217283,0.9952605734073977,True,0.0012992,0.006899199999999999,560.4064590772325
4,H1,Small,L,5.16,20.0,60.0,0.0025536,2.5536,157556.5026033726,1.575565026033726,387.5953403480886,386.0175550486574,0.1830777538989203,0.9956999786709437,True,0.0012992,0.006899199999999999,560.4064590772325
4,H1,Small,L,5.16,20.0,60.0,0.0025984,2.5984,149678.67747320395,1.4967867747320396,386.0175550486574,384.45358029203504,0.19057628250701883,0.9960942936424778,True,0.0012992,0.006899199999999999,560.4064590772325
4,H1,Small,L,5.16,20.0,60.0,0.0026432,2.6432,142194.74359954376,1.4219474359954376,384.45358029203504,382.9032355403651,0.19813433453479667,0.9964487955428204,True,0.0012992,0.006899199999999999,560.4064590772325
4,H1,Small,L,5.16,20.0,60.0,0.002688,2.6879999999999997,135085.00641956658,1.3508500641956658,382.9032355403651,381.36634338890497,0.20575135538429912,0.9967680459580759,True,0.0012992,0.006899199999999999,560.4064590772325
4,H1,Small,L,5.16,20.0,60.0,0.0027328,2.7328,128330.75609858824,1.2833075609858824,381.36634338890497,379.8427294983539,0.21342679661309724,0.99705600326302,True,0.0012992,0.006899199999999999,560.4064590772325
4,H1,Small,L,5.16,20.0,60.0,0.0027776,2.7776,121914.21829365884,1.2191421829365883,379.8427294983539,378.33222252892614,0.22116011579656433,0.9973161148218659,True,0.0012992,0.006899199999999999,560.4064590772325
4,H1,Small,L,5.16,20.0,60.0,0.0028224,2.8224,115818.50737897589,1.158185073789759,378.33222252892614,376.83465407611885,0.22895077639056705,0.9975513930646008,True,0.0012992,0.006899199999999999,560.4064590772325
4,H1,Small,L,5.16,20.0,60.0,0.0028672,2.8672,110027.5820100271,1.100275820100271,376.83465407611885,375.34985860812344,0.23679824759450582,0.9977644786162004,True,0.0012992,0.006899199999999999,560.4064590772325
4,H1,Small,L,5.16,20.0,60.0,0.0029119999999999997,2.9119999999999995,104526.20290952575,1.0452620290952574,375.34985860812344,373.8776734048316,0.24470200421462668,0.9979576929614693,True,0.0012992,0.006899199999999999,560.4064590772325
4,H1,Small,L,5.16,20.0,60.0,0.0029568,2.9568,99299.89276404947,0.9929989276404947,373.8776734048316,372.41793849838905,0.2526615265275149,0.9981330825998584,True,0.0012992,0.006899199999999999,560.4064590772325
4,H1,Small,L,5.16,20.0,60.0,0.0030015999999999997,3.0016,94334.89812584699,0.9433489812584699,372.41793849838905,370.9704966152503,0.2606763001436689,0.9982924562393451,True,0.0012992,0.006899199999999999,560.4064590772325
4,H1,Small,L,5.16,20.0,60.0,0.0030464,3.0463999999999998,89618.15321955463,0.8961815321955463,370.9704966152503,369.5351931196924,0.268745815871042,0.9984374162652974,True,0.0012992,0.006899199999999999,560.4064590772325
4,H1,Small,L,5.16,20.0,60.0,0.0030911999999999997,3.0911999999999997,85137.2455585769,0.851372455585769,369.5351931196924,368.11187595874304,0.27686968440469406,0.9985693862957674,True,0.0012992,0.006899199999999999,560.4064590772325
4,H1,Small,L,5.16,20.0,60.0,0.003136,3.136,80880.38328064806,0.8088038328064806,368.11187595874304,366.70039560848284,0.2850476128077224,0.9986896334257002,True,0.0012992,0.006899199999999999,560.4064590772325
4,H1,Small,L,5.16,20.0,60.0,0.0031807999999999997,3.1807999999999996,76836.36411661566,0.7683636411661566,366.70039560848284,365.30060502168175,0.29327911556038466,0.9987992858784539,True,0.0012992,0.006899199999999999,560.4064590772325
4,H1,Small,L,5.16,20.0,60.0,0.0032256,3.2256,72994.54591078487,0.7299454591078487,365.30060502168175,363.9123595767315,0.30156371218559885,0.9988993515005791,True,0.0012992,0.006899199999999999,560.4064590772325
4,H1,Small,L,5.16,20.0,60.0,0.0032703999999999997,3.2703999999999995,69344.81861524563,0.6934481861524563,363.9123595767315,362.5355170278359,0.3099009271271526,0.9989907321976143,True,0.0012992,0.006899199999999999,560.4064590772325
4,H1,Small,L,5.16,20.0,60.0,0.0033152,3.3152,65877.57768448335,0.6587757768448335,362.5355170278359,361.16993745642367,0.31829028962788397,0.9990742364177014,True,0.0012992,0.006899199999999999,560.4064590772325
4,H1,Small,L,5.16,20.0,60.0,0.0033599999999999997,3.36,62583.698800259175,0.6258369880025918,361.16993745642367,359.81548322374897,0.3267313336077034,0.9991505899791954,True,0.0012992,0.006899199999999999,560.4064590772325
4,H1,Small,L,5.16,20.0,60.0,0.0034048,3.4048,59454.51386024622,0.5945451386024622,359.81548322374897,358.47201892464557,0.3352235975413175,0.9992204454885227,True,0.0012992,0.006899199999999999,560.4064590772325
4,H1,Small,L,5.16,20.0,60.0,0.0034495999999999997,3.4495999999999998,56481.788167233906,0.564817881672339,358.47201892464557,357.1394113424022,0.3437666243355047,0.9992843905538653,True,0.0012992,0.006899199999999999,560.4064590772325
4,H1,Small,L,5.16,20.0,60.0,0.0034944,3.4943999999999997,53657.69875887221,0.5365769875887221,357.1394113424022,355.81752940472745,0.35235996120578406,0.9993429549669555,True,0.0012992,0.006899199999999999,560.4064590772325
4,H1,Small,L,5.16,20.0,60.0,0.0035391999999999997,3.5391999999999997,50974.8138209286,0.509748138209286,355.81752940472745,354.5062441407738,0.36100315955230655,0.9993966169978992,True,0.0012992,0.006899199999999999,560.4064590772325
4,H1,Small,L,5.16,20.0,60.0,0.003584,3.584,50000.0,0.5,354.5062441407738,354.0153479231714,0.3696957748347886,0.9994458089253645,True,0.0012992,0.006899199999999999,560.4064590772325
4,H1,Small,L,5.16,20.0,60.0,0.0036287999999999997,3.6287999999999996,50000.0,0.5,354.0153479231714,354.0153479231714,0.3784068996447413,0.9994755187115862,True,0.0012992,0.006899199999999999,560.4064590772325
4,H1,Small,L,5.16,20.0,60.0,0.0036736,3.6736,50000.0,0.5,354.0153479231714,354.0153479231714,0.3871179472970669,0.9994944958752753,True,0.0012992,0.006899199999999999,560.4064590772325
4,H1,Small,L,5.16,20.0,60.0,0.0037183999999999997,3.7184,50000.0,0.5,354.0153479231714,354.0153479231714,0.3958288250435945,0.9995126381020386,True,0.0012992,0.006899199999999999,560.4064590772325
4,H1,Small,L,5.16,20.0,60.0,0.0037632,3.7632,50000.0,0.5,354.0153479231714,354.0153479231714,0.4045394826653673,0.999529999209853,True,0.0012992,0.006899199999999999,560.4064590772325
4,H1,Small,L,5.16,20.0,60.0,0.0038079999999999998,3.808,50000.0,0.5,354.0153479231714,354.0153479231714,0.4132498706765175,0.9995466284900613,True,0.0012992,0.006899199999999999,560.4064590772325
4,H1,Small,L,5.16,20.0,60.0,0.0038528,3.8528,50000.0,0.5,354.0153479231714,354.0153479231714,0.4219599402259984,0.9995625711733119,True,0.0012992,0.006899199999999999,560.4064590772325
4,H1,Small,L,5.16,20.0,60.0,0.0038975999999999998,3.8975999999999997,50000.0,0.5,354.0153479231714,354.0153479231714,0.4306696430030504,0.9995778688391151,True,0.0012992,0.006899199999999999,560.4064590772325
4,H1,Small,L,5.16,20.0,60.0,0.0039423999999999996,3.9423999999999997,50000.0,0.5,354.0153479231714,354.0153479231714,0.4393789311459338,0.9995925597768123,True,0.0012992,0.006899199999999999,560.4064590772325
4,H1,Small,L,5.16,20.0,60.0,0.0039872,3.9871999999999996,50000.0,0.5,354.0153479231714,354.0153479231714,0.4480877571534993,0.9996066793045599,True,0.0012992,0.006899199999999999,560.4064590772325
4,H1,Small,L,5.16,20.0,60.0,0.004032,4.032,50000.0,0.5,354.0153479231714,354.0153479231714,0.4567960737991918,0.9996202600519092,True,0.0012992,0.006899199999999999,560.4064590772325
4,H1,Small,L,5.16,20.0,60.0,0.0040768,4.0768,50000.0,0.5,354.0153479231714,354.0153479231714,0.4655038340471105,0.999633332210742,True,0.0012992,0.006899199999999999,560.4064590772325
4,H1,Small,L,5.16,20.0,60.0,0.0041216,4.1216,50000.0,0.5,354.0153479231714,354.0153479231714,0.47421099096976954,0.999645923758619,True,0.0012992,0.006899199999999999,560.4064590772325
4,H1,Small,L,5.16,20.0,60.0,0.0041664,4.166399999999999,50000.0,0.5,354.0153479231714,354.0153479231714,0.48291749766722203,0.9996580606580157,True,0.0012992,0.006899199999999999,560.4064590772325
4,H1,Small,L,5.16,20.0,60.0,0.0042112,4.2112,50000.0,0.5,354.0153479231714,354.0153479231714,0.4916233071872257,0.9996697670344262,True,0.0012992,0.006899199999999999,560.4064590772325
4,H1,Small,L,5.16,20.0,60.0,0.004256,4.256,50000.0,0.5,354.0153479231714,354.0153479231714,0.5003283724461434,0.9996810653359096,True,0.0012992,0.006899199999999999,560.4064590772325
4,H1,Small,L,5.16,20.0,60.0,0.0043008,4.3008,50000.0,0.5,354.0153479231714,354.0153479231714,0.509032646150281,0.9996919764762882,True,0.0012992,0.006899199999999999,560.4064590772325
4,H1,Small,L,5.16,20.0,60.0,0.0043456,4.3456,50000.0,0.5,354.0153479231714,354.0153479231714,0.5177360807173759,0.9997025199639259,True,0.0012992,0.006899199999999999,560.4064590772325
4,H1,Small,L,5.16,20.0,60.0,0.0043904,4.3904,50000.0,0.5,354.0153479231714,354.0153479231714,0.5264386281979538,0.9997127140177486,True,0.0012992,0.006899199999999999,560.4064590772325
4,H1,Small,L,5.16,20.0,60.0,0.004435199999999999,4.435199999999999,50000.0,0.5,354.0153479231714,354.0153479231714,0.5351402401962813,0.9997225756719575,True,0.0012992,0.006899199999999999,560.4064590772325
4,H1,Small,L,5.16,20.0,60.0,0.00448,4.4799999999999995,50000.0,0.5,354.0153479231714,354.0153479231714,0.5438405549683929,0.9997321205329999,True,0.0012992,0.006899199999999999,560.4064590772325
4,H1,Small,L,5.16,20.0,60.0,0.0045248,4.5248,50000.0,0.5,354.0153479231714,354.0153479231714,0.5525394858980122,0.99974136353355,True,0.0012992,0.006899199999999999,560.4064590772325
4,H1,Small,L,5.16,20.0,60.0,0.0045696,4.5696,50000.0,0.5,354.0153479231714,354.0153479231714,0.561236974374711,0.9997503187106609,True,0.0012992,0.006899199999999999,560.4064590772325
4,H1,Small,L,5.16,20.0,60.0,0.004614399999999999,4.6144,50000.0,0.5,354.0153479231714,354.0153479231714,0.5699329606049887,0.9997589992431559,True,0.0012992,0.006899199999999999,560.4064590772325
4,H1,Small,L,5.16,20.0,60.0,0.0046592,4.659199999999999,50000.0,0.5,354.0153479231714,354.0153479231714,0.5786273835105263,0.9997674175161315,True,0.0012992,0.006899199999999999,560.4064590772325
4,H1,Small,L,5.16,20.0,60.0,0.004704,4.704,50000.0,0.5,354.0153479231714,354.0153479231714,0.5873201806231932,0.9997755851797275,True,0.0012992,0.006899199999999999,560.4064590772325
4,H1,Small,L,5.16,20.0,60.0,0.0047488,4.7488,50000.0,0.5,354.0153479231714,354.0153479231714,0.5960112879764543,0.9997835132027489,True,0.0012992,0.006899199999999999,560.4064590772325
4,H1,Small,L,5.16,20.0,60.0,0.004793599999999999,4.7936,50000.0,0.5,354.0153479231714,354.0153479231714,0.604700639992815,0.9997912119216554,True,0.0012992,0.006899199999999999,560.4064590772325
4,H1,Small,L,5.16,20.0,60.0,0.0048384,4.8384,50000.0,0.5,354.0153479231714,354.0153479231714,0.6133881693669261,0.9997986910853814,True,0.0012992,0.006899199999999999,560.4064590772325
4,H1,Small,L,5.16,20.0,60.0,0.0048832,4.8831999999999995,50000.0,0.5,354.0153479231714,354.0153479231714,0.6220738069439566,0.9998059598963921,True,0.0012992,0.006899199999999999,560.4064590772325
4,H1,Small,L,5.16,20.0,60.0,0.004928,4.928,50000.0,0.5,354.0153479231714,354.0153479231714,0.6307574815928252,0.999813027048341,True,0.0012992,0.006899199999999999,560.4064590772325
4,H1,Small,L,5.16,20.0,60.0,0.0049727999999999994,4.972799999999999,50000.0,0.5,354.0153479231714,354.0153479231714,0.6394391200738635,0.9998199007606499,True,0.0012992,0.006899199999999999,560.4064590772325
4,H1,Small,L,5.16,20.0,60.0,0.0050176,5.0176,50000.0,0.5,354.0153479231714,354.0153479231714,0.6481186469004672,0.9998265888103036,True,0.0012992,0.006899199999999999,560.4064590772325
4,H1,Small,L,5.16,20.0,60.0,0.0050624,5.0624,50000.0,0.5,354.0153479231714,354.0153479231714,0.6567959841942677,0.9998330985611147,True,0.0012992,0.006899199999999999,560.4064590772325
4,H1,Small,L,5.16,20.0,60.0,0.0051072,5.1072,50000.0,0.5,354.0153479231714,354.0153479231714,0.6654710515333404,0.9998394369906886,True,0.0012992,0.006899199999999999,560.4064590772325
4,H1,Small,L,5.16,20.0,60.0,0.0051519999999999995,5.151999999999999,50000.0,0.5,354.0153479231714,354.0153479231714,0.6741430581951702,0.999845610218072,True,0.0012992,0.006899199999999999,560.4064590772325
4,H1,Small,L,5.16,20.0,60.0,0.0051968,5.1968,50000.0,0.5,354.0153479231714,354.0153479231714,0.6828118278040052,0.9998516244968974,True,0.0012992,0.006899199999999999,560.4064590772325
4,H1,Small,L,5.16,20.0,60.0,0.0052416,5.2416,50000.0,0.5,354.0153479231714,354.0153479231714,0.6914772377259335,0.9998574858049387,True,0.0012992,0.006899199999999999,560.4064590772325
4,H1,Small,L,5.16,20.0,60.0,0.0052864,5.2864,50000.0,0.5,354.0153479231714,354.0153479231714,0.7001391601397292,0.9998631998204847,True,0.0012992,0.006899199999999999,560.4064590772325
4,H1,Small,L,5.16,20.0,60.0,0.0053311999999999995,5.331199999999999,50000.0,0.5,354.0153479231714,354.0153479231714,0.7087974617162603,0.9998687719406535,True,0.0012992,0.006899199999999999,560.4064590772325
4,H1,Small,L,5.16,20.0,60.0,0.005376,5.3759999999999994,50000.0,0.5,354.0153479231714,354.0153479231714,0.7174520032778907,0.9998742072983625,True,0.0012992,0.006899199999999999,560.4064590772325
4,H1,Small,L,5.16,20.0,60.0,0.0054208,5.4208,50000.0,0.5,354.0153479231714,354.0153479231714,0.726102639436473,0.9998795107780744,True,0.0012992,0.006899199999999999,560.4064590772325
4,H1,Small,L,5.16,20.0,60.0,0.0054656,5.4656,50000.0,0.5,354.0153479231714,354.0153479231714,0.7347492182084593,0.9998846870304129,True,0.0012992,0.006899199999999999,560.4064590772325
4,H1,Small,L,5.16,20.0,60.0,0.0055103999999999995,5.5104,50000.0,0.5,354.0153479231714,354.0153479231714,0.7433915806055827,0.9998897404857469,True,0.0012992,0.006899199999999999,560.4064590772325
4,H1,Small,L,5.16,20.0,60.0,0.0055552,5.5552,50000.0,0.5,354.0153479231714,354.0153479231714,0.7520289471764754,0.999894675020619,True,0.0012992,0.006899199999999999,560.4064590772325
4,H1,Small,L,5.16,20.0,60.0,0.0056,5.6,50000.0,0.5,354.0153479231714,354.0153479231714,0.7606610450362764,0.9998994946309339,True,0.0012992,0.006899199999999999,560.4064590772325
4,H1,Small,L,5.16,20.0,60.0,0.0056448,5.6448,50000.0,0.5,354.0153479231714,354.0153479231714,0.7692876474662238,0.9999042031603788,True,0.0012992,0.006899199999999999,560.4064590772325
4,H1,Small,L,5.16,20.0,60.0,0.0056895999999999995,5.6895999999999995,50000.0,0.5,354.0153479231714,354.0153479231714,0.7779085155347216,0.9999088042765611,True,0.0012992,0.006899199999999999,560.4064590772325
4,H1,Small,L,5.16,20.0,60.0,0.0057344,5.7344,50000.0,0.5,354.0153479231714,354.0153479231714,0.7865233972623505,0.9999133014805235,True,0.0012992,0.006899199999999999,560.4064590772325
4,H1,Small,L,5.16,20.0,60.0,0.0057792,5.7792,50000.0,0.5,354.0153479231714,354.0153479231714,0.7951320267255858,0.9999176981156185,True,0.0012992,0.006899199999999999,560.4064590772325
4,H1,Small,L,5.16,20.0,60.0,0.005823999999999999,5.823999999999999,50000.0,0.5,354.0153479231714,354.0153479231714,0.8037342009513321,0.9999219974142827,True,0.0012992,0.006899199999999999,560.4064590772325
4,H1,Small,L,5.16,20.0,60.0,0.0058687999999999995,5.868799999999999,50000.0,0.5,354.0153479231714,354.0153479231714,0.8123296496452516,0.9999262024391543,True,0.0012992,0.006899199999999999,560.4064590772325
4,H1,Small,L,5.16,20.0,60.0,0.0059136,5.9136,50000.0,0.5,354.0153479231714,354.0153479231714,0.8209180667412168,0.9999303161086162,True,0.0012992,0.006899199999999999,560.4064590772325
4,H1,Small,L,5.16,20.0,60.0,0.0059584,5.9584,50000.0,0.5,354.0153479231714,354.0153479231714,0.8294991286020792,0.9999343412135192,True,0.0012992,0.006899199999999999,560.4064590772325
4,H1,Small,L,5.16,20.0,60.0,0.006003199999999999,6.0032,50000.0,0.5,354.0153479231714,354.0153479231714,0.8380721870021182,0.9999382802844173,True,0.0012992,0.006899199999999999,560.4064590772325
4,H1,Small,L,5.16,20.0,60.0,0.0060479999999999996,6.047999999999999,50000.0,0.5,354.0153479231714,354.0153479231714,0.846636541141886,0.9999421357332456,True,0.0012992,0.006899199999999999,560.4064590772325
4,H1,Small,L,5.16,20.0,60.0,0.0060928,6.0927999999999995,50000.0,0.5,354.0153479231714,354.0153479231714,0.8551917533157284,0.9999459099978852,True,0.0012992,0.006899199999999999,560.4064590772325
4,H1,Small,L,5.16,20.0,60.0,0.0061376,6.1376,50000.0,0.5,354.0153479231714,354.0153479231714,0.8637370330729851,0.9999496052711617,True,0.0012992,0.006899199999999999,560.4064590772325
4,H1,Small,L,5.16,20.0,60.0,0.006182399999999999,6.1823999999999995,50000.0,0.5,354.0153479231714,354.0153479231714,0.8722709503617257,0.9999532233995759,True,0.0012992,0.006899199999999999,560.4064590772325
4,H1,Small,L,5.16,20.0,60.0,0.0062272,6.2272,50000.0,0.5,354.0153479231714,354.0153479231714,0.8807928510690592,0.9999567664953077,True,0.0012992,0.006899199999999999,560.4064590772325
4,H1,Small,L,5.16,20.0,60.0,0.006272,6.272,50000.0,0.5,354.0153479231714,354.0153479231714,0.8892946446543994,0.9999602335903781,True,0.0012992,0.006899199999999999,560.4064590772325
4,H1,Small,L,5.16,20.0,60.0,0.0063168,6.3168,50000.0,0.5,354.0153479231714,354.0153479231714,0.8977714321467448,0.9999636251344731,True,0.0012992,0.006899199999999999,560.4064590772325
4,H1,Small,L,5.16,20.0,60.0,0.006361599999999999,6.361599999999999,50000.0,0.5,354.0153479231714,354.0153479231714,0.9062204299931795,0.9999669424448977,True,0.0012992,0.006899199999999999,560.4064590772325
4,H1,Small,L,5.16,20.0,60.0,0.0064064,6.4064,50000.0,0.5,354.0153479231714,354.0153479231714,0.9146384029363126,0.9999701866450385,True,0.0012992,0.006899199999999999,560.4064590772325
4,H1,Small,L,5.16,20.0,60.0,0.0064512,6.4512,50000.0,0.5,354.0153479231714,354.0153479231714,0.9230215640706163,0.9999733586416536,True,0.0012992,0.006899199999999999,560.4064590772325
4,H1,Small,L,5.16,20.0,60.0,0.006496,6.496,50000.0,0.5,354.0153479231714,354.0153479231714,0.9313654458571783,0.9999764590941295,True,0.0012992,0.006899199999999999,560.4064590772325
4,H1,Small,L,5.16,20.0,60.0,0.006540799999999999,6.540799999999999,50000.0,0.5,354.0153479231714,354.0153479231714,0.9396647312491021,0.9999794883727398,True,0.0012992,0.006899199999999999,560.4064590772325
4,H1,Small,L,5.16,20.0,60.0,0.0065856,6.5855999999999995,50000.0,0.5,354.0153479231714,354.0153479231714,0.9479130289467042,0.9999824465015101,True,0.0012992,0.006899199999999999,560.4064590772325
4,H1,Small,L,5.16,20.0,60.0,0.0066304,6.6304,50000.0,0.5,354.0153479231714,354.0153479231714,0.9561025686285469,0.9999853330789953,True,0.0012992,0.006899199999999999,560.4064590772325
4,H1,Small,L,5.16,20.0,60.0,0.0066752,6.6752,50000.0,0.5,354.0153479231714,354.0153479231714,0.9642237785649612,0.9999881471664926,True,0.0012992,0.006899199999999999,560.4064590772325
4,H1,Small,L,5.16,20.0,60.0,0.006719999999999999,6.72,50000.0,0.5,354.0153479231714,354.0153479231714,0.9722646851429682,0.9999908871267363,True,0.0012992,0.006899199999999999,560.4064590772325
4,H1,Small,L,5.16,20.0,60.0,0.0067648,6.764799999999999,50000.0,0.5,354.0153479231714,354.0153479231714,0.9802100328131996,0.9999935503844359,True,0.0012992,0.006899199999999999,560.4064590772325
4,H1,Small,L,5.16,20.0,60.0,0.0068096,6.8096,50000.0,0.5,354.0153479231714,354.0153479231714,0.9880399477032623,0.9999961330585679,True,0.0012992,0.006899199999999999,560.4064590772325
4,H1,Small,L,5.16,20.0,60.0,0.0068544,6.8544,50000.0,0.5,354.0153479231714,354.0153479231714,0.9957278180568211,0.9999986293732498,True,0.0012992,0.006899199999999999,560.4064590772325
4,H1,Small,L,5.16,20.0,60.0,0.006899199999999999,6.8991999999999996,50000.0,0.5,354.0153479231714,354.0153479231714,1.0,1.0,False,0.0012992,0.006899199999999999,560.4064590772325
4,H1,Small,L,5.16,20.0,60.0,0.006944,6.944,50000.0,0.5,362.07368361452296,354.0153479231714,1.0,1.0,False,0.0012992,0.006899199999999999,560.4064590772325
4,H1,Small,L,5.16,20.0,60.0,0.0069888,6.9887999999999995,50000.0,0.5,369.8515639311774,354.0153479231714,1.0,1.0,False,0.0012992,0.006899199999999999,560.4064590772325
4,H1,Small,L,5.16,20.0,60.0,0.0070336,7.0336,50000.0,0.5,377.3589592145331,354.0153479231714,1.0,1.0,False,0.0012992,0.006899199999999999,560.4064590772325
4,H1,Small,L,5.16,20.0,60.0,0.0070783999999999994,7.078399999999999,50000.0,0.5,384.6054717329922,354.0153479231714,1.0,1.0,False,0.0012992,0.006899199999999999,560.4064590772325
4,H1,Small,L,5.16,20.0,60.0,0.0071232,7.1232,50000.0,0.5,391.6003501093141,354.0153479231714,1.0,1.0,False,0.0012992,0.006899199999999999,560.4064590772325
4,H1,Small,L,5.16,20.0,60.0,0.007168,7.168,50000.0,0.5,398.3525031364825,354.0153479231714,1.0,1.0,False,0.0012992,0.006899199999999999,560.4064590772325
4,H1,Small,L,5.16,20.0,60.0,0.007212799999999999,7.2128,50000.0,0.5,404.8705130110503,354.0153479231714,1.0,1.0,False,0.0012992,0.006899199999999999,560.4064590772325
4,H1,Small,L,5.16,20.0,60.0,0.0072575999999999995,7.257599999999999,50000.0,0.5,411.1626480098413,354.0153479231714,1.0,1.0,False,0.0012992,0.006899199999999999,560.4064590772325
4,H1,Small,L,5.16,20.0,60.0,0.0073024,7.3024,50000.0,0.5,417.23687459529947,354.0153479231714,1.0,1.0,False,0.0012992,0.006899199999999999,560.4064590772325
4,H1,Small,L,5.16,20.0,60.0,0.0073472,7.3472,50000.0,0.5,423.10086917263925,354.0153479231714,1.0,1.0,False,0.0012992,0.006899199999999999,560.4064590772325
4,H1,Small,L,5.16,20.0,60.0,0.007391999999999999,7.3919999999999995,50000.0,0.5,428.76202912026207,354.0153479231714,1.0,1.0,False,0.0012992,0.006899199999999999,560.4064590772325
4,H1,Small,L,5.16,20.0,60.0,0.0074367999999999995,7.4368,50000.0,0.5,434.22748351951844,354.0153479231714,1.0,1.0,False,0.0012992,0.006899199999999999,560.4064590772325
4,H1,Small,L,5.16,20.0,60.0,0.0074816,7.481599999999999,50000.0,0.5,439.5041034011187,354.0153479231714,1.0,1.0,False,0.0012992,0.006899199999999999,560.4064590772325
4,H1,Small,L,5.16,20.0,60.0,0.0075264,7.5264,50000.0,0.5,444.59851156911793,354.0153479231714,1.0,1.0,False,0.0012992,0.006899199999999999,560.4064590772325
4,H1,Small,L,5.16,20.0,60.0,0.007571199999999999,7.571199999999999,50000.0,0.5,449.5170920214693,354.0153479231714,1.0,1.0,False,0.0012992,0.006899199999999999,560.4064590772325
4,H1,Small,L,5.16,20.0,60.0,0.0076159999999999995,7.616,50000.0,0.5,454.2659989852498,354.0153479231714,1.0,1.0,False,0.0012992,0.006899199999999999,560.4064590772325
4,H1,Small,L,5.16,20.0,60.0,0.0076608,7.6608,50000.0,0.5,458.85116558380696,354.0153479231714,1.0,1.0,False,0.0012992,0.006899199999999999,560.4064590772325
4,H1,Small,L,5.16,20.0,60.0,0.0077056,7.7056,50000.0,0.5,463.27831215225507,354.0153479231714,1.0,1.0,False,0.0012992,0.006899199999999999,560.4064590772325
4,H1,Small,L,5.16,20.0,60.0,0.007750399999999999,7.750399999999999,50000.0,0.5,467.55295421696246,354.0153479231714,1.0,1.0,False,0.0012992,0.006899199999999999,560.4064590772325
4,H1,Small,L,5.16,20.0,60.0,0.0077951999999999995,7.7951999999999995,50000.0,0.5,471.68041015392424,354.0153479231714,1.0,1.0,False,0.0012992,0.006899199999999999,560.4064590772325
4,H1,Small,L,5.16,20.0,60.0,0.00784,7.84,50000.0,0.5,475.6658085401966,354.0153479231714,1.0,1.0,False,0.0012992,0.006899199999999999,560.4064590772325
4,H1,Small,L,5.16,20.0,60.0,0.007884799999999999,7.884799999999999,50000.0,0.5,479.5140952118895,354.0153479231714,1.0,1.0,False,0.0012992,0.006899199999999999,560.4064590772325
4,H1,Small,L,5.16,20.0,60.0,0.0079296,7.9296,50000.0,0.5,483.23004004156417,354.0153479231714,1.0,1.0,False,0.0012992,0.006899199999999999,560.4064590772325
4,H1,Small,L,5.16,20.0,60.0,0.0079744,7.974399999999999,50000.0,0.5,486.8182434472662,354.0153479231714,1.0,1.0,False,0.0012992,0.006899199999999999,560.4064590772325
4,H1,Small,L,5.16,20.0,60.0,0.008019199999999999,8.0192,50000.0,0.5,490.28314264483794,354.0153479231714,1.0,1.0,False,0.0012992,0.006899199999999999,560.4064590772325
4,H1,Small,L,5.16,20.0,60.0,0.008064,8.064,50000.0,0.5,493.6290176545971,354.0153479231714,1.0,1.0,False,0.0012992,0.006899199999999999,560.4064590772325
4,H1,Small,L,5.16,20.0,60.0,0.0081088,8.108799999999999,50000.0,0.5,496.8599970729392,354.0153479231714,1.0,1.0,False,0.0012992,0.006899199999999999,560.4064590772325
4,H1,Small,L,5.16,20.0,60.0,0.0081536,8.1536,50000.0,0.5,499.98006361892084,354.0153479231714,1.0,1.0,False,0.0012992,0.006899199999999999,560.4064590772325
4,H1,Small,L,5.16,20.0,60.0,0.0081984,8.1984,50000.0,0.5,502.9930594654015,354.0153479231714,1.0,1.0,False,0.0012992,0.006899199999999999,560.4064590772325
4,H1,Small,L,5.16,20.0,60.0,0.0082432,8.2432,50000.0,0.5,505.9026913638728,354.0153479231714,1.0,1.0,False,0.0012992,0.006899199999999999,560.4064590772325
4,H1,Small,L,5.16,20.0,60.0,0.008288,8.288,50000.0,0.5,508.71253557167296,354.0153479231714,1.0,1.0,False,0.0012992,0.006899199999999999,560.4064590772325
4,H1,Small,L,5.16,20.0,60.0,0.0083328,8.332799999999999,50000.0,0.5,511.4260425898767,354.0153479231714,1.0,1.0,False,0.0012992,0.006899199999999999,560.4064590772325
4,H1,Small,L,5.16,20.0,60.0,0.008377599999999999,8.3776,50000.0,0.5,514.0465417197671,354.0153479231714,1.0,1.0,False,0.0012992,0.006899199999999999,560.4064590772325
4,H1,Small,L,5.16,20.0,60.0,0.0084224,8.4224,50000.0,0.5,516.5772454454268,354.0153479231714,1.0,1.0,False,0.0012992,0.006899199999999999,560.4064590772325
4,H1,Small,L,5.16,20.0,60.0,0.0084672,8.4672,50000.0,0.5,519.0212536496401,354.0153479231714,1.0,1.0,False,0.0012992,0.006899199999999999,560.4064590772325
4,H1,Small,L,5.16,20.0,60.0,0.008512,8.512,50000.0,0.5,521.3815576699664,354.0153479231714,1.0,1.0,False,0.0012992,0.006899199999999999,560.4064590772325
4,H1,Small,L,5.16,20.0,60.0,0.0085568,8.556799999999999,50000.0,0.5,523.6610442015321,354.0153479231714,1.0,1.0,False,0.0012992,0.006899199999999999,560.4064590772325
4,H1,Small,L,5.16,20.0,60.0,0.0086016,8.6016,50000.0,0.5,525.8624990527929,354.0153479231714,1.0,1.0,False,0.0012992,0.006899199999999999,560.4064590772325
4,H1,Small,L,5.16,20.0,60.0,0.0086464,8.6464,50000.0,0.5,527.9886107602321,354.0153479231714,1.0,1.0,False,0.0012992,0.006899199999999999,560.4064590772325
4,H1,Small,L,5.16,20.0,60.0,0.0086912,8.6912,50000.0,0.5,530.0419740676958,354.0153479231714,1.0,1.0,False,0.0012992,0.006899199999999999,560.4064590772325
4,H1,Small,L,5.16,20.0,60.0,0.008735999999999999,8.735999999999999,50000.0,0.5,532.0250932758115,354.0153479231714,1.0,1.0,False,0.0012992,0.006899199999999999,560.4064590772325
4,H1,Small,L,5.16,20.0,60.0,0.0087808,8.7808,50000.0,0.5,533.9403854666897,354.0153479231714,1.0,1.0,False,0.0012992,0.006899199999999999,560.4064590772325
4,H1,Small,L,5.16,20.0,60.0,0.0088256,8.8256,50000.0,0.5,535.7901836088852,354.0153479231714,1.0,1.0,False,0.0012992,0.006899199999999999,560.4064590772325
4,H1,Small,L,5.16,20.0,60.0,0.008870399999999999,8.870399999999998,50000.0,0.5,537.5767395473704,354.0153479231714,1.0,1.0,False,0.0012992,0.006899199999999999,560.4064590772325
4,H1,Small,L,5.16,20.0,60.0,0.0089152,8.9152,50000.0,0.5,539.302226883068,354.0153479231714,1.0,1.0,False,0.0012992,0.006899199999999999,560.4064590772325
4,H1,Small,L,5.16,20.0,60.0,0.00896,8.959999999999999,50000.0,0.5,540.9687437462924,354.0153479231714,1.0,1.0,False,0.0012992,0.006899199999999999,560.4064590772325
5,H1,Small,W,5.16,20.0,60.0,0.0,0.0,500000.0,5.0,293.0,425.268435036257,0.0,0.0,False,0.0012992,0.006899199999999999,560.4064590772325
5,H1,Small,W,5.16,20.0,60.0,4.48e-05,0.0448,499425.17593330314,4.994251759333031,298.86390927346775,425.22504796044535,0.0,0.0,False,0.0012992,0.006899199999999999,560.4064590772325
5,H1,Small,W,5.16,20.0,60.0,8.96e-05,0.0896,498850.3518666063,4.988503518666063,304.6094082355086,425.1816204267491,0.0,0.0,False,0.0012992,0.006899199999999999,560.4064590772325
5,H1,Small,W,5.16,20.0,60.0,0.0001344,0.1344,498275.5277999094,4.982755277999094,310.2389820648566,425.13815234971383,0.0,0.0,False,0.0012992,0.006899199999999999,560.4064590772325
5,H1,Small,W,5.16,20.0,60.0,0.0001792,0.1792,497700.70373321255,4.977007037332125,315.7550395503346,425.09464364360485,0.0,0.0,False,0.0012992,0.006899199999999999,560.4064590772325
5,H1,Small,W,5.16,20.0,60.0,0.000224,0.224,497125.8796665157,4.971258796665157,321.1599368888792,425.0510942224064,0.0,0.0,False,0.0012992,0.006899199999999999,560.4064590772325
5,H1,Small,W,5.16,20.0,60.0,0.0002688,0.2688,496551.0555998188,4.965510555998188,326.4559789137171,425.00750399981985,0.0,0.0,False,0.0012992,0.006899199999999999,560.4064590772325
5,H1,Small,W,5.16,20.0,60.0,0.0003136,0.3136,495976.23153312196,4.959762315331219,331.64542029267733,424.963872889263,0.0,0.0,False,0.0012992,0.006899199999999999,560.4064590772325
5,H1,Small,W,5.16,20.0,60.0,0.0003584,0.3584,495401.4074664251,4.954014074664251,336.7304666972113,424.9202008038685,0.0,0.0,False,0.0012992,0.006899199999999999,560.4064590772325
5,H1,Small,W,5.16,20.0,60.0,0.0004032,0.4032,494826.58339972823,4.948265833997282,341.7132759427113,424.8764876564827,0.0,0.0,False,0.0012992,0.006899199999999999,560.4064590772325
5,H1,Small,W,5.16,20.0,60.0,0.000448,0.448,494251.75933303137,4.942517593330313,346.5959591007324,424.8327333596643,0.0,0.0,False,0.0012992,0.006899199999999999,560.4064590772325
5,H1,Small,W,5.16,20.0,60.0,0.0004927999999999999,0.49279999999999996,493676.9352663345,4.936769352663345,351.3805815837319,424.7889378256831,0.0,0.0,False,0.0012992,0.006899199999999999,560.4064590772325
5,H1,Small,W,5.16,20.0,60.0,0.0005376,0.5376,493102.11119963764,4.931021111996376,356.0691642029463,424.7451009665186,0.0,0.0,False,0.0012992,0.006899199999999999,560.4064590772325
5,H1,Small,W,5.16,20.0,60.0,0.0005824,0.5823999999999999,492527.2871329408,4.925272871329407,360.6636842000265,424.701222693859,0.0,0.0,False,0.0012992,0.006899199999999999,560.4064590772325
5,H1,Small,W,5.16,20.0,60.0,0.0006272,0.6272,491952.4630662439,4.919524630662439,365.166076253053,424.6573029190995,0.0,0.0,False,0.0012992,0.006899199999999999,560.4064590772325
5,H1,Small,W,5.16,20.0,60.0,0.000672,0.6719999999999999,491377.63899954705,4.913776389995471,369.5782334575473,424.6133415533413,0.0,0.0,False,0.0012992,0.006899199999999999,560.4064590772325
5,H1,Small,W,5.16,20.0,60.0,0.0007168,0.7168,490802.8149328502,4.908028149328502,373.90200828309315,424.56933850738994,0.0,0.0,False,0.0012992,0.006899199999999999,560.4064590772325
5,H1,Small,W,5.16,20.0,60.0,0.0007616,0.7615999999999999,490227.9908661533,4.902279908661534,378.1392135061721,424.52529369175437,0.0,0.0,False,0.0012992,0.006899199999999999,560.4064590772325
5,H1,Small,W,5.16,20.0,60.0,0.0008064,0.8064,489653.16679945646,4.896531667994565,382.291623119812,424.48120701664556,0.0,0.0,False,0.0012992,0.006899199999999999,560.4064590772325
5,H1,Small,W,5.16,20.0,60.0,0.0008512,0.8512,489078.3427327596,4.890783427327596,386.36097322063625,424.43707839197464,0.0,0.0,False,0.0012992,0.006899199999999999,560.4064590772325
5,H1,Small,W,5.16,20.0,60.0,0.000896,0.896,488503.51866606274,4.885035186660628,390.3489628738931,424.39290772735217,0.0,0.0,False,0.0012992,0.006899199999999999,560.4064590772325
5,H1,Small,W,5.16,20.0,60.0,0.0009408,0.9408,487928.6945993659,4.879286945993659,394.25725495703244,424.34869493208646,0.0,0.0,False,0.0012992,0.006899199999999999,560.4064590772325
5,H1,Small,W,5.16,20.0,60.0,0.0009855999999999999,0.9855999999999999,487353.870532669,4.87353870532669,398.08747698238744,424.30443991518234,0.0,0.0,False,0.0012992,0.006899199999999999,560.4064590772325
5,H1,Small,W,5.16,20.0,60.0,0.0010304,1.0304,486779.04646597215,4.867790464659722,401.84122189950585,424.2601425853395,0.0,0.0,False,0.0012992,0.006899199999999999,560.4064590772325
5,H1,Small,W,5.16,20.0,60.0,0.0010752,1.0752,486204.2223992753,4.862042223992753,405.52004887766475,424.21580285095155,0.0,0.0,False,0.0012992,0.006899199999999999,560.4064590772325
5,H1,Small,W,5.16,20.0,60.0,0.00112,1.1199999999999999,485629.3983325784,4.856293983325784,409.12548406909013,424.17142062010436,0.0,0.0,False,0.0012992,0.006899199999999999,560.4064590772325
5,H1,Small,W,5.16,20.0,60.0,0.0011648,1.1647999999999998,485054.57426588156,4.850545742658816,412.65902135339,424.12699580057455,0.0,0.0,False,0.0012992,0.006899199999999999,560.4064590772325
5,H1,Small,W,5.16,20.0,60.0,0.0012096,1.2096,484479.7501991847,4.844797501991847,416.1221230636989,424.08252829982837,0.0,0.0,False,0.0012992,0.006899199999999999,560.4064590772325
5,H1,Small,W,5.16,20.0,60.0,0.0012544,1.2544,483904.92613248783,4.839049261324878,419.5162206950172,424.03801802502005,0.0,0.0,False,0.0012992,0.006899199999999999,560.4064590772325
5,H1,Small,W,5.16,20.0,60.0,0.0012992,1.2992,483330.10206579097,4.83330102065791,422.842715595219,423.9934648829906,0.0,0.0,False,0.0012992,0.006899199999999999,560.4064590772325
5,H1,Small,W,5.16,20.0,60.0,0.001344,1.3439999999999999,482755.2779990941,4.827552779990941,423.9934648829906,423.9488687802661,0.003940502530850364,0.6054184421160544,True,0.0012992,0.006899199999999999,560.4064590772325
5,H1,Small,W,5.16,20.0,60.0,0.0013888,1.3888,481251.39677973127,4.8125139677973126,423.9488687802661,423.83199049171077,0.009973077443848085,0.7963822177156056,True,0.0012992,0.006899199999999999,560.4064590772325
5,H1,Small,W,5.16,20.0,60.0,0.0014336,1.4336,478199.98703331506,4.78199987033315,423.83199049171077,423.5939291525334,0.016013155726529858,0.8636944475546648,True,0.0012992,0.006899199999999999,560.4064590772325
5,H1,Small,W,5.16,20.0,60.0,0.0014784,1.4784,473438.89026927116,4.734388902692712,423.5939291525334,423.2200121500341,0.02206504694489951,0.8983361383337363,True,0.0012992,0.006899199999999999,560.4064590772325
5,H1,Small,W,5.16,20.0,60.0,0.0015232,1.5231999999999999,466789.6875985906,4.667896875985906,423.2200121500341,422.69267556750594,0.028133629869752624,0.9196197088106292,True,0.0012992,0.006899199999999999,560.4064590772325
5,H1,Small,W,5.16,20.0,60.0,0.001568,1.568,458050.43372624245,4.580504337262425,422.69267556750594,421.9902352931615,0.03422445665114609,0.9341556942403284,True,0.0012992,0.006899199999999999,560.4064590772325
5,H1,Small,W,5.16,20.0,60.0,0.0016128,1.6128,446985.9168403236,4.469859168403236,421.9902352931615,421.08512521647384,0.04034390536832699,0.9448225504743387,True,0.0012992,0.006899199999999999,560.4064590772325
5,H1,Small,W,5.16,20.0,60.0,0.0016576,1.6576,433314.00105780584,4.333140010578059,421.08512521647384,419.9412500258295,0.04649939870742242,0.9530767345335964,True,0.0012992,0.006899199999999999,560.4064590772325
5,H1,Small,W,5.16,20.0,60.0,0.0017024,1.7024,416685.5759619124,4.166855759619124,419.9412500258295,418.50980949607026,0.05269972190516691,0.9597367847380017,True,0.0012992,0.006899199999999999,560.4064590772325
5,H1,Small,W,5.16,20.0,60.0,0.0017472,1.7471999999999999,396653.6332701344,3.966536332701344,418.50980949607026,416.72234629924435,0.05895549718694288,0.9653012110303788,True,0.0012992,0.006899199999999999,560.4064590772325
5,H1,Small,W,5.16,20.0,60.0,0.001792,1.792,376820.95160662767,3.7682095160662765,416.72234629924435,414.8787556772541,0.06527991867866346,0.9700950093277722,True,0.0012992,0.006899199999999999,560.4064590772325
5,H1,Small,W,5.16,20.0,60.0,0.0018368,1.8368,357979.9040262963,3.5797990402629627,414.8787556772541,413.05259936259495,0.07167505395278977,0.9740818456165257,True,0.0012992,0.006899199999999999,560.4064590772325
5,H1,Small,W,5.16,20.0,60.0,0.0018816,1.8816,340080.9088249815,3.4008090882498148,413.05259936259495,411.24363121225866,0.07814021828437742,0.9773964283214366,True,0.0012992,0.006899199999999999,560.4064590772325
5,H1,Small,W,5.16,20.0,60.0,0.0019264,1.9264,323076.8633837324,3.230768633837324,411.24363121225866,409.4516096950321,0.08467473095630758,0.9801813568762731,True,0.0012992,0.006899199999999999,560.4064590772325
5,H1,Small,W,5.16,20.0,60.0,0.0019711999999999998,1.9711999999999998,306923.0202145458,3.069230202145458,409.4516096950321,407.67629778399106,0.09127791979625177,0.982542472295587,True,0.0012992,0.006899199999999999,560.4064590772325
5,H1,Small,W,5.16,20.0,60.0,0.002016,2.016,291576.8692038185,2.915768692038185,407.67629778399106,405.91746285198786,0.09794912103893799,0.9845599240861389,True,0.0012992,0.006899199999999999,560.4064590772325
5,H1,Small,W,5.16,20.0,60.0,0.0020608,2.0608,276998.0257436276,2.7699802574362757,405.91746285198786,404.1748765700349,0.10468767918686425,0.9862954699954687,True,0.0012992,0.006899199999999999,560.4064590772325
5,H1,Small,W,5.16,20.0,60.0,0.0021056,2.1056,263148.1244564462,2.631481244564462,404.1748765700349,402.44831480849183,0.11149294686984201,0.98779742405029,True,0.0012992,0.006899199999999999,560.4064590772325
5,H1,Small,W,5.16,20.0,60.0,0.0021504,2.1504,249990.7182336239,2.499907182336239,402.44831480849183,400.7375575409664,0.1183642847036998,0.9891040915118922,True,0.0012992,0.006899199999999999,560.4064590772325
5,H1,Small,W,5.16,20.0,60.0,0.0021952,2.1952,237491.1823219427,2.374911823219427,400.7375575409664,399.04238875084195,0.1253010611484317,0.9902462041817045,True,0.0012992,0.006899199999999999,560.4064590772325
5,H1,Small,W,5.16,20.0,60.0,0.00224,2.2399999999999998,225616.62320584556,2.2561662320584555,399.04238875084195,397.362596340349,0.13230265236603303,0.9912486795991313,True,0.0012992,0.006899199999999999,560.4064590772325
5,H1,Small,W,5.16,20.0,60.0,0.0022848,2.2848,214335.79204555327,2.1433579204555326,397.362596340349,395.697972042099,0.1393684420782285,0.9921319132993998,True,0.0012992,0.006899199999999999,560.4064590772325
5,H1,Small,W,5.16,20.0,60.0,0.0023296,2.3295999999999997,203619.00244327562,2.036190024432756,395.697972042099,394.04831133300536,0.1464978214242634,0.9929127424850321,True,0.0012992,0.006899199999999999,560.4064590772325
5,H1,Small,W,5.16,20.0,60.0,0.0023744,2.3744,193438.05232111184,1.9343805232111184,394.04831133300536,392.41341335051385,0.1536901888188988,0.993605174525551,True,0.0012992,0.006899199999999999,560.4064590772325
5,H1,Small,W,5.16,20.0,60.0,0.0024192,2.4192,183766.14970505625,1.8376614970505625,392.41341335051385,390.79308081107285,0.16094494981072238,0.9942209445409522,True,0.0012992,0.006899199999999999,560.4064590772325
5,H1,Small,W,5.16,20.0,60.0,0.002464,2.464,174577.84221980342,1.7457784221980341,390.79308081107285,389.187119930773,0.16826151694086303,0.9947699470199377,True,0.0012992,0.006899199999999999,560.4064590772325
5,H1,Small,W,5.16,20.0,60.0,0.0025088,2.5088,165848.95010881324,1.6584895010881324,389.187119930773,387.5953403480886,0.17563930960217283,0.9952605734073977,True,0.0012992,0.006899199999999999,560.4064590772325
5,H1,Small,W,5.16,20.0,60.0,0.0025536,2.5536,157556.5026033726,1.575565026033726,387.5953403480886,386.0175550486574,0.1830777538989203,0.9956999786709437,True,0.0012992,0.006899199999999999,560.4064590772325
5,H1,Small,W,5.16,20.0,60.0,0.0025984,2.5984,149678.67747320395,1.4967867747320396,386.0175550486574,384.45358029203504,0.19057628250701883,0.9960942936424778,True,0.0012992,0.006899199999999999,560.4064590772325
5,H1,Small,W,5.16,20.0,60.0,0.0026432,2.6432,142194.74359954376,1.4219474359954376,384.45358029203504,382.9032355403651,0.19813433453479667,0.9964487955428204,True,0.0012992,0.006899199999999999,560.4064590772325
5,H1,Small,W,5.16,20.0,60.0,0.002688,2.6879999999999997,135085.00641956658,1.3508500641956658,382.9032355403651,381.36634338890497,0.20575135538429912,0.9967680459580759,True,0.0012992,0.006899199999999999,560.4064590772325
5,H1,Small,W,5.16,20.0,60.0,0.0027328,2.7328,128330.75609858824,1.2833075609858824,381.36634338890497,379.8427294983539,0.21342679661309724,0.99705600326302,True,0.0012992,0.006899199999999999,560.4064590772325
5,H1,Small,W,5.16,20.0,60.0,0.0027776,2.7776,121914.21829365884,1.2191421829365883,379.8427294983539,378.33222252892614,0.22116011579656433,0.9973161148218659,True,0.0012992,0.006899199999999999,560.4064590772325
5,H1,Small,W,5.16,20.0,60.0,0.0028224,2.8224,115818.50737897589,1.158185073789759,378.33222252892614,376.83465407611885,0.22895077639056705,0.9975513930646008,True,0.0012992,0.006899199999999999,560.4064590772325
5,H1,Small,W,5.16,20.0,60.0,0.0028672,2.8672,110027.5820100271,1.100275820100271,376.83465407611885,375.34985860812344,0.23679824759450582,0.9977644786162004,True,0.0012992,0.006899199999999999,560.4064590772325
5,H1,Small,W,5.16,20.0,60.0,0.0029119999999999997,2.9119999999999995,104526.20290952575,1.0452620290952574,375.34985860812344,373.8776734048316,0.24470200421462668,0.9979576929614693,True,0.0012992,0.006899199999999999,560.4064590772325
5,H1,Small,W,5.16,20.0,60.0,0.0029568,2.9568,99299.89276404947,0.9929989276404947,373.8776734048316,372.41793849838905,0.2526615265275149,0.9981330825998584,True,0.0012992,0.006899199999999999,560.4064590772325
5,H1,Small,W,5.16,20.0,60.0,0.0030015999999999997,3.0016,94334.89812584699,0.9433489812584699,372.41793849838905,370.9704966152503,0.2606763001436689,0.9982924562393451,True,0.0012992,0.006899199999999999,560.4064590772325
5,H1,Small,W,5.16,20.0,60.0,0.0030464,3.0463999999999998,89618.15321955463,0.8961815321955463,370.9704966152503,369.5351931196924,0.268745815871042,0.9984374162652974,True,0.0012992,0.006899199999999999,560.4064590772325
5,H1,Small,W,5.16,20.0,60.0,0.0030911999999999997,3.0911999999999997,85137.2455585769,0.851372455585769,369.5351931196924,368.11187595874304,0.27686968440469406,0.9985693862957674,True,0.0012992,0.006899199999999999,560.4064590772325
5,H1,Small,W,5.16,20.0,60.0,0.003136,3.136,80880.38328064806,0.8088038328064806,368.11187595874304,366.70039560848284,0.2850476128077224,0.9986896334257002,True,0.0012992,0.006899199999999999,560.4064590772325
5,H1,Small,W,5.16,20.0,60.0,0.0031807999999999997,3.1807999999999996,76836.36411661566,0.7683636411661566,366.70039560848284,365.30060502168175,0.29327911556038466,0.9987992858784539,True,0.0012992,0.006899199999999999,560.4064590772325
5,H1,Small,W,5.16,20.0,60.0,0.0032256,3.2256,72994.54591078487,0.7299454591078487,365.30060502168175,363.9123595767315,0.30156371218559885,0.9988993515005791,True,0.0012992,0.006899199999999999,560.4064590772325
5,H1,Small,W,5.16,20.0,60.0,0.0032703999999999997,3.2703999999999995,69344.81861524563,0.6934481861524563,363.9123595767315,362.5355170278359,0.3099009271271526,0.9989907321976143,True,0.0012992,0.006899199999999999,560.4064590772325
5,H1,Small,W,5.16,20.0,60.0,0.0033152,3.3152,65877.57768448335,0.6587757768448335,362.5355170278359,361.16993745642367,0.31829028962788397,0.9990742364177014,True,0.0012992,0.006899199999999999,560.4064590772325
5,H1,Small,W,5.16,20.0,60.0,0.0033599999999999997,3.36,62583.698800259175,0.6258369880025918,361.16993745642367,359.81548322374897,0.3267313336077034,0.9991505899791954,True,0.0012992,0.006899199999999999,560.4064590772325
5,H1,Small,W,5.16,20.0,60.0,0.0034048,3.4048,59454.51386024622,0.5945451386024622,359.81548322374897,358.47201892464557,0.3352235975413175,0.9992204454885227,True,0.0012992,0.006899199999999999,560.4064590772325
5,H1,Small,W,5.16,20.0,60.0,0.0034495999999999997,3.4495999999999998,56481.788167233906,0.564817881672339,358.47201892464557,357.1394113424022,0.3437666243355047,0.9992843905538653,True,0.0012992,0.006899199999999999,560.4064590772325
5,H1,Small,W,5.16,20.0,60.0,0.0034944,3.4943999999999997,53657.69875887221,0.5365769875887221,357.1394113424022,355.81752940472745,0.35235996120578406,0.9993429549669555,True,0.0012992,0.006899199999999999,560.4064590772325
5,H1,Small,W,5.16,20.0,60.0,0.0035391999999999997,3.5391999999999997,50974.8138209286,0.509748138209286,355.81752940472745,354.5062441407738,0.36100315955230655,0.9993966169978992,True,0.0012992,0.006899199999999999,560.4064590772325
5,H1,Small,W,5.16,20.0,60.0,0.003584,3.584,50000.0,0.5,354.5062441407738,354.0153479231714,0.3696957748347886,0.9994458089253645,True,0.0012992,0.006899199999999999,560.4064590772325
5,H1,Small,W,5.16,20.0,60.0,0.0036287999999999997,3.6287999999999996,50000.0,0.5,354.0153479231714,354.0153479231714,0.3784068996447413,0.9994755187115862,True,0.0012992,0.006899199999999999,560.4064590772325
5,H1,Small,W,5.16,20.0,60.0,0.0036736,3.6736,50000.0,0.5,354.0153479231714,354.0153479231714,0.3871179472970669,0.9994944958752753,True,0.0012992,0.006899199999999999,560.4064590772325
5,H1,Small,W,5.16,20.0,60.0,0.0037183999999999997,3.7184,50000.0,0.5,354.0153479231714,354.0153479231714,0.3958288250435945,0.9995126381020386,True,0.0012992,0.006899199999999999,560.4064590772325
5,H1,Small,W,5.16,20.0,60.0,0.0037632,3.7632,50000.0,0.5,354.0153479231714,354.0153479231714,0.4045394826653673,0.999529999209853,True,0.0012992,0.006899199999999999,560.4064590772325
5,H1,Small,W,5.16,20.0,60.0,0.0038079999999999998,3.808,50000.0,0.5,354.0153479231714,354.0153479231714,0.4132498706765175,0.9995466284900613,True,0.0012992,0.006899199999999999,560.4064590772325
5,H1,Small,W,5.16,20.0,60.0,0.0038528,3.8528,50000.0,0.5,354.0153479231714,354.0153479231714,0.4219599402259984,0.9995625711733119,True,0.0012992,0.006899199999999999,560.4064590772325
5,H1,Small,W,5.16,20.0,60.0,0.0038975999999999998,3.8975999999999997,50000.0,0.5,354.0153479231714,354.0153479231714,0.4306696430030504,0.9995778688391151,True,0.0012992,0.006899199999999999,560.4064590772325
5,H1,Small,W,5.16,20.0,60.0,0.0039423999999999996,3.9423999999999997,50000.0,0.5,354.0153479231714,354.0153479231714,0.4393789311459338,0.9995925597768123,True,0.0012992,0.006899199999999999,560.4064590772325
5,H1,Small,W,5.16,20.0,60.0,0.0039872,3.9871999999999996,50000.0,0.5,354.0153479231714,354.0153479231714,0.4480877571534993,0.9996066793045599,True,0.0012992,0.006899199999999999,560.4064590772325
5,H1,Small,W,5.16,20.0,60.0,0.004032,4.032,50000.0,0.5,354.0153479231714,354.0153479231714,0.4567960737991918,0.9996202600519092,True,0.0012992,0.006899199999999999,560.4064590772325
5,H1,Small,W,5.16,20.0,60.0,0.0040768,4.0768,50000.0,0.5,354.0153479231714,354.0153479231714,0.4655038340471105,0.999633332210742,True,0.0012992,0.006899199999999999,560.4064590772325
5,H1,Small,W,5.16,20.0,60.0,0.0041216,4.1216,50000.0,0.5,354.0153479231714,354.0153479231714,0.47421099096976954,0.999645923758619,True,0.0012992,0.006899199999999999,560.4064590772325
5,H1,Small,W,5.16,20.0,60.0,0.0041664,4.166399999999999,50000.0,0.5,354.0153479231714,354.0153479231714,0.48291749766722203,0.9996580606580157,True,0.0012992,0.006899199999999999,560.4064590772325
5,H1,Small,W,5.16,20.0,60.0,0.0042112,4.2112,50000.0,0.5,354.0153479231714,354.0153479231714,0.4916233071872257,0.9996697670344262,True,0.0012992,0.006899199999999999,560.4064590772325
5,H1,Small,W,5.16,20.0,60.0,0.004256,4.256,50000.0,0.5,354.0153479231714,354.0153479231714,0.5003283724461434,0.9996810653359096,True,0.0012992,0.006899199999999999,560.4064590772325
5,H1,Small,W,5.16,20.0,60.0,0.0043008,4.3008,50000.0,0.5,354.0153479231714,354.0153479231714,0.509032646150281,0.9996919764762882,True,0.0012992,0.006899199999999999,560.4064590772325
5,H1,Small,W,5.16,20.0,60.0,0.0043456,4.3456,50000.0,0.5,354.0153479231714,354.0153479231714,0.5177360807173759,0.9997025199639259,True,0.0012992,0.006899199999999999,560.4064590772325
5,H1,Small,W,5.16,20.0,60.0,0.0043904,4.3904,50000.0,0.5,354.0153479231714,354.0153479231714,0.5264386281979538,0.9997127140177486,True,0.0012992,0.006899199999999999,560.4064590772325
5,H1,Small,W,5.16,20.0,60.0,0.004435199999999999,4.435199999999999,50000.0,0.5,354.0153479231714,354.0153479231714,0.5351402401962813,0.9997225756719575,True,0.0012992,0.006899199999999999,560.4064590772325
5,H1,Small,W,5.16,20.0,60.0,0.00448,4.4799999999999995,50000.0,0.5,354.0153479231714,354.0153479231714,0.5438405549683929,0.9997321205329999,True,0.0012992,0.006899199999999999,560.4064590772325
5,H1,Small,W,5.16,20.0,60.0,0.0045248,4.5248,50000.0,0.5,354.0153479231714,354.0153479231714,0.5525394858980122,0.99974136353355,True,0.0012992,0.006899199999999999,560.4064590772325
5,H1,Small,W,5.16,20.0,60.0,0.0045696,4.5696,50000.0,0.5,354.0153479231714,354.0153479231714,0.561236974374711,0.9997503187106609,True,0.0012992,0.006899199999999999,560.4064590772325
5,H1,Small,W,5.16,20.0,60.0,0.004614399999999999,4.6144,50000.0,0.5,354.0153479231714,354.0153479231714,0.5699329606049887,0.9997589992431559,True,0.0012992,0.006899199999999999,560.4064590772325
5,H1,Small,W,5.16,20.0,60.0,0.0046592,4.659199999999999,50000.0,0.5,354.0153479231714,354.0153479231714,0.5786273835105263,0.9997674175161315,True,0.0012992,0.006899199999999999,560.4064590772325
5,H1,Small,W,5.16,20.0,60.0,0.004704,4.704,50000.0,0.5,354.0153479231714,354.0153479231714,0.5873201806231932,0.9997755851797275,True,0.0012992,0.006899199999999999,560.4064590772325
5,H1,Small,W,5.16,20.0,60.0,0.0047488,4.7488,50000.0,0.5,354.0153479231714,354.0153479231714,0.5960112879764543,0.9997835132027489,True,0.0012992,0.006899199999999999,560.4064590772325
5,H1,Small,W,5.16,20.0,60.0,0.004793599999999999,4.7936,50000.0,0.5,354.0153479231714,354.0153479231714,0.604700639992815,0.9997912119216554,True,0.0012992,0.006899199999999999,560.4064590772325
5,H1,Small,W,5.16,20.0,60.0,0.0048384,4.8384,50000.0,0.5,354.0153479231714,354.0153479231714,0.6133881693669261,0.9997986910853814,True,0.0012992,0.006899199999999999,560.4064590772325
5,H1,Small,W,5.16,20.0,60.0,0.0048832,4.8831999999999995,50000.0,0.5,354.0153479231714,354.0153479231714,0.6220738069439566,0.9998059598963921,True,0.0012992,0.006899199999999999,560.4064590772325
5,H1,Small,W,5.16,20.0,60.0,0.004928,4.928,50000.0,0.5,354.0153479231714,354.0153479231714,0.6307574815928252,0.999813027048341,True,0.0012992,0.006899199999999999,560.4064590772325
5,H1,Small,W,5.16,20.0,60.0,0.0049727999999999994,4.972799999999999,50000.0,0.5,354.0153479231714,354.0153479231714,0.6394391200738635,0.9998199007606499,True,0.0012992,0.006899199999999999,560.4064590772325
5,H1,Small,W,5.16,20.0,60.0,0.0050176,5.0176,50000.0,0.5,354.0153479231714,354.0153479231714,0.6481186469004672,0.9998265888103036,True,0.0012992,0.006899199999999999,560.4064590772325
5,H1,Small,W,5.16,20.0,60.0,0.0050624,5.0624,50000.0,0.5,354.0153479231714,354.0153479231714,0.6567959841942677,0.9998330985611147,True,0.0012992,0.006899199999999999,560.4064590772325
5,H1,Small,W,5.16,20.0,60.0,0.0051072,5.1072,50000.0,0.5,354.0153479231714,354.0153479231714,0.6654710515333404,0.9998394369906886,True,0.0012992,0.006899199999999999,560.4064590772325
5,H1,Small,W,5.16,20.0,60.0,0.0051519999999999995,5.151999999999999,50000.0,0.5,354.0153479231714,354.0153479231714,0.6741430581951702,0.999845610218072,True,0.0012992,0.006899199999999999,560.4064590772325
5,H1,Small,W,5.16,20.0,60.0,0.0051968,5.1968,50000.0,0.5,354.0153479231714,354.0153479231714,0.6828118278040052,0.9998516244968974,True,0.0012992,0.006899199999999999,560.4064590772325
5,H1,Small,W,5.16,20.0,60.0,0.0052416,5.2416,50000.0,0.5,354.0153479231714,354.0153479231714,0.6914772377259335,0.9998574858049387,True,0.0012992,0.006899199999999999,560.4064590772325
5,H1,Small,W,5.16,20.0,60.0,0.0052864,5.2864,50000.0,0.5,354.0153479231714,354.0153479231714,0.7001391601397292,0.9998631998204847,True,0.0012992,0.006899199999999999,560.4064590772325
5,H1,Small,W,5.16,20.0,60.0,0.0053311999999999995,5.331199999999999,50000.0,0.5,354.0153479231714,354.0153479231714,0.7087974617162603,0.9998687719406535,True,0.0012992,0.006899199999999999,560.4064590772325
5,H1,Small,W,5.16,20.0,60.0,0.005376,5.3759999999999994,50000.0,0.5,354.0153479231714,354.0153479231714,0.7174520032778907,0.9998742072983625,True,0.0012992,0.006899199999999999,560.4064590772325
5,H1,Small,W,5.16,20.0,60.0,0.0054208,5.4208,50000.0,0.5,354.0153479231714,354.0153479231714,0.726102639436473,0.9998795107780744,True,0.0012992,0.006899199999999999,560.4064590772325
5,H1,Small,W,5.16,20.0,60.0,0.0054656,5.4656,50000.0,0.5,354.0153479231714,354.0153479231714,0.7347492182084593,0.9998846870304129,True,0.0012992,0.006899199999999999,560.4064590772325
5,H1,Small,W,5.16,20.0,60.0,0.0055103999999999995,5.5104,50000.0,0.5,354.0153479231714,354.0153479231714,0.7433915806055827,0.9998897404857469,True,0.0012992,0.006899199999999999,560.4064590772325
5,H1,Small,W,5.16,20.0,60.0,0.0055552,5.5552,50000.0,0.5,354.0153479231714,354.0153479231714,0.7520289471764754,0.999894675020619,True,0.0012992,0.006899199999999999,560.4064590772325
5,H1,Small,W,5.16,20.0,60.0,0.0056,5.6,50000.0,0.5,354.0153479231714,354.0153479231714,0.7606610450362764,0.9998994946309339,True,0.0012992,0.006899199999999999,560.4064590772325
5,H1,Small,W,5.16,20.0,60.0,0.0056448,5.6448,50000.0,0.5,354.0153479231714,354.0153479231714,0.7692876474662238,0.9999042031603788,True,0.0012992,0.006899199999999999,560.4064590772325
5,H1,Small,W,5.16,20.0,60.0,0.0056895999999999995,5.6895999999999995,50000.0,0.5,354.0153479231714,354.0153479231714,0.7779085155347216,0.9999088042765611,True,0.0012992,0.006899199999999999,560.4064590772325
5,H1,Small,W,5.16,20.0,60.0,0.0057344,5.7344,50000.0,0.5,354.0153479231714,354.0153479231714,0.7865233972623505,0.9999133014805235,True,0.0012992,0.006899199999999999,560.4064590772325
5,H1,Small,W,5.16,20.0,60.0,0.0057792,5.7792,50000.0,0.5,354.0153479231714,354.0153479231714,0.7951320267255858,0.9999176981156185,True,0.0012992,0.006899199999999999,560.4064590772325
5,H1,Small,W,5.16,20.0,60.0,0.005823999999999999,5.823999999999999,50000.0,0.5,354.0153479231714,354.0153479231714,0.8037342009513321,0.9999219974142827,True,0.0012992,0.006899199999999999,560.4064590772325
5,H1,Small,W,5.16,20.0,60.0,0.0058687999999999995,5.868799999999999,50000.0,0.5,354.0153479231714,354.0153479231714,0.8123296496452516,0.9999262024391543,True,0.0012992,0.006899199999999999,560.4064590772325
5,H1,Small,W,5.16,20.0,60.0,0.0059136,5.9136,50000.0,0.5,354.0153479231714,354.0153479231714,0.8209180667412168,0.9999303161086162,True,0.0012992,0.006899199999999999,560.4064590772325
5,H1,Small,W,5.16,20.0,60.0,0.0059584,5.9584,50000.0,0.5,354.0153479231714,354.0153479231714,0.8294991286020792,0.9999343412135192,True,0.0012992,0.006899199999999999,560.4064590772325
5,H1,Small,W,5.16,20.0,60.0,0.006003199999999999,6.0032,50000.0,0.5,354.0153479231714,354.0153479231714,0.8380721870021182,0.9999382802844173,True,0.0012992,0.006899199999999999,560.4064590772325
5,H1,Small,W,5.16,20.0,60.0,0.0060479999999999996,6.047999999999999,50000.0,0.5,354.0153479231714,354.0153479231714,0.846636541141886,0.9999421357332456,True,0.0012992,0.006899199999999999,560.4064590772325
5,H1,Small,W,5.16,20.0,60.0,0.0060928,6.0927999999999995,50000.0,0.5,354.0153479231714,354.0153479231714,0.8551917533157284,0.9999459099978852,True,0.0012992,0.006899199999999999,560.4064590772325
5,H1,Small,W,5.16,20.0,60.0,0.0061376,6.1376,50000.0,0.5,354.0153479231714,354.0153479231714,0.8637370330729851,0.9999496052711617,True,0.0012992,0.006899199999999999,560.4064590772325
5,H1,Small,W,5.16,20.0,60.0,0.006182399999999999,6.1823999999999995,50000.0,0.5,354.0153479231714,354.0153479231714,0.8722709503617257,0.9999532233995759,True,0.0012992,0.006899199999999999,560.4064590772325
5,H1,Small,W,5.16,20.0,60.0,0.0062272,6.2272,50000.0,0.5,354.0153479231714,354.0153479231714,0.8807928510690592,0.9999567664953077,True,0.0012992,0.006899199999999999,560.4064590772325
5,H1,Small,W,5.16,20.0,60.0,0.006272,6.272,50000.0,0.5,354.0153479231714,354.0153479231714,0.8892946446543994,0.9999602335903781,True,0.0012992,0.006899199999999999,560.4064590772325
5,H1,Small,W,5.16,20.0,60.0,0.0063168,6.3168,50000.0,0.5,354.0153479231714,354.0153479231714,0.8977714321467448,0.9999636251344731,True,0.0012992,0.006899199999999999,560.4064590772325
5,H1,Small,W,5.16,20.0,60.0,0.006361599999999999,6.361599999999999,50000.0,0.5,354.0153479231714,354.0153479231714,0.9062204299931795,0.9999669424448977,True,0.0012992,0.006899199999999999,560.4064590772325
5,H1,Small,W,5.16,20.0,60.0,0.0064064,6.4064,50000.0,0.5,354.0153479231714,354.0153479231714,0.9146384029363126,0.9999701866450385,True,0.0012992,0.006899199999999999,560.4064590772325
5,H1,Small,W,5.16,20.0,60.0,0.0064512,6.4512,50000.0,0.5,354.0153479231714,354.0153479231714,0.9230215640706163,0.9999733586416536,True,0.0012992,0.006899199999999999,560.4064590772325
5,H1,Small,W,5.16,20.0,60.0,0.006496,6.496,50000.0,0.5,354.0153479231714,354.0153479231714,0.9313654458571783,0.9999764590941295,True,0.0012992,0.006899199999999999,560.4064590772325
5,H1,Small,W,5.16,20.0,60.0,0.006540799999999999,6.540799999999999,50000.0,0.5,354.0153479231714,354.0153479231714,0.9396647312491021,0.9999794883727398,True,0.0012992,0.006899199999999999,560.4064590772325
5,H1,Small,W,5.16,20.0,60.0,0.0065856,6.5855999999999995,50000.0,0.5,354.0153479231714,354.0153479231714,0.9479130289467042,0.9999824465015101,True,0.0012992,0.006899199999999999,560.4064590772325
5,H1,Small,W,5.16,20.0,60.0,0.0066304,6.6304,50000.0,0.5,354.0153479231714,354.0153479231714,0.9561025686285469,0.9999853330789953,True,0.0012992,0.006899199999999999,560.4064590772325
5,H1,Small,W,5.16,20.0,60.0,0.0066752,6.6752,50000.0,0.5,354.0153479231714,354.0153479231714,0.9642237785649612,0.9999881471664926,True,0.0012992,0.006899199999999999,560.4064590772325
5,H1,Small,W,5.16,20.0,60.0,0.006719999999999999,6.72,50000.0,0.5,354.0153479231714,354.0153479231714,0.9722646851429682,0.9999908871267363,True,0.0012992,0.006899199999999999,560.4064590772325
5,H1,Small,W,5.16,20.0,60.0,0.0067648,6.764799999999999,50000.0,0.5,354.0153479231714,354.0153479231714,0.9802100328131996,0.9999935503844359,True,0.0012992,0.006899199999999999,560.4064590772325
5,H1,Small,W,5.16,20.0,60.0,0.0068096,6.8096,50000.0,0.5,354.0153479231714,354.0153479231714,0.9880399477032623,0.9999961330585679,True,0.0012992,0.006899199999999999,560.4064590772325
5,H1,Small,W,5.16,20.0,60.0,0.0068544,6.8544,50000.0,0.5,354.0153479231714,354.0153479231714,0.9957278180568211,0.9999986293732498,True,0.0012992,0.006899199999999999,560.4064590772325
5,H1,Small,W,5.16,20.0,60.0,0.006899199999999999,6.8991999999999996,50000.0,0.5,354.0153479231714,354.0153479231714,1.0,1.0,False,0.0012992,0.006899199999999999,560.4064590772325
5,H1,Small,W,5.16,20.0,60.0,0.006944,6.944,50000.0,0.5,362.07368361452296,354.0153479231714,1.0,1.0,False,0.0012992,0.006899199999999999,560.4064590772325
5,H1,Small,W,5.16,20.0,60.0,0.0069888,6.9887999999999995,50000.0,0.5,369.8515639311774,354.0153479231714,1.0,1.0,False,0.0012992,0.006899199999999999,560.4064590772325
5,H1,Small,W,5.16,20.0,60.0,0.0070336,7.0336,50000.0,0.5,377.3589592145331,354.0153479231714,1.0,1.0,False,0.0012992,0.006899199999999999,560.4064590772325
5,H1,Small,W,5.16,20.0,60.0,0.0070783999999999994,7.078399999999999,50000.0,0.5,384.6054717329922,354.0153479231714,1.0,1.0,False,0.0012992,0.006899199999999999,560.4064590772325
5,H1,Small,W,5.16,20.0,60.0,0.0071232,7.1232,50000.0,0.5,391.6003501093141,354.0153479231714,1.0,1.0,False,0.0012992,0.006899199999999999,560.4064590772325
5,H1,Small,W,5.16,20.0,60.0,0.007168,7.168,50000.0,0.5,398.3525031364825,354.0153479231714,1.0,1.0,False,0.0012992,0.006899199999999999,560.4064590772325
5,H1,Small,W,5.16,20.0,60.0,0.007212799999999999,7.2128,50000.0,0.5,404.8705130110503,354.0153479231714,1.0,1.0,False,0.0012992,0.006899199999999999,560.4064590772325
5,H1,Small,W,5.16,20.0,60.0,0.0072575999999999995,7.257599999999999,50000.0,0.5,411.1626480098413,354.0153479231714,1.0,1.0,False,0.0012992,0.006899199999999999,560.4064590772325
5,H1,Small,W,5.16,20.0,60.0,0.0073024,7.3024,50000.0,0.5,417.23687459529947,354.0153479231714,1.0,1.0,False,0.0012992,0.006899199999999999,560.4064590772325
5,H1,Small,W,5.16,20.0,60.0,0.0073472,7.3472,50000.0,0.5,423.10086917263925,354.0153479231714,1.0,1.0,False,0.0012992,0.006899199999999999,560.4064590772325
5,H1,Small,W,5.16,20.0,60.0,0.007391999999999999,7.3919999999999995,50000.0,0.5,428.76202912026207,354.0153479231714,1.0,1.0,False,0.0012992,0.006899199999999999,560.4064590772325
5,H1,Small,W,5.16,20.0,60.0,0.0074367999999999995,7.4368,50000.0,0.5,434.22748351951844,354.0153479231714,1.0,1.0,False,0.0012992,0.006899199999999999,560.4064590772325
5,H1,Small,W,5.16,20.0,60.0,0.0074816,7.481599999999999,50000.0,0.5,439.5041034011187,354.0153479231714,1.0,1.0,False,0.0012992,0.006899199999999999,560.4064590772325
5,H1,Small,W,5.16,20.0,60.0,0.0075264,7.5264,50000.0,0.5,444.59851156911793,354.0153479231714,1.0,1.0,False,0.0012992,0.006899199999999999,560.4064590772325
5,H1,Small,W,5.16,20.0,60.0,0.007571199999999999,7.571199999999999,50000.0,0.5,449.5170920214693,354.0153479231714,1.0,1.0,False,0.0012992,0.006899199999999999,560.4064590772325
5,H1,Small,W,5.16,20.0,60.0,0.0076159999999999995,7.616,50000.0,0.5,454.2659989852498,354.0153479231714,1.0,1.0,False,0.0012992,0.006899199999999999,560.4064590772325
5,H1,Small,W,5.16,20.0,60.0,0.0076608,7.6608,50000.0,0.5,458.85116558380696,354.0153479231714,1.0,1.0,False,0.0012992,0.006899199999999999,560.4064590772325
5,H1,Small,W,5.16,20.0,60.0,0.0077056,7.7056,50000.0,0.5,463.27831215225507,354.0153479231714,1.0,1.0,False,0.0012992,0.006899199999999999,560.4064590772325
5,H1,Small,W,5.16,20.0,60.0,0.007750399999999999,7.750399999999999,50000.0,0.5,467.55295421696246,354.0153479231714,1.0,1.0,False,0.0012992,0.006899199999999999,560.4064590772325
5,H1,Small,W,5.16,20.0,60.0,0.0077951999999999995,7.7951999999999995,50000.0,0.5,471.68041015392424,354.0153479231714,1.0,1.0,False,0.0012992,0.006899199999999999,560.4064590772325
5,H1,Small,W,5.16,20.0,60.0,0.00784,7.84,50000.0,0.5,475.6658085401966,354.0153479231714,1.0,1.0,False,0.0012992,0.006899199999999999,560.4064590772325
5,H1,Small,W,5.16,20.0,60.0,0.007884799999999999,7.884799999999999,50000.0,0.5,479.5140952118895,354.0153479231714,1.0,1.0,False,0.0012992,0.006899199999999999,560.4064590772325
5,H1,Small,W,5.16,20.0,60.0,0.0079296,7.9296,50000.0,0.5,483.23004004156417,354.0153479231714,1.0,1.0,False,0.0012992,0.006899199999999999,560.4064590772325
5,H1,Small,W,5.16,20.0,60.0,0.0079744,7.974399999999999,50000.0,0.5,486.8182434472662,354.0153479231714,1.0,1.0,False,0.0012992,0.006899199999999999,560.4064590772325
5,H1,Small,W,5.16,20.0,60.0,0.008019199999999999,8.0192,50000.0,0.5,490.28314264483794,354.0153479231714,1.0,1.0,False,0.0012992,0.006899199999999999,560.4064590772325
5,H1,Small,W,5.16,20.0,60.0,0.008064,8.064,50000.0,0.5,493.6290176545971,354.0153479231714,1.0,1.0,False,0.0012992,0.006899199999999999,560.4064590772325
5,H1,Small,W,5.16,20.0,60.0,0.0081088,8.108799999999999,50000.0,0.5,496.8599970729392,354.0153479231714,1.0,1.0,False,0.0012992,0.006899199999999999,560.4064590772325
5,H1,Small,W,5.16,20.0,60.0,0.0081536,8.1536,50000.0,0.5,499.98006361892084,354.0153479231714,1.0,1.0,False,0.0012992,0.006899199999999999,560.4064590772325
5,H1,Small,W,5.16,20.0,60.0,0.0081984,8.1984,50000.0,0.5,502.9930594654015,354.0153479231714,1.0,1.0,False,0.0012992,0.006899199999999999,560.4064590772325
5,H1,Small,W,5.16,20.0,60.0,0.0082432,8.2432,50000.0,0.5,505.9026913638728,354.0153479231714,1.0,1.0,False,0.0012992,0.006899199999999999,560.4064590772325
5,H1,Small,W,5.16,20.0,60.0,0.008288,8.288,50000.0,0.5,508.71253557167296,354.0153479231714,1.0,1.0,False,0.0012992,0.006899199999999999,560.4064590772325
5,H1,Small,W,5.16,20.0,60.0,0.0083328,8.332799999999999,50000.0,0.5,511.4260425898767,354.0153479231714,1.0,1.0,False,0.0012992,0.006899199999999999,560.4064590772325
5,H1,Small,W,5.16,20.0,60.0,0.008377599999999999,8.3776,50000.0,0.5,514.0465417197671,354.0153479231714,1.0,1.0,False,0.0012992,0.006899199999999999,560.4064590772325
5,H1,Small,W,5.16,20.0,60.0,0.0084224,8.4224,50000.0,0.5,516.5772454454268,354.0153479231714,1.0,1.0,False,0.0012992,0.006899199999999999,560.4064590772325
5,H1,Small,W,5.16,20.0,60.0,0.0084672,8.4672,50000.0,0.5,519.0212536496401,354.0153479231714,1.0,1.0,False,0.0012992,0.006899199999999999,560.4064590772325
5,H1,Small,W,5.16,20.0,60.0,0.008512,8.512,50000.0,0.5,521.3815576699664,354.0153479231714,1.0,1.0,False,0.0012992,0.006899199999999999,560.4064590772325
5,H1,Small,W,5.16,20.0,60.0,0.0085568,8.556799999999999,50000.0,0.5,523.6610442015321,354.0153479231714,1.0,1.0,False,0.0012992,0.006899199999999999,560.4064590772325
5,H1,Small,W,5.16,20.0,60.0,0.0086016,8.6016,50000.0,0.5,525.8624990527929,354.0153479231714,1.0,1.0,False,0.0012992,0.006899199999999999,560.4064590772325
5,H1,Small,W,5.16,20.0,60.0,0.0086464,8.6464,50000.0,0.5,527.9886107602321,354.0153479231714,1.0,1.0,False,0.0012992,0.006899199999999999,560.4064590772325
5,H1,Small,W,5.16,20.0,60.0,0.0086912,8.6912,50000.0,0.5,530.0419740676958,354.0153479231714,1.0,1.0,False,0.0012992,0.006899199999999999,560.4064590772325
5,H1,Small,W,5.16,20.0,60.0,0.008735999999999999,8.735999999999999,50000.0,0.5,532.0250932758115,354.0153479231714,1.0,1.0,False,0.0012992,0.006899199999999999,560.4064590772325
5,H1,Small,W,5.16,20.0,60.0,0.0087808,8.7808,50000.0,0.5,533.9403854666897,354.0153479231714,1.0,1.0,False,0.0012992,0.006899199999999999,560.4064590772325
5,H1,Small,W,5.16,20.0,60.0,0.0088256,8.8256,50000.0,0.5,535.7901836088852,354.0153479231714,1.0,1.0,False,0.0012992,0.006899199999999999,560.4064590772325
5,H1,Small,W,5.16,20.0,60.0,0.008870399999999999,8.870399999999998,50000.0,0.5,537.5767395473704,354.0153479231714,1.0,1.0,False,0.0012992,0.006899199999999999,560.4064590772325
5,H1,Small,W,5.16,20.0,60.0,0.0089152,8.9152,50000.0,0.5,539.302226883068,354.0153479231714,1.0,1.0,False,0.0012992,0.006899199999999999,560.4064590772325
5,H1,Small,W,5.16,20.0,60.0,0.00896,8.959999999999999,50000.0,0.5,540.9687437462924,354.0153479231714,1.0,1.0,False,0.0012992,0.006899199999999999,560.4064590772325
6,H1,Small,B,5.16,20.0,60.0,0.0,0.0,500000.0,5.0,293.0,425.268435036257,0.0,0.0,False,0.0012992,0.006899199999999999,560.4064590772325
6,H1,Small,B,5.16,20.0,60.0,4.48e-05,0.0448,499425.17593330314,4.994251759333031,298.86390927346775,425.22504796044535,0.0,0.0,False,0.0012992,0.006899199999999999,560.4064590772325
6,H1,Small,B,5.16,20.0,60.0,8.96e-05,0.0896,498850.3518666063,4.988503518666063,304.6094082355086,425.1816204267491,0.0,0.0,False,0.0012992,0.006899199999999999,560.4064590772325
6,H1,Small,B,5.16,20.0,60.0,0.0001344,0.1344,498275.5277999094,4.982755277999094,310.2389820648566,425.13815234971383,0.0,0.0,False,0.0012992,0.006899199999999999,560.4064590772325
6,H1,Small,B,5.16,20.0,60.0,0.0001792,0.1792,497700.70373321255,4.977007037332125,315.7550395503346,425.09464364360485,0.0,0.0,False,0.0012992,0.006899199999999999,560.4064590772325
6,H1,Small,B,5.16,20.0,60.0,0.000224,0.224,497125.8796665157,4.971258796665157,321.1599368888792,425.0510942224064,0.0,0.0,False,0.0012992,0.006899199999999999,560.4064590772325
6,H1,Small,B,5.16,20.0,60.0,0.0002688,0.2688,496551.0555998188,4.965510555998188,326.4559789137171,425.00750399981985,0.0,0.0,False,0.0012992,0.006899199999999999,560.4064590772325
6,H1,Small,B,5.16,20.0,60.0,0.0003136,0.3136,495976.23153312196,4.959762315331219,331.64542029267733,424.963872889263,0.0,0.0,False,0.0012992,0.006899199999999999,560.4064590772325
6,H1,Small,B,5.16,20.0,60.0,0.0003584,0.3584,495401.4074664251,4.954014074664251,336.7304666972113,424.9202008038685,0.0,0.0,False,0.0012992,0.006899199999999999,560.4064590772325
6,H1,Small,B,5.16,20.0,60.0,0.0004032,0.4032,494826.58339972823,4.948265833997282,341.7132759427113,424.8764876564827,0.0,0.0,False,0.0012992,0.006899199999999999,560.4064590772325
6,H1,Small,B,5.16,20.0,60.0,0.000448,0.448,494251.75933303137,4.942517593330313,346.5959591007324,424.8327333596643,0.0,0.0,False,0.0012992,0.006899199999999999,560.4064590772325
6,H1,Small,B,5.16,20.0,60.0,0.0004927999999999999,0.49279999999999996,493676.9352663345,4.936769352663345,351.3805815837319,424.7889378256831,0.0,0.0,False,0.0012992,0.006899199999999999,560.4064590772325
6,H1,Small,B,5.16,20.0,60.0,0.0005376,0.5376,493102.11119963764,4.931021111996376,356.0691642029463,424.7451009665186,0.0,0.0,False,0.0012992,0.006899199999999999,560.4064590772325
6,H1,Small,B,5.16,20.0,60.0,0.0005824,0.5823999999999999,492527.2871329408,4.925272871329407,360.6636842000265,424.701222693859,0.0,0.0,False,0.0012992,0.006899199999999999,560.4064590772325
6,H1,Small,B,5.16,20.0,60.0,0.0006272,0.6272,491952.4630662439,4.919524630662439,365.166076253053,424.6573029190995,0.0,0.0,False,0.0012992,0.006899199999999999,560.4064590772325
6,H1,Small,B,5.16,20.0,60.0,0.000672,0.6719999999999999,491377.63899954705,4.913776389995471,369.5782334575473,424.6133415533413,0.0,0.0,False,0.0012992,0.006899199999999999,560.4064590772325
6,H1,Small,B,5.16,20.0,60.0,0.0007168,0.7168,490802.8149328502,4.908028149328502,373.90200828309315,424.56933850738994,0.0,0.0,False,0.0012992,0.006899199999999999,560.4064590772325
6,H1,Small,B,5.16,20.0,60.0,0.0007616,0.7615999999999999,490227.9908661533,4.902279908661534,378.1392135061721,424.52529369175437,0.0,0.0,False,0.0012992,0.006899199999999999,560.4064590772325
6,H1,Small,B,5.16,20.0,60.0,0.0008064,0.8064,489653.16679945646,4.896531667994565,382.291623119812,424.48120701664556,0.0,0.0,False,0.0012992,0.006899199999999999,560.4064590772325
6,H1,Small,B,5.16,20.0,60.0,0.0008512,0.8512,489078.3427327596,4.890783427327596,386.36097322063625,424.43707839197464,0.0,0.0,False,0.0012992,0.006899199999999999,560.4064590772325
6,H1,Small,B,5.16,20.0,60.0,0.000896,0.896,488503.51866606274,4.885035186660628,390.3489628738931,424.39290772735217,0.0,0.0,False,0.0012992,0.006899199999999999,560.4064590772325
6,H1,Small,B,5.16,20.0,60.0,0.0009408,0.9408,487928.6945993659,4.879286945993659,394.25725495703244,424.34869493208646,0.0,0.0,False,0.0012992,0.006899199999999999,560.4064590772325
6,H1,Small,B,5.16,20.0,60.0,0.0009855999999999999,0.9855999999999999,487353.870532669,4.87353870532669,398.08747698238744,424.30443991518234,0.0,0.0,False,0.0012992,0.006899199999999999,560.4064590772325
6,H1,Small,B,5.16,20.0,60.0,0.0010304,1.0304,486779.04646597215,4.867790464659722,401.84122189950585,424.2601425853395,0.0,0.0,False,0.0012992,0.006899199999999999,560.4064590772325
6,H1,Small,B,5.16,20.0,60.0,0.0010752,1.0752,486204.2223992753,4.862042223992753,405.52004887766475,424.21580285095155,0.0,0.0,False,0.0012992,0.006899199999999999,560.4064590772325
6,H1,Small,B,5.16,20.0,60.0,0.00112,1.1199999999999999,485629.3983325784,4.856293983325784,409.12548406909013,424.17142062010436,0.0,0.0,False,0.0012992,0.006899199999999999,560.4064590772325
6,H1,Small,B,5.16,20.0,60.0,0.0011648,1.1647999999999998,485054.57426588156,4.850545742658816,412.65902135339,424.12699580057455,0.0,0.0,False,0.0012992,0.006899199999999999,560.4064590772325
6,H1,Small,B,5.16,20.0,60.0,0.0012096,1.2096,484479.7501991847,4.844797501991847,416.1221230636989,424.08252829982837,0.0,0.0,False,0.0012992,0.006899199999999999,560.4064590772325
6,H1,Small,B,5.16,20.0,60.0,0.0012544,1.2544,483904.92613248783,4.839049261324878,419.5162206950172,424.03801802502005,0.0,0.0,False,0.0012992,0.006899199999999999,560.4064590772325
6,H1,Small,B,5.16,20.0,60.0,0.0012992,1.2992,483330.10206579097,4.83330102065791,422.842715595219,423.9934648829906,0.0,0.0,False,0.0012992,0.006899199999999999,560.4064590772325
6,H1,Small,B,5.16,20.0,60.0,0.001344,1.3439999999999999,482755.2779990941,4.827552779990941,423.9934648829906,423.9488687802661,0.003940502530850364,0.6054184421160544,True,0.0012992,0.006899199999999999,560.4064590772325
6,H1,Small,B,5.16,20.0,60.0,0.0013888,1.3888,481251.39677973127,4.8125139677973126,423.9488687802661,423.83199049171077,0.009973077443848085,0.7963822177156056,True,0.0012992,0.006899199999999999,560.4064590772325
6,H1,Small,B,5.16,20.0,60.0,0.0014336,1.4336,478199.98703331506,4.78199987033315,423.83199049171077,423.5939291525334,0.016013155726529858,0.8636944475546648,True,0.0012992,0.006899199999999999,560.4064590772325
6,H1,Small,B,5.16,20.0,60.0,0.0014784,1.4784,473438.89026927116,4.734388902692712,423.5939291525334,423.2200121500341,0.02206504694489951,0.8983361383337363,True,0.0012992,0.006899199999999999,560.4064590772325
6,H1,Small,B,5.16,20.0,60.0,0.0015232,1.5231999999999999,466789.6875985906,4.667896875985906,423.2200121500341,422.69267556750594,0.028133629869752624,0.9196197088106292,True,0.0012992,0.006899199999999999,560.4064590772325
6,H1,Small,B,5.16,20.0,60.0,0.001568,1.568,458050.43372624245,4.580504337262425,422.69267556750594,421.9902352931615,0.03422445665114609,0.9341556942403284,True,0.0012992,0.006899199999999999,560.4064590772325
6,H1,Small,B,5.16,20.0,60.0,0.0016128,1.6128,446985.9168403236,4.469859168403236,421.9902352931615,421.08512521647384,0.04034390536832699,0.9448225504743387,True,0.0012992,0.006899199999999999,560.4064590772325
6,H1,Small,B,5.16,20.0,60.0,0.0016576,1.6576,433314.00105780584,4.333140010578059,421.08512521647384,419.9412500258295,0.04649939870742242,0.9530767345335964,True,0.0012992,0.006899199999999999,560.4064590772325
6,H1,Small,B,5.16,20.0,60.0,0.0017024,1.7024,416685.5759619124,4.166855759619124,419.9412500258295,418.50980949607026,0.05269972190516691,0.9597367847380017,True,0.0012992,0.006899199999999999,560.4064590772325
6,H1,Small,B,5.16,20.0,60.0,0.0017472,1.7471999999999999,396653.6332701344,3.966536332701344,418.50980949607026,416.72234629924435,0.05895549718694288,0.9653012110303788,True,0.0012992,0.006899199999999999,560.4064590772325
6,H1,Small,B,5.16,20.0,60.0,0.001792,1.792,376820.95160662767,3.7682095160662765,416.72234629924435,414.8787556772541,0.06527991867866346,0.9700950093277722,True,0.0012992,0.006899199999999999,560.4064590772325
6,H1,Small,B,5.16,20.0,60.0,0.0018368,1.8368,357979.9040262963,3.5797990402629627,414.8787556772541,413.05259936259495,0.07167505395278977,0.9740818456165257,True,0.0012992,0.006899199999999999,560.4064590772325
6,H1,Small,B,5.16,20.0,60.0,0.0018816,1.8816,340080.9088249815,3.4008090882498148,413.05259936259495,411.24363121225866,0.07814021828437742,0.9773964283214366,True,0.0012992,0.006899199999999999,560.4064590772325
6,H1,Small,B,5.16,20.0,60.0,0.0019264,1.9264,323076.8633837324,3.230768633837324,411.24363121225866,409.4516096950321,0.08467473095630758,0.9801813568762731,True,0.0012992,0.006899199999999999,560.4064590772325
6,H1,Small,B,5.16,20.0,60.0,0.0019711999999999998,1.9711999999999998,306923.0202145458,3.069230202145458,409.4516096950321,407.67629778399106,0.09127791979625177,0.982542472295587,True,0.0012992,0.006899199999999999,560.4064590772325
6,H1,Small,B,5.16,20.0,60.0,0.002016,2.016,291576.8692038185,2.915768692038185,407.67629778399106,405.91746285198786,0.09794912103893799,0.9845599240861389,True,0.0012992,0.006899199999999999,560.4064590772325
6,H1,Small,B,5.16,20.0,60.0,0.0020608,2.0608,276998.0257436276,2.7699802574362757,405.91746285198786,404.1748765700349,0.10468767918686425,0.9862954699954687,True,0.0012992,0.006899199999999999,560.4064590772325
6,H1,Small,B,5.16,20.0,60.0,0.0021056,2.1056,263148.1244564462,2.631481244564462,404.1748765700349,402.44831480849183,0.11149294686984201,0.98779742405029,True,0.0012992,0.006899199999999999,560.4064590772325
6,H1,Small,B,5.16,20.0,60.0,0.0021504,2.1504,249990.7182336239,2.499907182336239,402.44831480849183,400.7375575409664,0.1183642847036998,0.9891040915118922,True,0.0012992,0.006899199999999999,560.4064590772325
6,H1,Small,B,5.16,20.0,60.0,0.0021952,2.1952,237491.1823219427,2.374911823219427,400.7375575409664,399.04238875084195,0.1253010611484317,0.9902462041817045,True,0.0012992,0.006899199999999999,560.4064590772325
6,H1,Small,B,5.16,20.0,60.0,0.00224,2.2399999999999998,225616.62320584556,2.2561662320584555,399.04238875084195,397.362596340349,0.13230265236603303,0.9912486795991313,True,0.0012992,0.006899199999999999,560.4064590772325
6,H1,Small,B,5.16,20.0,60.0,0.0022848,2.2848,214335.79204555327,2.1433579204555326,397.362596340349,395.697972042099,0.1393684420782285,0.9921319132993998,True,0.0012992,0.006899199999999999,560.4064590772325
6,H1,Small,B,5.16,20.0,60.0,0.0023296,2.3295999999999997,203619.00244327562,2.036190024432756,395.697972042099,394.04831133300536,0.1464978214242634,0.9929127424850321,True,0.0012992,0.006899199999999999,560.4064590772325
6,H1,Small,B,5.16,20.0,60.0,0.0023744,2.3744,193438.05232111184,1.9343805232111184,394.04831133300536,392.41341335051385,0.1536901888188988,0.993605174525551,True,0.0012992,0.006899199999999999,560.4064590772325
6,H1,Small,B,5.16,20.0,60.0,0.0024192,2.4192,183766.14970505625,1.8376614970505625,392.41341335051385,390.79308081107285,0.16094494981072238,0.9942209445409522,True,0.0012992,0.006899199999999999,560.4064590772325
6,H1,Small,B,5.16,20.0,60.0,0.002464,2.464,174577.84221980342,1.7457784221980341,390.79308081107285,389.187119930773,0.16826151694086303,0.9947699470199377,True,0.0012992,0.006899199999999999,560.4064590772325
6,H1,Small,B,5.16,20.0,60.0,0.0025088,2.5088,165848.95010881324,1.6584895010881324,389.187119930773,387.5953403480886,0.17563930960217283,0.9952605734073977,True,0.0012992,0.006899199999999999,560.4064590772325
6,H1,Small,B,5.16,20.0,60.0,0.0025536,2.5536,157556.5026033726,1.575565026033726,387.5953403480886,386.0175550486574,0.1830777538989203,0.9956999786709437,True,0.0012992,0.006899199999999999,560.4064590772325
6,H1,Small,B,5.16,20.0,60.0,0.0025984,2.5984,149678.67747320395,1.4967867747320396,386.0175550486574,384.45358029203504,0.19057628250701883,0.9960942936424778,True,0.0012992,0.006899199999999999,560.4064590772325
6,H1,Small,B,5.16,20.0,60.0,0.0026432,2.6432,142194.74359954376,1.4219474359954376,384.45358029203504,382.9032355403651,0.19813433453479667,0.9964487955428204,True,0.0012992,0.006899199999999999,560.4064590772325
6,H1,Small,B,5.16,20.0,60.0,0.002688,2.6879999999999997,135085.00641956658,1.3508500641956658,382.9032355403651,381.36634338890497,0.20575135538429912,0.9967680459580759,True,0.0012992,0.006899199999999999,560.4064590772325
6,H1,Small,B,5.16,20.0,60.0,0.0027328,2.7328,128330.75609858824,1.2833075609858824,381.36634338890497,379.8427294983539,0.21342679661309724,0.99705600326302,True,0.0012992,0.006899199999999999,560.4064590772325
6,H1,Small,B,5.16,20.0,60.0,0.0027776,2.7776,121914.21829365884,1.2191421829365883,379.8427294983539,378.33222252892614,0.22116011579656433,0.9973161148218659,True,0.0012992,0.006899199999999999,560.4064590772325
6,H1,Small,B,5.16,20.0,60.0,0.0028224,2.8224,115818.50737897589,1.158185073789759,378.33222252892614,376.83465407611885,0.22895077639056705,0.9975513930646008,True,0.0012992,0.006899199999999999,560.4064590772325
6,H1,Small,B,5.16,20.0,60.0,0.0028672,2.8672,110027.5820100271,1.100275820100271,376.83465407611885,375.34985860812344,0.23679824759450582,0.9977644786162004,True,0.0012992,0.006899199999999999,560.4064590772325
6,H1,Small,B,5.16,20.0,60.0,0.0029119999999999997,2.9119999999999995,104526.20290952575,1.0452620290952574,375.34985860812344,373.8776734048316,0.24470200421462668,0.9979576929614693,True,0.0012992,0.006899199999999999,560.4064590772325
6,H1,Small,B,5.16,20.0,60.0,0.0029568,2.9568,99299.89276404947,0.9929989276404947,373.8776734048316,372.41793849838905,0.2526615265275149,0.9981330825998584,True,0.0012992,0.006899199999999999,560.4064590772325
6,H1,Small,B,5.16,20.0,60.0,0.0030015999999999997,3.0016,94334.89812584699,0.9433489812584699,372.41793849838905,370.9704966152503,0.2606763001436689,0.9982924562393451,True,0.0012992,0.006899199999999999,560.4064590772325
6,H1,Small,B,5.16,20.0,60.0,0.0030464,3.0463999999999998,89618.15321955463,0.8961815321955463,370.9704966152503,369.5351931196924,0.268745815871042,0.9984374162652974,True,0.0012992,0.006899199999999999,560.4064590772325
6,H1,Small,B,5.16,20.0,60.0,0.0030911999999999997,3.0911999999999997,85137.2455585769,0.851372455585769,369.5351931196924,368.11187595874304,0.27686968440469406,0.9985693862957674,True,0.0012992,0.006899199999999999,560.4064590772325
6,H1,Small,B,5.16,20.0,60.0,0.003136,3.136,80880.38328064806,0.8088038328064806,368.11187595874304,366.70039560848284,0.2850476128077224,0.9986896334257002,True,0.0012992,0.006899199999999999,560.4064590772325
6,H1,Small,B,5.16,20.0,60.0,0.0031807999999999997,3.1807999999999996,76836.36411661566,0.7683636411661566,366.70039560848284,365.30060502168175,0.29327911556038466,0.9987992858784539,True,0.0012992,0.006899199999999999,560.4064590772325
6,H1,Small,B,5.16,20.0,60.0,0.0032256,3.2256,72994.54591078487,0.7299454591078487,365.30060502168175,363.9123595767315,0.30156371218559885,0.9988993515005791,True,0.0012992,0.006899199999999999,560.4064590772325
6,H1,Small,B,5.16,20.0,60.0,0.0032703999999999997,3.2703999999999995,69344.81861524563,0.6934481861524563,363.9123595767315,362.5355170278359,0.3099009271271526,0.9989907321976143,True,0.0012992,0.006899199999999999,560.4064590772325
6,H1,Small,B,5.16,20.0,60.0,0.0033152,3.3152,65877.57768448335,0.6587757768448335,362.5355170278359,361.16993745642367,0.31829028962788397,0.9990742364177014,True,0.0012992,0.006899199999999999,560.4064590772325
6,H1,Small,B,5.16,20.0,60.0,0.0033599999999999997,3.36,62583.698800259175,0.6258369880025918,361.16993745642367,359.81548322374897,0.3267313336077034,0.9991505899791954,True,0.0012992,0.006899199999999999,560.4064590772325
6,H1,Small,B,5.16,20.0,60.0,0.0034048,3.4048,59454.51386024622,0.5945451386024622,359.81548322374897,358.47201892464557,0.3352235975413175,0.9992204454885227,True,0.0012992,0.006899199999999999,560.4064590772325
6,H1,Small,B,5.16,20.0,60.0,0.0034495999999999997,3.4495999999999998,56481.788167233906,0.564817881672339,358.47201892464557,357.1394113424022,0.3437666243355047,0.9992843905538653,True,0.0012992,0.006899199999999999,560.4064590772325
6,H1,Small,B,5.16,20.0,60.0,0.0034944,3.4943999999999997,53657.69875887221,0.5365769875887221,357.1394113424022,355.81752940472745,0.35235996120578406,0.9993429549669555,True,0.0012992,0.006899199999999999,560.4064590772325
6,H1,Small,B,5.16,20.0,60.0,0.0035391999999999997,3.5391999999999997,50974.8138209286,0.509748138209286,355.81752940472745,354.5062441407738,0.36100315955230655,0.9993966169978992,True,0.0012992,0.006899199999999999,560.4064590772325
6,H1,Small,B,5.16,20.0,60.0,0.003584,3.584,50000.0,0.5,354.5062441407738,354.0153479231714,0.3696957748347886,0.9994458089253645,True,0.0012992,0.006899199999999999,560.4064590772325
6,H1,Small,B,5.16,20.0,60.0,0.0036287999999999997,3.6287999999999996,50000.0,0.5,354.0153479231714,354.0153479231714,0.3784068996447413,0.9994755187115862,True,0.0012992,0.006899199999999999,560.4064590772325
6,H1,Small,B,5.16,20.0,60.0,0.0036736,3.6736,50000.0,0.5,354.0153479231714,354.0153479231714,0.3871179472970669,0.9994944958752753,True,0.0012992,0.006899199999999999,560.4064590772325
6,H1,Small,B,5.16,20.0,60.0,0.0037183999999999997,3.7184,50000.0,0.5,354.0153479231714,354.0153479231714,0.3958288250435945,0.9995126381020386,True,0.0012992,0.006899199999999999,560.4064590772325
6,H1,Small,B,5.16,20.0,60.0,0.0037632,3.7632,50000.0,0.5,354.0153479231714,354.0153479231714,0.4045394826653673,0.999529999209853,True,0.0012992,0.006899199999999999,560.4064590772325
6,H1,Small,B,5.16,20.0,60.0,0.0038079999999999998,3.808,50000.0,0.5,354.0153479231714,354.0153479231714,0.4132498706765175,0.9995466284900613,True,0.0012992,0.006899199999999999,560.4064590772325
6,H1,Small,B,5.16,20.0,60.0,0.0038528,3.8528,50000.0,0.5,354.0153479231714,354.0153479231714,0.4219599402259984,0.9995625711733119,True,0.0012992,0.006899199999999999,560.4064590772325
6,H1,Small,B,5.16,20.0,60.0,0.0038975999999999998,3.8975999999999997,50000.0,0.5,354.0153479231714,354.0153479231714,0.4306696430030504,0.9995778688391151,True,0.0012992,0.006899199999999999,560.4064590772325
6,H1,Small,B,5.16,20.0,60.0,0.0039423999999999996,3.9423999999999997,50000.0,0.5,354.0153479231714,354.0153479231714,0.4393789311459338,0.9995925597768123,True,0.0012992,0.006899199999999999,560.4064590772325
6,H1,Small,B,5.16,20.0,60.0,0.0039872,3.9871999999999996,50000.0,0.5,354.0153479231714,354.0153479231714,0.4480877571534993,0.9996066793045599,True,0.0012992,0.006899199999999999,560.4064590772325
6,H1,Small,B,5.16,20.0,60.0,0.004032,4.032,50000.0,0.5,354.0153479231714,354.0153479231714,0.4567960737991918,0.9996202600519092,True,0.0012992,0.006899199999999999,560.4064590772325
6,H1,Small,B,5.16,20.0,60.0,0.0040768,4.0768,50000.0,0.5,354.0153479231714,354.0153479231714,0.4655038340471105,0.999633332210742,True,0.0012992,0.006899199999999999,560.4064590772325
6,H1,Small,B,5.16,20.0,60.0,0.0041216,4.1216,50000.0,0.5,354.0153479231714,354.0153479231714,0.47421099096976954,0.999645923758619,True,0.0012992,0.006899199999999999,560.4064590772325
6,H1,Small,B,5.16,20.0,60.0,0.0041664,4.166399999999999,50000.0,0.5,354.0153479231714,354.0153479231714,0.48291749766722203,0.9996580606580157,True,0.0012992,0.006899199999999999,560.4064590772325
6,H1,Small,B,5.16,20.0,60.0,0.0042112,4.2112,50000.0,0.5,354.0153479231714,354.0153479231714,0.4916233071872257,0.9996697670344262,True,0.0012992,0.006899199999999999,560.4064590772325
6,H1,Small,B,5.16,20.0,60.0,0.004256,4.256,50000.0,0.5,354.0153479231714,354.0153479231714,0.5003283724461434,0.9996810653359096,True,0.0012992,0.006899199999999999,560.4064590772325
6,H1,Small,B,5.16,20.0,60.0,0.0043008,4.3008,50000.0,0.5,354.0153479231714,354.0153479231714,0.509032646150281,0.9996919764762882,True,0.0012992,0.006899199999999999,560.4064590772325
6,H1,Small,B,5.16,20.0,60.0,0.0043456,4.3456,50000.0,0.5,354.0153479231714,354.0153479231714,0.5177360807173759,0.9997025199639259,True,0.0012992,0.006899199999999999,560.4064590772325
6,H1,Small,B,5.16,20.0,60.0,0.0043904,4.3904,50000.0,0.5,354.0153479231714,354.0153479231714,0.5264386281979538,0.9997127140177486,True,0.0012992,0.006899199999999999,560.4064590772325
6,H1,Small,B,5.16,20.0,60.0,0.004435199999999999,4.435199999999999,50000.0,0.5,354.0153479231714,354.0153479231714,0.5351402401962813,0.9997225756719575,True,0.0012992,0.006899199999999999,560.4064590772325
6,H1,Small,B,5.16,20.0,60.0,0.00448,4.4799999999999995,50000.0,0.5,354.0153479231714,354.0153479231714,0.5438405549683929,0.9997321205329999,True,0.0012992,0.006899199999999999,560.4064590772325
6,H1,Small,B,5.16,20.0,60.0,0.0045248,4.5248,50000.0,0.5,354.0153479231714,354.0153479231714,0.5525394858980122,0.99974136353355,True,0.0012992,0.006899199999999999,560.4064590772325
6,H1,Small,B,5.16,20.0,60.0,0.0045696,4.5696,50000.0,0.5,354.0153479231714,354.0153479231714,0.561236974374711,0.9997503187106609,True,0.0012992,0.006899199999999999,560.4064590772325
6,H1,Small,B,5.16,20.0,60.0,0.004614399999999999,4.6144,50000.0,0.5,354.0153479231714,354.0153479231714,0.5699329606049887,0.9997589992431559,True,0.0012992,0.006899199999999999,560.4064590772325
6,H1,Small,B,5.16,20.0,60.0,0.0046592,4.659199999999999,50000.0,0.5,354.0153479231714,354.0153479231714,0.5786273835105263,0.9997674175161315,True,0.0012992,0.006899199999999999,560.4064590772325
6,H1,Small,B,5.16,20.0,60.0,0.004704,4.704,50000.0,0.5,354.0153479231714,354.0153479231714,0.5873201806231932,0.9997755851797275,True,0.0012992,0.006899199999999999,560.4064590772325
6,H1,Small,B,5.16,20.0,60.0,0.0047488,4.7488,50000.0,0.5,354.0153479231714,354.0153479231714,0.5960112879764543,0.9997835132027489,True,0.0012992,0.006899199999999999,560.4064590772325
6,H1,Small,B,5.16,20.0,60.0,0.004793599999999999,4.7936,50000.0,0.5,354.0153479231714,354.0153479231714,0.604700639992815,0.9997912119216554,True,0.0012992,0.006899199999999999,560.4064590772325
6,H1,Small,B,5.16,20.0,60.0,0.0048384,4.8384,50000.0,0.5,354.0153479231714,354.0153479231714,0.6133881693669261,0.9997986910853814,True,0.0012992,0.006899199999999999,560.4064590772325
6,H1,Small,B,5.16,20.0,60.0,0.0048832,4.8831999999999995,50000.0,0.5,354.0153479231714,354.0153479231714,0.6220738069439566,0.9998059598963921,True,0.0012992,0.006899199999999999,560.4064590772325
6,H1,Small,B,5.16,20.0,60.0,0.004928,4.928,50000.0,0.5,354.0153479231714,354.0153479231714,0.6307574815928252,0.999813027048341,True,0.0012992,0.006899199999999999,560.4064590772325
6,H1,Small,B,5.16,20.0,60.0,0.0049727999999999994,4.972799999999999,50000.0,0.5,354.0153479231714,354.0153479231714,0.6394391200738635,0.9998199007606499,True,0.0012992,0.006899199999999999,560.4064590772325
6,H1,Small,B,5.16,20.0,60.0,0.0050176,5.0176,50000.0,0.5,354.0153479231714,354.0153479231714,0.6481186469004672,0.9998265888103036,True,0.0012992,0.006899199999999999,560.4064590772325
6,H1,Small,B,5.16,20.0,60.0,0.0050624,5.0624,50000.0,0.5,354.0153479231714,354.0153479231714,0.6567959841942677,0.9998330985611147,True,0.0012992,0.006899199999999999,560.4064590772325
6,H1,Small,B,5.16,20.0,60.0,0.0051072,5.1072,50000.0,0.5,354.0153479231714,354.0153479231714,0.6654710515333404,0.9998394369906886,True,0.0012992,0.006899199999999999,560.4064590772325
6,H1,Small,B,5.16,20.0,60.0,0.0051519999999999995,5.151999999999999,50000.0,0.5,354.0153479231714,354.0153479231714,0.6741430581951702,0.999845610218072,True,0.0012992,0.006899199999999999,560.4064590772325
6,H1,Small,B,5.16,20.0,60.0,0.0051968,5.1968,50000.0,0.5,354.0153479231714,354.0153479231714,0.6828118278040052,0.9998516244968974,True,0.0012992,0.006899199999999999,560.4064590772325
6,H1,Small,B,5.16,20.0,60.0,0.0052416,5.2416,50000.0,0.5,354.0153479231714,354.0153479231714,0.6914772377259335,0.9998574858049387,True,0.0012992,0.006899199999999999,560.4064590772325
6,H1,Small,B,5.16,20.0,60.0,0.0052864,5.2864,50000.0,0.5,354.0153479231714,354.0153479231714,0.7001391601397292,0.9998631998204847,True,0.0012992,0.006899199999999999,560.4064590772325
6,H1,Small,B,5.16,20.0,60.0,0.0053311999999999995,5.331199999999999,50000.0,0.5,354.0153479231714,354.0153479231714,0.7087974617162603,0.9998687719406535,True,0.0012992,0.006899199999999999,560.4064590772325
6,H1,Small,B,5.16,20.0,60.0,0.005376,5.3759999999999994,50000.0,0.5,354.0153479231714,354.0153479231714,0.7174520032778907,0.9998742072983625,True,0.0012992,0.006899199999999999,560.4064590772325
6,H1,Small,B,5.16,20.0,60.0,0.0054208,5.4208,50000.0,0.5,354.0153479231714,354.0153479231714,0.726102639436473,0.9998795107780744,True,0.0012992,0.006899199999999999,560.4064590772325
6,H1,Small,B,5.16,20.0,60.0,0.0054656,5.4656,50000.0,0.5,354.0153479231714,354.0153479231714,0.7347492182084593,0.9998846870304129,True,0.0012992,0.006899199999999999,560.4064590772325
6,H1,Small,B,5.16,20.0,60.0,0.0055103999999999995,5.5104,50000.0,0.5,354.0153479231714,354.0153479231714,0.7433915806055827,0.9998897404857469,True,0.0012992,0.006899199999999999,560.4064590772325
6,H1,Small,B,5.16,20.0,60.0,0.0055552,5.5552,50000.0,0.5,354.0153479231714,354.0153479231714,0.7520289471764754,0.999894675020619,True,0.0012992,0.006899199999999999,560.4064590772325
6,H1,Small,B,5.16,20.0,60.0,0.0056,5.6,50000.0,0.5,354.0153479231714,354.0153479231714,0.7606610450362764,0.9998994946309339,True,0.0012992,0.006899199999999999,560.4064590772325
6,H1,Small,B,5.16,20.0,60.0,0.0056448,5.6448,50000.0,0.5,354.0153479231714,354.0153479231714,0.7692876474662238,0.9999042031603788,True,0.0012992,0.006899199999999999,560.4064590772325
6,H1,Small,B,5.16,20.0,60.0,0.0056895999999999995,5.6895999999999995,50000.0,0.5,354.0153479231714,354.0153479231714,0.7779085155347216,0.9999088042765611,True,0.0012992,0.006899199999999999,560.4064590772325
6,H1,Small,B,5.16,20.0,60.0,0.0057344,5.7344,50000.0,0.5,354.0153479231714,354.0153479231714,0.7865233972623505,0.9999133014805235,True,0.0012992,0.006899199999999999,560.4064590772325
6,H1,Small,B,5.16,20.0,60.0,0.0057792,5.7792,50000.0,0.5,354.0153479231714,354.0153479231714,0.7951320267255858,0.9999176981156185,True,0.0012992,0.006899199999999999,560.4064590772325
6,H1,Small,B,5.16,20.0,60.0,0.005823999999999999,5.823999999999999,50000.0,0.5,354.0153479231714,354.0153479231714,0.8037342009513321,0.9999219974142827,True,0.0012992,0.006899199999999999,560.4064590772325
6,H1,Small,B,5.16,20.0,60.0,0.0058687999999999995,5.868799999999999,50000.0,0.5,354.0153479231714,354.0153479231714,0.8123296496452516,0.9999262024391543,True,0.0012992,0.006899199999999999,560.4064590772325
6,H1,Small,B,5.16,20.0,60.0,0.0059136,5.9136,50000.0,0.5,354.0153479231714,354.0153479231714,0.8209180667412168,0.9999303161086162,True,0.0012992,0.006899199999999999,560.4064590772325
6,H1,Small,B,5.16,20.0,60.0,0.0059584,5.9584,50000.0,0.5,354.0153479231714,354.0153479231714,0.8294991286020792,0.9999343412135192,True,0.0012992,0.006899199999999999,560.4064590772325
6,H1,Small,B,5.16,20.0,60.0,0.006003199999999999,6.0032,50000.0,0.5,354.0153479231714,354.0153479231714,0.8380721870021182,0.9999382802844173,True,0.0012992,0.006899199999999999,560.4064590772325
6,H1,Small,B,5.16,20.0,60.0,0.0060479999999999996,6.047999999999999,50000.0,0.5,354.0153479231714,354.0153479231714,0.846636541141886,0.9999421357332456,True,0.0012992,0.006899199999999999,560.4064590772325
6,H1,Small,B,5.16,20.0,60.0,0.0060928,6.0927999999999995,50000.0,0.5,354.0153479231714,354.0153479231714,0.8551917533157284,0.9999459099978852,True,0.0012992,0.006899199999999999,560.4064590772325
6,H1,Small,B,5.16,20.0,60.0,0.0061376,6.1376,50000.0,0.5,354.0153479231714,354.0153479231714,0.8637370330729851,0.9999496052711617,True,0.0012992,0.006899199999999999,560.4064590772325
6,H1,Small,B,5.16,20.0,60.0,0.006182399999999999,6.1823999999999995,50000.0,0.5,354.0153479231714,354.0153479231714,0.8722709503617257,0.9999532233995759,True,0.0012992,0.006899199999999999,560.4064590772325
6,H1,Small,B,5.16,20.0,60.0,0.0062272,6.2272,50000.0,0.5,354.0153479231714,354.0153479231714,0.8807928510690592,0.9999567664953077,True,0.0012992,0.006899199999999999,560.4064590772325
6,H1,Small,B,5.16,20.0,60.0,0.006272,6.272,50000.0,0.5,354.0153479231714,354.0153479231714,0.8892946446543994,0.9999602335903781,True,0.0012992,0.006899199999999999,560.4064590772325
6,H1,Small,B,5.16,20.0,60.0,0.0063168,6.3168,50000.0,0.5,354.0153479231714,354.0153479231714,0.8977714321467448,0.9999636251344731,True,0.0012992,0.006899199999999999,560.4064590772325
6,H1,Small,B,5.16,20.0,60.0,0.006361599999999999,6.361599999999999,50000.0,0.5,354.0153479231714,354.0153479231714,0.9062204299931795,0.9999669424448977,True,0.0012992,0.006899199999999999,560.4064590772325
6,H1,Small,B,5.16,20.0,60.0,0.0064064,6.4064,50000.0,0.5,354.0153479231714,354.0153479231714,0.9146384029363126,0.9999701866450385,True,0.0012992,0.006899199999999999,560.4064590772325
6,H1,Small,B,5.16,20.0,60.0,0.0064512,6.4512,50000.0,0.5,354.0153479231714,354.0153479231714,0.9230215640706163,0.9999733586416536,True,0.0012992,0.006899199999999999,560.4064590772325
6,H1,Small,B,5.16,20.0,60.0,0.006496,6.496,50000.0,0.5,354.0153479231714,354.0153479231714,0.9313654458571783,0.9999764590941295,True,0.0012992,0.006899199999999999,560.4064590772325
6,H1,Small,B,5.16,20.0,60.0,0.006540799999999999,6.540799999999999,50000.0,0.5,354.0153479231714,354.0153479231714,0.9396647312491021,0.9999794883727398,True,0.0012992,0.006899199999999999,560.4064590772325
6,H1,Small,B,5.16,20.0,60.0,0.0065856,6.5855999999999995,50000.0,0.5,354.0153479231714,354.0153479231714,0.9479130289467042,0.9999824465015101,True,0.0012992,0.006899199999999999,560.4064590772325
6,H1,Small,B,5.16,20.0,60.0,0.0066304,6.6304,50000.0,0.5,354.0153479231714,354.0153479231714,0.9561025686285469,0.9999853330789953,True,0.0012992,0.006899199999999999,560.4064590772325
6,H1,Small,B,5.16,20.0,60.0,0.0066752,6.6752,50000.0,0.5,354.0153479231714,354.0153479231714,0.9642237785649612,0.9999881471664926,True,0.0012992,0.006899199999999999,560.4064590772325
6,H1,Small,B,5.16,20.0,60.0,0.006719999999999999,6.72,50000.0,0.5,354.0153479231714,354.0153479231714,0.9722646851429682,0.9999908871267363,True,0.0012992,0.006899199999999999,560.4064590772325
6,H1,Small,B,5.16,20.0,60.0,0.0067648,6.764799999999999,50000.0,0.5,354.0153479231714,354.0153479231714,0.9802100328131996,0.9999935503844359,True,0.0012992,0.006899199999999999,560.4064590772325
6,H1,Small,B,5.16,20.0,60.0,0.0068096,6.8096,50000.0,0.5,354.0153479231714,354.0153479231714,0.9880399477032623,0.9999961330585679,True,0.0012992,0.006899199999999999,560.4064590772325
6,H1,Small,B,5.16,20.0,60.0,0.0068544,6.8544,50000.0,0.5,354.0153479231714,354.0153479231714,0.9957278180568211,0.9999986293732498,True,0.0012992,0.006899199999999999,560.4064590772325
6,H1,Small,B,5.16,20.0,60.0,0.006899199999999999,6.8991999999999996,50000.0,0.5,354.0153479231714,354.0153479231714,1.0,1.0,False,0.0012992,0.006899199999999999,560.4064590772325
6,H1,Small,B,5.16,20.0,60.0,0.006944,6.944,50000.0,0.5,362.07368361452296,354.0153479231714,1.0,1.0,False,0.0012992,0.006899199999999999,560.4064590772325
6,H1,Small,B,5.16,20.0,60.0,0.0069888,6.9887999999999995,50000.0,0.5,369.8515639311774,354.0153479231714,1.0,1.0,False,0.0012992,0.006899199999999999,560.4064590772325
6,H1,Small,B,5.16,20.0,60.0,0.0070336,7.0336,50000.0,0.5,377.3589592145331,354.0153479231714,1.0,1.0,False,0.0012992,0.006899199999999999,560.4064590772325
6,H1,Small,B,5.16,20.0,60.0,0.0070783999999999994,7.078399999999999,50000.0,0.5,384.6054717329922,354.0153479231714,1.0,1.0,False,0.0012992,0.006899199999999999,560.4064590772325
6,H1,Small,B,5.16,20.0,60.0,0.0071232,7.1232,50000.0,0.5,391.6003501093141,354.0153479231714,1.0,1.0,False,0.0012992,0.006899199999999999,560.4064590772325
6,H1,Small,B,5.16,20.0,60.0,0.007168,7.168,50000.0,0.5,398.3525031364825,354.0153479231714,1.0,1.0,False,0.0012992,0.006899199999999999,560.4064590772325
6,H1,Small,B,5.16,20.0,60.0,0.007212799999999999,7.2128,50000.0,0.5,404.8705130110503,354.0153479231714,1.0,1.0,False,0.0012992,0.006899199999999999,560.4064590772325
6,H1,Small,B,5.16,20.0,60.0,0.0072575999999999995,7.257599999999999,50000.0,0.5,411.1626480098413,354.0153479231714,1.0,1.0,False,0.0012992,0.006899199999999999,560.4064590772325
6,H1,Small,B,5.16,20.0,60.0,0.0073024,7.3024,50000.0,0.5,417.23687459529947,354.0153479231714,1.0,1.0,False,0.0012992,0.006899199999999999,560.4064590772325
6,H1,Small,B,5.16,20.0,60.0,0.0073472,7.3472,50000.0,0.5,423.10086917263925,354.0153479231714,1.0,1.0,False,0.0012992,0.006899199999999999,560.4064590772325
6,H1,Small,B,5.16,20.0,60.0,0.007391999999999999,7.3919999999999995,50000.0,0.5,428.76202912026207,354.0153479231714,1.0,1.0,False,0.0012992,0.006899199999999999,560.4064590772325
6,H1,Small,B,5.16,20.0,60.0,0.0074367999999999995,7.4368,50000.0,0.5,434.22748351951844,354.0153479231714,1.0,1.0,False,0.0012992,0.006899199999999999,560.4064590772325
6,H1,Small,B,5.16,20.0,60.0,0.0074816,7.481599999999999,50000.0,0.5,439.5041034011187,354.0153479231714,1.0,1.0,False,0.0012992,0.006899199999999999,560.4064590772325
6,H1,Small,B,5.16,20.0,60.0,0.0075264,7.5264,50000.0,0.5,444.59851156911793,354.0153479231714,1.0,1.0,False,0.0012992,0.006899199999999999,560.4064590772325
6,H1,Small,B,5.16,20.0,60.0,0.007571199999999999,7.571199999999999,50000.0,0.5,449.5170920214693,354.0153479231714,1.0,1.0,False,0.0012992,0.006899199999999999,560.4064590772325
6,H1,Small,B,5.16,20.0,60.0,0.0076159999999999995,7.616,50000.0,0.5,454.2659989852498,354.0153479231714,1.0,1.0,False,0.0012992,0.006899199999999999,560.4064590772325
6,H1,Small,B,5.16,20.0,60.0,0.0076608,7.6608,50000.0,0.5,458.85116558380696,354.0153479231714,1.0,1.0,False,0.0012992,0.006899199999999999,560.4064590772325
6,H1,Small,B,5.16,20.0,60.0,0.0077056,7.7056,50000.0,0.5,463.27831215225507,354.0153479231714,1.0,1.0,False,0.0012992,0.006899199999999999,560.4064590772325
6,H1,Small,B,5.16,20.0,60.0,0.007750399999999999,7.750399999999999,50000.0,0.5,467.55295421696246,354.0153479231714,1.0,1.0,False,0.0012992,0.006899199999999999,560.4064590772325
6,H1,Small,B,5.16,20.0,60.0,0.0077951999999999995,7.7951999999999995,50000.0,0.5,471.68041015392424,354.0153479231714,1.0,1.0,False,0.0012992,0.006899199999999999,560.4064590772325
6,H1,Small,B,5.16,20.0,60.0,0.00784,7.84,50000.0,0.5,475.6658085401966,354.0153479231714,1.0,1.0,False,0.0012992,0.006899199999999999,560.4064590772325
6,H1,Small,B,5.16,20.0,60.0,0.007884799999999999,7.884799999999999,50000.0,0.5,479.5140952118895,354.0153479231714,1.0,1.0,False,0.0012992,0.006899199999999999,560.4064590772325
6,H1,Small,B,5.16,20.0,60.0,0.0079296,7.9296,50000.0,0.5,483.23004004156417,354.0153479231714,1.0,1.0,False,0.0012992,0.006899199999999999,560.4064590772325
6,H1,Small,B,5.16,20.0,60.0,0.0079744,7.974399999999999,50000.0,0.5,486.8182434472662,354.0153479231714,1.0,1.0,False,0.0012992,0.006899199999999999,560.4064590772325
6,H1,Small,B,5.16,20.0,60.0,0.008019199999999999,8.0192,50000.0,0.5,490.28314264483794,354.0153479231714,1.0,1.0,False,0.0012992,0.006899199999999999,560.4064590772325
6,H1,Small,B,5.16,20.0,60.0,0.008064,8.064,50000.0,0.5,493.6290176545971,354.0153479231714,1.0,1.0,False,0.0012992,0.006899199999999999,560.4064590772325
6,H1,Small,B,5.16,20.0,60.0,0.0081088,8.108799999999999,50000.0,0.5,496.8599970729392,354.0153479231714,1.0,1.0,False,0.0012992,0.006899199999999999,560.4064590772325
6,H1,Small,B,5.16,20.0,60.0,0.0081536,8.1536,50000.0,0.5,499.98006361892084,354.0153479231714,1.0,1.0,False,0.0012992,0.006899199999999999,560.4064590772325
6,H1,Small,B,5.16,20.0,60.0,0.0081984,8.1984,50000.0,0.5,502.9930594654015,354.0153479231714,1.0,1.0,False,0.0012992,0.006899199999999999,560.4064590772325
6,H1,Small,B,5.16,20.0,60.0,0.0082432,8.2432,50000.0,0.5,505.9026913638728,354.0153479231714,1.0,1.0,False,0.0012992,0.006899199999999999,560.4064590772325
6,H1,Small,B,5.16,20.0,60.0,0.008288,8.288,50000.0,0.5,508.71253557167296,354.0153479231714,1.0,1.0,False,0.0012992,0.006899199999999999,560.4064590772325
6,H1,Small,B,5.16,20.0,60.0,0.0083328,8.332799999999999,50000.0,0.5,511.4260425898767,354.0153479231714,1.0,1.0,False,0.0012992,0.006899199999999999,560.4064590772325
6,H1,Small,B,5.16,20.0,60.0,0.008377599999999999,8.3776,50000.0,0.5,514.0465417197671,354.0153479231714,1.0,1.0,False,0.0012992,0.006899199999999999,560.4064590772325
6,H1,Small,B,5.16,20.0,60.0,0.0084224,8.4224,50000.0,0.5,516.5772454454268,354.0153479231714,1.0,1.0,False,0.0012992,0.006899199999999999,560.4064590772325
6,H1,Small,B,5.16,20.0,60.0,0.0084672,8.4672,50000.0,0.5,519.0212536496401,354.0153479231714,1.0,1.0,False,0.0012992,0.006899199999999999,560.4064590772325
6,H1,Small,B,5.16,20.0,60.0,0.008512,8.512,50000.0,0.5,521.3815576699664,354.0153479231714,1.0,1.0,False,0.0012992,0.006899199999999999,560.4064590772325
6,H1,Small,B,5.16,20.0,60.0,0.0085568,8.556799999999999,50000.0,0.5,523.6610442015321,354.0153479231714,1.0,1.0,False,0.0012992,0.006899199999999999,560.4064590772325
6,H1,Small,B,5.16,20.0,60.0,0.0086016,8.6016,50000.0,0.5,525.8624990527929,354.0153479231714,1.0,1.0,False,0.0012992,0.006899199999999999,560.4064590772325
6,H1,Small,B,5.16,20.0,60.0,0.0086464,8.6464,50000.0,0.5,527.9886107602321,354.0153479231714,1.0,1.0,False,0.0012992,0.006899199999999999,560.4064590772325
6,H1,Small,B,5.16,20.0,60.0,0.0086912,8.6912,50000.0,0.5,530.0419740676958,354.0153479231714,1.0,1.0,False,0.0012992,0.006899199999999999,560.4064590772325
6,H1,Small,B,5.16,20.0,60.0,0.008735999999999999,8.735999999999999,50000.0,0.5,532.0250932758115,354.0153479231714,1.0,1.0,False,0.0012992,0.006899199999999999,560.4064590772325
6,H1,Small,B,5.16,20.0,60.0,0.0087808,8.7808,50000.0,0.5,533.9403854666897,354.0153479231714,1.0,1.0,False,0.0012992,0.006899199999999999,560.4064590772325
6,H1,Small,B,5.16,20.0,60.0,0.0088256,8.8256,50000.0,0.5,535.7901836088852,354.0153479231714,1.0,1.0,False,0.0012992,0.006899199999999999,560.4064590772325
6,H1,Small,B,5.16,20.0,60.0,0.008870399999999999,8.870399999999998,50000.0,0.5,537.5767395473704,354.0153479231714,1.0,1.0,False,0.0012992,0.006899199999999999,560.4064590772325
6,H1,Small,B,5.16,20.0,60.0,0.0089152,8.9152,50000.0,0.5,539.302226883068,354.0153479231714,1.0,1.0,False,0.0012992,0.006899199999999999,560.4064590772325
6,H1,Small,B,5.16,20.0,60.0,0.00896,8.959999999999999,50000.0,0.5,540.9687437462924,354.0153479231714,1.0,1.0,False,0.0012992,0.006899199999999999,560.4064590772325
7,H2,Large,L,5.4,54.0,266.0,0.0,0.0,500000.0,5.0,293.0,425.268435036257,0.0,0.0,False,0.0008512,0.005376,687.059845870079
7,H2,Large,L,5.4,54.0,266.0,4.48e-05,0.0448,499999.8586039718,4.999998586039718,301.30775924061675,425.2684243688111,0.0,0.0,False,0.0008512,0.005376,687.059845870079
7,H2,Large,L,5.4,54.0,266.0,8.96e-05,0.0896,499999.71720794355,4.999997172079436,309.4416264026508,425.2684137013629,0.0,0.0,False,0.0008512,0.005376,687.059845870079
7,H2,Large,L,5.4,54.0,266.0,0.0001344,0.1344,499999.57581191533,4.999995758119153,317.40542158052733,425.26840303391214,0.0,0.0,False,0.0008512,0.005376,687.059845870079
7,H2,Large,L,5.4,54.0,266.0,0.0001792,0.1792,499999.4344158871,4.999994344158871,325.2028444503443,425.26839236645884,0.0,0.0,False,0.0008512,0.005376,687.059845870079
7,H2,Large,L,5.4,54.0,266.0,0.000224,0.224,499999.2930198589,4.999992930198589,332.83750889990114,425.2683816990032,0.0,0.0,False,0.0008512,0.005376,687.059845870079
7,H2,Large,L,5.4,54.0,266.0,0.0002688,0.2688,499999.15162383066,4.999991516238307,340.3129451727549,425.2683710315451,0.0,0.0,False,0.0008512,0.005376,687.059845870079
7,H2,Large,L,5.4,54.0,266.0,0.0003136,0.3136,499999.01022780244,4.999990102278025,347.63260195972697,425.2683603640846,0.0,0.0,False,0.0008512,0.005376,687.059845870079
7,H2,Large,L,5.4,54.0,266.0,0.0003584,0.3584,499998.8688317742,4.9999886883177425,354.7998484373537,425.2683496966216,0.0,0.0,False,0.0008512,0.005376,687.059845870079
7,H2,Large,L,5.4,54.0,266.0,0.0004032,0.4032,499998.727435746,4.99998727435746,361.81797625441436,425.26833902915615,0.0,0.0,False,0.0008512,0.005376,687.059845870079
7,H2,Large,L,5.4,54.0,266.0,0.000448,0.448,499998.5860397178,4.999985860397178,368.69020146728246,425.26832836168825,0.0,0.0,False,0.0008512,0.005376,687.059845870079
7,H2,Large,L,5.4,54.0,266.0,0.0004927999999999999,0.49279999999999996,499998.44464368955,4.999984446436896,375.41966642494907,425.26831769421796,0.0,0.0,False,0.0008512,0.005376,687.059845870079
7,H2,Large,L,5.4,54.0,266.0,0.0005376,0.5376,499998.30324766133,4.999983032476614,382.009441604647,425.2683070267452,0.0,0.0,False,0.0008512,0.005376,687.059845870079
7,H2,Large,L,5.4,54.0,266.0,0.0005824,0.5823999999999999,499998.1618516331,4.9999816185163315,388.46252739906475,425.26829635927004,0.0,0.0,False,0.0008512,0.005376,687.059845870079
7,H2,Large,L,5.4,54.0,266.0,0.0006272,0.6272,499998.0204556049,4.999980204556048,394.7818558561852,425.26828569179236,0.0,0.0,False,0.0008512,0.005376,687.059845870079
7,H2,Large,L,5.4,54.0,266.0,0.000672,0.6719999999999999,499997.87905957666,4.999978790595766,400.97029237281544,425.2682750243123,0.0,0.0,False,0.0008512,0.005376,687.059845870079
7,H2,Large,L,5.4,54.0,266.0,0.0007168,0.7168,499997.73766354844,4.999977376635484,407.03063734289606,425.2682643568297,0.0,0.0,False,0.0008512,0.005376,687.059845870079
7,H2,Large,L,5.4,54.0,266.0,0.0007616,0.7615999999999999,499997.5962675202,4.999975962675202,412.965627732283,425.2682536893448,0.0,0.0,False,0.0008512,0.005376,687.059845870079
7,H2,Large,L,5.4,54.0,266.0,0.0008064,0.8064,499997.454871492,4.99997454871492,418.77793872875844,425.2682430218574,0.0,0.0,False,0.0008512,0.005376,687.059845870079
7,H2,Large,L,5.4,54.0,266.0,0.0008512,0.8512,499997.3134754638,4.9999731347546374,424.47018517183653,425.2682323543675,0.0,0.0,False,0.0008512,0.005376,687.059845870079
7,H2,Large,L,5.4,54.0,266.0,0.000896,0.896,499997.17207943555,4.999971720794355,425.2682323543675,425.2682216868752,0.00892269739487776,0.77197514114495,True,0.0008512,0.005376,687.059845870079
7,H2,Large,L,5.4,54.0,266.0,0.0009408,0.9408,499996.508877689,4.99996508877689,425.2682216868752,425.26817165220154,0.019273065508112995,0.880808277731103,True,0.0008512,0.005376,687.059845870079
7,H2,Large,L,5.4,54.0,266.0,0.0009855999999999999,0.9855999999999999,499995.15101234545,4.999951510123455,425.26817165220154,425.2680692090749,0.02963295633462698,0.9198938855354896,True,0.0008512,0.005376,687.059845870079
7,H2,Large,L,5.4,54.0,266.0,0.0010304,1.0304,499993.0081199701,4.999930081199701,425.2680692090749,425.2679075397175,0.04000131789540752,0.940007954723916,True,0.0008512,0.005376,687.059845870079
7,H2,Large,L,5.4,54.0,266.0,0.0010752,1.0752,499989.99626463593,4.999899962646359,425.2679075397175,425.2676803109707,0.05037721798792436,0.9522647962678941,True,0.0008512,0.005376,687.059845870079
7,H2,Large,L,5.4,54.0,266.0,0.00112,1.1199999999999999,499986.03785077116,4.999860378507711,425.2676803109707,425.2673816676433,0.0607598254440382,0.9605155349136985,True,0.0008512,0.005376,687.059845870079
7,H2,Large,L,5.4,54.0,266.0,0.0011648,1.1647999999999998,499981.06152651826,4.999810615265183,425.2673816676433,425.2670062251462,0.07114839482576932,0.9664480076806317,True,0.0008512,0.005376,687.059845870079
7,H2,Large,L,5.4,54.0,266.0,0.0012096,1.2096,499975.0020792323,4.999750020792323,425.2670062251462,425.26654906153794,0.08154225382609774,0.9709186889955722,True,0.0008512,0.005376,687.059845870079
7,H2,Large,L,5.4,54.0,266.0,0.0012544,1.2544,499967.8003244252,4.999678003244252,425.26654906153794,425.26600570908096,0.0919407928174093,0.9744084370097392,True,0.0008512,0.005376,687.059845870079
7,H2,Large,L,5.4,54.0,266.0,0.0012992,1.2992,499959.40298921434,4.999594029892143,425.26600570908096,425.26537214538973,0.10234345611901417,0.9772080588549826,True,0.0008512,0.005376,687.059845870079
7,H2,Large,L,5.4,54.0,266.0,0.001344,1.3439999999999999,499949.76259113906,4.999497625911391,425.26537214538973,425.264644784238,0.11274973465110297,0.9795037588740266,True,0.0008512,0.005376,687.059845870079
7,H2,Large,L,5.4,54.0,266.0,0.0013888,1.3888,499938.83731305524,4.999388373130552,425.264644784238,425.2638204660778,0.12315915971469257,0.9814202888444673,True,0.0008512,0.005376,687.059845870079
7,H2,Large,L,5.4,54.0,266.0,0.0014336,1.4336,499926.59087469545,4.999265908746954,425.2638204660778,425.2628964483176,0.13357129769194778,0.983044366172197,True,0.0008512,0.005376,687.059845870079
7,H2,Large,L,5.4,54.0,266.0,0.0014784,1.4784,499912.9924013841,4.999129924013841,425.2628964483176,425.2618703953955,0.14398574550328905,0.9844381416003763,True,0.0008512,0.005376,687.059845870079
7,H2,Large,L,5.4,54.0,266.0,0.0015232,1.5231999999999999,499898.0162903163,4.998980162903163,425.2618703953955,425.2607403686784,0.1544021266901721,0.9856473228699039,True,0.0008512,0.005376,687.059845870079
7,H2,Large,L,5.4,54.0,266.0,0.001568,1.568,499881.6420747454,4.9988164207474535,425.2607403686784,425.2595048162159,0.16482008801771686,0.9867062748230492,True,0.0008512,0.005376,687.059845870079
7,H2,Large,L,5.4,54.0,266.0,0.0016128,1.6128,499863.85428636894,4.99863854286369,425.2595048162159,425.25816256236726,0.17523929651120473,0.9876413321567551,True,0.0008512,0.005376,687.059845870079
7,H2,Large,L,5.4,54.0,266.0,0.0016576,1.6576,499844.6423161603,4.998446423161603,425.25816256236726,425.25671279732273,0.1856594368561341,0.9884730152722218,True,0.0008512,0.005376,687.059845870079
7,H2,Large,L,5.4,54.0,266.0,0.0017024,1.7024,499824.0002738544,4.9982400027385445,425.25671279732273,425.255155066534,0.19608020910398088,0.9892175507907306,True,0.0008512,0.005376,687.059845870079
7,H2,Large,L,5.4,54.0,266.0,0.0017472,1.7471999999999999,499801.92684626684,4.998019268462668,425.255155066534,425.25348926006654,0.20650132663577092,0.9898879386424391,True,0.0008512,0.005376,687.059845870079
7,H2,Large,L,5.4,54.0,266.0,0.001792,1.792,499778.4251545989,4.997784251545989,425.25348926006654,425.25171560188596,0.21692251434357757,0.9904947160071019,True,0.0008512,0.005376,687.059845870079
7,H2,Large,L,5.4,54.0,266.0,0.0018368,1.8368,499753.50261085917,4.997535026108592,425.25171560188596,425.2498346390857,0.2273435069965284,0.9910465140371869,True,0.0008512,0.005376,687.059845870079
7,H2,Large,L,5.4,54.0,266.0,0.0018816,1.8816,499727.1707735144,4.997271707735144,425.2498346390857,425.2478472310669,0.23776404776315543,0.9915504701009832,True,0.0008512,0.005376,687.059845870079
7,H2,Large,L,5.4,54.0,266.0,0.0019264,1.9264,499699.44520246534,4.996994452024653,425.2478472310669,425.24575453867453,0.24818388686620302,0.9920125374754175,True,0.0008512,0.005376,687.059845870079
7,H2,Large,L,5.4,54.0,266.0,0.0019711999999999998,1.9711999999999998,499670.3453134319,4.9967034531343195,425.24575453867453,425.2435580132968,0.25860278034950623,0.9924377210652183,True,0.0008512,0.005376,687.059845870079
7,H2,Large,L,5.4,54.0,266.0,0.002016,2.016,499639.894231818,4.99639894231818,425.2435580132968,425.2412593859313,0.26902048893942276,0.9928302589728367,True,0.0008512,0.005376,687.059845870079
7,H2,Large,L,5.4,54.0,266.0,0.0020608,2.0608,499608.11864611896,4.99608118646119,425.2412593859313,425.23886065622287,0.27943677698565833,0.9931937638957333,True,0.0008512,0.005376,687.059845870079
7,H2,Large,L,5.4,54.0,266.0,0.0021056,2.1056,499575.04866092495,4.99575048660925,425.23886065622287,425.23636408147576,0.2898514114682646,0.9935313343514172,True,0.0008512,0.005376,687.059845870079
7,H2,Large,L,5.4,54.0,266.0,0.0021504,2.1504,499540.7176495663,4.995407176495663,425.23636408147576,425.23377216564273,0.30026416105918297,0.993845642983285,True,0.0008512,0.005376,687.059845870079
7,H2,Large,L,5.4,54.0,266.0,0.0021952,2.1952,499505.16210644186,4.995051621064419,425.23377216564273,425.2310876482933,0.31067479522801594,0.9941390072738876,True,0.0008512,0.005376,687.059845870079
7,H2,Large,L,5.4,54.0,266.0,0.00224,2.2399999999999998,499468.421499065,4.99468421499065,425.2310876482933,425.2283134935626,0.32108308338277747,0.9944134466229286,True,0.0008512,0.005376,687.059845870079
7,H2,Large,L,5.4,54.0,266.0,0.0022848,2.2848,499430.53811985906,4.994305381198591,425.2283134935626,425.22545287908287,0.33148879403724074,0.9946707287616667,True,0.0008512,0.005376,687.059845870079
7,H2,Large,L,5.4,54.0,266.0,0.0023296,2.3295999999999997,499391.55693772854,4.993915569377285,425.22545287908287,425.2225091848976,0.3418916939971999,0.9949124077575969,True,0.0008512,0.005376,687.059845870079
7,H2,Large,L,5.4,54.0,266.0,0.0023744,2.3744,499351.52544943144,4.993515254494314,425.2225091848976,425.21948598236105,0.352291547558509,0.9951398553348069,True,0.0008512,0.005376,687.059845870079
7,H2,Large,L,5.4,54.0,266.0,0.0024192,2.4192,499310.4935307739,4.9931049353077395,425.21948598236105,425.21638702302135,0.36268811571018345,0.9953542868423833,True,0.0008512,0.005376,687.059845870079
7,H2,Large,L,5.4,54.0,266.0,0.002464,2.464,499268.5132876477,4.992685132876477,425.21638702302135,425.21321622749025,0.3730811553361524,0.9955567829081141,True,0.0008512,0.005376,687.059845870079
7,H2,Large,L,5.4,54.0,266.0,0.0025088,2.5088,499225.6389069288,4.992256389069288,425.21321622749025,425.2099776742982,0.3834704184094565,0.9957483075912004,True,0.0008512,0.005376,687.059845870079
7,H2,Large,L,5.4,54.0,266.0,0.0025536,2.5536,499181.9265072553,4.991819265072553,425.2099776742982,425.2066755887366,0.3938556511727927,0.9959297236768977,True,0.0008512,0.005376,687.059845870079
7,H2,Large,L,5.4,54.0,266.0,0.0025984,2.5984,499137.4339897002,4.9913743398970025,425.2066755887366,425.2033143316865,0.40423659329932876,0.9961018056245361,True,0.0008512,0.005376,687.059845870079
7,H2,Large,L,5.4,54.0,266.0,0.0026432,2.6432,499092.22088835755,4.990922208883576,425.2033143316865,425.19989838843503,0.4146129770276489,0.9962652505783668,True,0.0008512,0.005376,687.059845870079
7,H2,Large,L,5.4,54.0,266.0,0.002688,2.6879999999999997,499046.34822085703,4.99046348220857,425.19989838843503,425.1964323574801,0.42498452626454475,0.9964206877710223,True,0.0008512,0.005376,687.059845870079
7,H2,Large,L,5.4,54.0,266.0,0.0027328,2.7328,498999.8783388249,4.989998783388249,425.1964323574801,425.192920939323,0.43535095564914117,0.9965686865867389,True,0.0008512,0.005376,687.059845870079
7,H2,Large,L,5.4,54.0,266.0,0.0027776,2.7776,498952.8747783087,4.989528747783087,425.192920939323,425.1893689252511,0.4457119695715342,0.9967097635019033,True,0.0008512,0.005376,687.059845870079
7,H2,Large,L,5.4,54.0,266.0,0.0028224,2.8224,498905.4021101842,4.989054021101842,425.1893689252511,425.1857811861093,0.45606726113872337,0.996844388081053,True,0.0008512,0.005376,687.059845870079
7,H2,Large,L,5.4,54.0,266.0,0.0028672,2.8672,498857.52579056524,4.988575257905652,425.1857811861093,425.18216266106504,0.46641651108013227,0.996972988174847,True,0.0008512,0.005376,687.059845870079
7,H2,Large,L,5.4,54.0,266.0,0.0029119999999999997,2.9119999999999995,498809.3120112366,4.988093120112366,425.18216266106504,425.17851834636247,0.4767593865844243,0.9970959544411304,True,0.0008512,0.005376,687.059845870079
7,H2,Large,L,5.4,54.0,266.0,0.0029568,2.9568,498760.82755013433,4.987608275501343,425.17851834636247,425.17485328407264,0.48709554005862965,0.9972136442896128,True,0.0008512,0.005376,687.059845870079
7,H2,Large,L,5.4,54.0,266.0,0.0030015999999999997,3.0016,498712.1396218978,4.987121396218978,425.17485328407264,425.1711725508376,0.4974246077997889,0.9973263853339949,True,0.0008512,0.005376,687.059845870079
7,H2,Large,L,5.4,54.0,266.0,0.0030464,3.0463999999999998,498663.3157285221,4.986633157285221,425.1711725508376,425.16748124661177,0.5077462085683809,0.9974344784216979,True,0.0008512,0.005376,687.059845870079
7,H2,Large,L,5.4,54.0,266.0,0.0030911999999999997,3.0911999999999997,498614.42351014016,4.986144235101402,425.16748124661177,425.16378448340276,0.5180599420517183,0.9975382003001506,True,0.0008512,0.005376,687.059845870079
7,H2,Large,L,5.4,54.0,266.0,0.003136,3.136,498565.53059596865,4.985655305959686,425.16378448340276,425.16008737401273,0.5283653872042477,0.9976378059693579,True,0.0008512,0.005376,687.059845870079
7,H2,Large,L,5.4,54.0,266.0,0.0031807999999999997,3.1807999999999996,498516.7044554536,4.985167044554536,425.16008737401273,425.15639502078517,0.5386621004502611,0.9977335307628344,True,0.0008512,0.005376,687.059845870079
7,H2,Large,L,5.4,54.0,266.0,0.0032256,3.2256,498468.01224965666,4.984680122496567,425.15639502078517,425.1527125043577,0.5489496137328856,0.9978255921926387,True,0.0008512,0.005376,687.059845870079
7,H2,Large,L,5.4,54.0,266.0,0.0032703999999999997,3.2703999999999995,498419.520682926,4.98419520682926,425.1527125043577,425.1490448724261,0.5592274323913413,0.99791419158895,True,0.0008512,0.005376,687.059845870079
7,H2,Large,L,5.4,54.0,266.0,0.0033152,3.3152,498371.2958549012,4.983712958549012,425.1490448724261,425.14539712852326,0.5694950328463044,0.9979995155602133,True,0.0008512,0.005376,687.059845870079
7,H2,Large,L,5.4,54.0,266.0,0.0033599999999999997,3.36,498323.4031129053,4.983234031129053,425.14539712852326,425.14177422081576,0.5797518600707543,0.9980817372961357,True,0.0008512,0.005376,687.059845870079
7,H2,Large,L,5.4,54.0,266.0,0.0034048,3.4048,498275.9069047841,4.982759069047841,425.14177422081576,425.1381810309255,0.5899973248208557,0.9981610177327118,True,0.0008512,0.005376,687.059845870079
7,H2,Large,L,5.4,54.0,266.0,0.0034495999999999997,3.4495999999999998,498228.87063225795,4.98228870632258,425.1381810309255,425.1346223627789,0.6002308005981943,0.9982375065957737,True,0.0008512,0.005376,687.059845870079
7,H2,Large,L,5.4,54.0,266.0,0.0034944,3.4943999999999997,498182.35650485824,4.9818235650485825,425.1346223627789,425.13110293149174,0.6104516203109689,0.9983113433373386,True,0.0008512,0.005376,687.059845870079
7,H2,Large,L,5.4,54.0,266.0,0.0035391999999999997,3.5391999999999997,498136.4253945286,4.981364253945286,425.13110293149174,425.12762735229495,0.6206590725974711,0.998382657977095,True,0.0008512,0.005376,687.059845870079
7,H2,Large,L,5.4,54.0,266.0,0.003584,3.584,498091.1366909787,4.980911366909787,425.12762735229495,425.1242001295095,0.6308523978223906,0.9984515718600853,True,0.0008512,0.005376,687.059845870079
7,H2,Large,L,5.4,54.0,266.0,0.0036287999999999997,3.6287999999999996,498046.54815789225,4.980465481578922,425.1242001295095,425.12082564557664,0.6410307834378746,0.9985181983381444,True,0.0008512,0.005376,687.059845870079
7,H2,Large,L,5.4,54.0,266.0,0.0036736,3.6736,498002.71579008247,4.980027157900825,425.12082564557664,425.1175081501547,0.6511933591778271,0.9985826433867521,True,0.0008512,0.005376,687.059845870079
7,H2,Large,L,5.4,54.0,266.0,0.0037183999999999997,3.7184,497959.69367173593,4.97959693671736,425.1175081501547,425.11425174928996,0.6613391915013997,0.9986450061607625,True,0.0008512,0.005376,687.059845870079
7,H2,Large,L,5.4,54.0,266.0,0.0037632,3.7632,497917.5338358643,4.979175338358643,425.11425174928996,425.11106039467444,0.6714672774773461,0.9987053794970051,True,0.0008512,0.005376,687.059845870079
7,H2,Large,L,5.4,54.0,266.0,0.0038079999999999998,3.808,497876.28612511506,4.978762861251151,425.11106039467444,425.10793787300054,0.6815765379768142,0.9987638503687715,True,0.0008512,0.005376,687.059845870079
7,H2,Large,L,5.4,54.0,266.0,0.0038528,3.8528,497835.99805410655,4.978359980541065,425.10793787300054,425.1048877954281,0.6916658100828685,0.9988205002968854,True,0.0008512,0.005376,687.059845870079
7,H2,Large,L,5.4,54.0,266.0,0.0038975999999999998,3.8975999999999997,497796.71467347105,4.97796714673471,425.1048877954281,425.10191358717657,0.7017338386115004,0.9988754057214657,True,0.0008512,0.005376,687.059845870079
7,H2,Large,L,5.4,54.0,266.0,0.0039423999999999996,3.9423999999999997,497758.47843581263,4.977584784358126,425.10191358717657,425.0990184772599,0.7117792666231744,0.9989286383379443,True,0.0008512,0.005376,687.059845870079
7,H2,Large,L,5.4,54.0,266.0,0.0039872,3.9871999999999996,497721.3290638106,4.9772132906381055,425.0990184772599,425.09620548838296,0.721800624785703,0.9989802654004504,True,0.0008512,0.005376,687.059845870079
7,H2,Large,L,5.4,54.0,266.0,0.004032,4.032,497685.30342072883,4.976853034207288,425.09620548838296,425.09347742701846,0.7317963194280116,0.9990303499952372,True,0.0008512,0.005376,687.059845870079
7,H2,Large,L,5.4,54.0,266.0,0.0040768,4.0768,497650.4353836243,4.976504353836243,425.09347742701846,425.09083687368957,0.7417646190996546,0.999078951286457,True,0.0008512,0.005376,687.059845870079
7,H2,Large,L,5.4,54.0,266.0,0.0041216,4.1216,497616.7557195853,4.976167557195853,425.09083687368957,425.0882861734823,0.7517036394222041,0.9991261247362326,True,0.0008512,0.005376,687.059845870079
7,H2,Large,L,5.4,54.0,266.0,0.0041664,4.166399999999999,497584.2919653755,4.975842919653755,425.0882861734823,425.0858274268187,0.7616113259851914,0.9991719223006673,True,0.0008512,0.005376,687.059845870079
7,H2,Large,L,5.4,54.0,266.0,0.0042112,4.2112,497553.06831090874,4.9755306831090875,425.0858274268187,425.0834624805228,0.771485435000395,0.9992163926031161,True,0.0008512,0.005376,687.059845870079
7,H2,Large,L,5.4,54.0,266.0,0.004256,4.256,497523.1054870406,4.975231054870406,425.0834624805228,425.081192919217,0.7813235113830999,0.9992595810857722,True,0.0008512,0.005376,687.059845870079
7,H2,Large,L,5.4,54.0,266.0,0.0043008,4.3008,497494.4206582289,4.974944206582289,425.081192919217,425.0790200570924,0.7911228638765834,0.9993015301403343,True,0.0008512,0.005376,687.059845870079
7,H2,Large,L,5.4,54.0,266.0,0.0043456,4.3456,497467.0273206977,4.974670273206978,425.0790200570924,425.07694493010143,0.8008805367755182,0.9993422792182493,True,0.0008512,0.005376,687.059845870079
7,H2,Large,L,5.4,54.0,266.0,0.0043904,4.3904,497440.93520682905,4.974409352068291,425.07694493010143,425.074968288628,0.8105932777342181,0.9993818649207588,True,0.0008512,0.005376,687.059845870079
7,H2,Large,L,5.4,54.0,266.0,0.004435199999999999,4.435199999999999,497416.1501966172,4.974161501966171,425.074968288628,425.07309059070013,0.8202575010657107,0.999420321068689,True,0.0008512,0.005376,687.059845870079
7,H2,Large,L,5.4,54.0,266.0,0.00448,4.4799999999999995,497392.656814487,4.97392656814487,425.07309059070013,425.07131067580974,0.8298692458466943,0.9994576787516519,True,0.0008512,0.005376,687.059845870079
7,H2,Large,L,5.4,54.0,266.0,0.0045248,4.5248,497370.41186891653,4.973704118689166,425.07131067580974,425.06962528270617,0.839424128087846,0.999493966372339,True,0.0008512,0.005376,687.059845870079
7,H2,Large,L,5.4,54.0,266.0,0.0045696,4.5696,497349.41139920405,4.97349411399204,425.06962528270617,425.0680341215635,0.8489172860389681,0.9995292096523527,True,0.0008512,0.005376,687.059845870079
7,H2,Large,L,5.4,54.0,266.0,0.004614399999999999,4.6144,497329.6475668681,4.973296475668681,425.0680341215635,425.0665366081162,0.8583561673872906,0.9995634776704044,True,0.0008512,0.005376,687.059845870079
7,H2,Large,L,5.4,54.0,266.0,0.0046592,4.659199999999999,497311.1102827787,4.973111102827787,425.0665366081162,425.06513198691493,0.8677384739890012,0.9995968007163131,True,0.0008512,0.005376,687.059845870079
7,H2,Large,L,5.4,54.0,266.0,0.004704,4.704,497293.78596023493,4.972937859602349,425.06513198691493,425.06381923682704,0.8770601161061695,0.9996292016124003,True,0.0008512,0.005376,687.059845870079
7,H2,Large,L,5.4,54.0,266.0,0.0047488,4.7488,497277.6573199794,4.972776573199794,425.06381923682704,425.06259705624143,0.8863166372749581,0.9996607012129259,True,0.0008512,0.005376,687.059845870079
7,H2,Large,L,5.4,54.0,266.0,0.004793599999999999,4.7936,497262.7034004891,4.9726270340048915,425.06259705624143,425.0614638638343,0.8955031766256621,0.9996913184166298,True,0.0008512,0.005376,687.059845870079
7,H2,Large,L,5.4,54.0,266.0,0.0048384,4.8384,497248.8995850159,4.972488995850159,425.0614638638343,425.0604178006121,0.9046144268215047,0.9997210701660553,True,0.0008512,0.005376,687.059845870079
7,H2,Large,L,5.4,54.0,266.0,0.0048832,4.8831999999999995,497236.2176472132,4.972362176472132,425.0604178006121,425.05945673337067,0.9136445868145748,0.999749971432345,True,0.0008512,0.005376,687.059845870079
7,H2,Large,L,5.4,54.0,266.0,0.004928,4.928,497224.625817331,4.9722462581733105,425.05945673337067,425.05857825972015,0.9225873082539903,0.9997780351830484,True,0.0008512,0.005376,687.059845870079
7,H2,Large,L,5.4,54.0,266.0,0.0049727999999999994,4.972799999999999,497214.08887108206,4.972140888710821,425.05857825972015,425.05777971483576,0.9314356337583812,0.9998052723288385,True,0.0008512,0.005376,687.059845870079
7,H2,Large,L,5.4,54.0,266.0,0.0050176,5.0176,497204.5682433632,4.972045682433632,425.05777971483576,425.0570581800976,0.9401819241760878,0.9998316916422316,True,0.0008512,0.005376,687.059845870079
7,H2,Large,L,5.4,54.0,266.0,0.0050624,5.0624,497196.0221690215,4.971960221690215,425.0570581800976,425.05641049378676,0.9488177700185721,0.9998572996365138,True,0.0008512,0.005376,687.059845870079
7,H2,Large,L,5.4,54.0,266.0,0.0051072,5.1072,497188.40620823513,4.971884062082351,425.05641049378676,425.05583329093565,0.9573365059196842,0.9998821079666499,True,0.0008512,0.005376,687.059845870079
7,H2,Large,L,5.4,54.0,266.0,0.0051519999999999995,5.151999999999999,497181.6763507259,4.971816763507259,425.05583329093565,425.05532323863395,0.9657521938041668,0.9999061867660748,True,0.0008512,0.005376,687.059845870079
7,H2,Large,L,5.4,54.0,266.0,0.0051968,5.1968,497175.77329845197,4.9717577329845195,425.05532323863395,425.0548758448556,0.9740570558213716,0.9999295409628778,True,0.0008512,0.005376,687.059845870079
7,H2,Large,L,5.4,54.0,266.0,0.0052416,5.2416,497170.6520786959,4.971706520786959,425.0548758448556,425.0544877028703,0.9822421230244294,0.9999521723042923,True,0.0008512,0.005376,687.059845870079
7,H2,Large,L,5.4,54.0,266.0,0.0052864,5.2864,497166.2520433014,4.971662520433014,425.0544877028703,425.05415421752906,0.9902929350986335,0.9999740679616952,True,0.0008512,0.005376,687.059845870079
7,H2,Large,L,5.4,54.0,266.0,0.0053311999999999995,5.331199999999999,497162.4968517154,4.971624968517154,425.05415421752906,425.05386960398545,0.9981731185158038,0.9999951580247771,True,0.0008512,0.005376,687.059845870079
7,H2,Large,L,5.4,54.0,266.0,0.005376,5.3759999999999994,497159.35025731305,4.97159350257313,425.05386960398545,425.05363111590907,1.0,1.0,False,0.0008512,0.005376,687.059845870079
7,H2,Large,L,5.4,54.0,266.0,0.0054208,5.4208,497156.3369622183,4.971563369622182,433.5005598736787,425.0534027297671,1.0,1.0,False,0.0008512,0.005376,687.059845870079
7,H2,Large,L,5.4,54.0,266.0,0.0054656,5.4656,497153.2637681565,4.971532637681565,441.68351992786336,425.05316980255844,1.0,1.0,False,0.0008512,0.005376,687.059845870079
7,H2,Large,L,5.4,54.0,266.0,0.0055103999999999995,5.5104,497150.13254368526,4.9715013254368525,449.61117311643414,425.0529324758401,1.0,1.0,False,0.0008512,0.005376,687.059845870079
7,H2,Large,L,5.4,54.0,266.0,0.0055552,5.5552,497146.94509767176,4.971469450976717,457.2916625307421,425.0526908866463,1.0,1.0,False,0.0008512,0.005376,687.059845870079
7,H2,Large,L,5.4,54.0,266.0,0.0056,5.6,497143.70318127994,4.971437031812799,464.7328609695847,425.05244516763946,1.0,1.0,False,0.0008512,0.005376,687.059845870079
7,H2,Large,L,5.4,54.0,266.0,0.0056448,5.6448,497140.40848988696,4.97140408489887,471.94238051780536,425.0521954472551,1.0,1.0,False,0.0008512,0.005376,687.059845870079
7,H2,Large,L,5.4,54.0,266.0,0.0056895999999999995,5.6895999999999995,497137.06266493147,4.971370626649315,478.9275817537488,425.05194184984225,1.0,1.0,False,0.0008512,0.005376,687.059845870079
7,H2,Large,L,5.4,54.0,266.0,0.0057344,5.7344,497133.6672956967,4.971336672956967,485.6955826011752,425.05168449579867,1.0,1.0,False,0.0008512,0.005376,687.059845870079
7,H2,Large,L,5.4,54.0,266.0,0.0057792,5.7792,497130.2239210305,4.9713022392103055,492.2532668405969,425.0514235017008,1.0,1.0,False,0.0008512,0.005376,687.059845870079
7,H2,Large,L,5.4,54.0,266.0,0.005823999999999999,5.823999999999999,497126.7340310056,4.971267340310056,498.6072922943783,425.05115898042993,1.0,1.0,False,0.0008512,0.005376,687.059845870079
7,H2,Large,L,5.4,54.0,266.0,0.0058687999999999995,5.868799999999999,497123.1990685207,4.971231990685207,504.7640986993258,425.0508910412935,1.0,1.0,False,0.0008512,0.005376,687.059845870079
7,H2,Large,L,5.4,54.0,266.0,0.0059136,5.9136,497119.6204308469,4.971196204308469,510.72991527990337,425.0506197901421,1.0,1.0,False,0.0008512,0.005376,687.059845870079
7,H2,Large,L,5.4,54.0,266.0,0.0059584,5.9584,497115.99947111943,4.971159994711194,516.5107680346327,425.0503453294828,1.0,1.0,False,0.0008512,0.005376,687.059845870079
7,H2,Large,L,5.4,54.0,266.0,0.006003199999999999,6.0032,497112.3374997785,4.971123374997785,522.1124867476844,425.05006775858806,1.0,1.0,False,0.0008512,0.005376,687.059845870079
7,H2,Large,L,5.4,54.0,266.0,0.0060479999999999996,6.047999999999999,497108.63578595954,4.971086357859596,527.54071173713,425.0497871736014,1.0,1.0,False,0.0008512,0.005376,687.059845870079
7,H2,Large,L,5.4,54.0,266.0,0.0060928,6.0927999999999995,497104.8955588365,4.9710489555883655,532.8009003508133,425.0495036676388,1.0,1.0,False,0.0008512,0.005376,687.059845870079
7,H2,Large,L,5.4,54.0,266.0,0.0061376,6.1376,497101.11800891825,4.9710111800891825,537.8983332203085,425.0492173308873,1.0,1.0,False,0.0008512,0.005376,687.059845870079
7,H2,Large,L,5.4,54.0,266.0,0.006182399999999999,6.1823999999999995,497097.30428930104,4.970973042893011,542.838120282957,425.0489282506997,1.0,1.0,False,0.0008512,0.005376,687.059845870079
7,H2,Large,L,5.4,54.0,266.0,0.0062272,6.2272,497093.45551687846,4.9709345551687845,547.6252065816934,425.04863651168614,1.0,1.0,False,0.0008512,0.005376,687.059845870079
7,H2,Large,L,5.4,54.0,266.0,0.006272,6.272,497089.57277350966,4.970895727735097,552.2643778535688,425.0483421958031,1.0,1.0,False,0.0008512,0.005376,687.059845870079
7,H2,Large,L,5.4,54.0,266.0,0.0063168,6.3168,497085.65710714844,4.970856571071485,556.7602659065501,425.04804538243826,1.0,1.0,False,0.0008512,0.005376,687.059845870079
7,H2,Large,L,5.4,54.0,266.0,0.006361599999999999,6.361599999999999,497081.709532934,4.97081709532934,561.1173538078915,425.0477461484936,1.0,1.0,False,0.0008512,0.005376,687.059845870079
7,H2,Large,L,5.4,54.0,266.0,0.0064064,6.4064,497077.731034245,4.9707773103424495,565.3399808814081,425.04744456846527,1.0,1.0,False,0.0008512,0.005376,687.059845870079
7,H2,Large,L,5.4,54.0,266.0,0.0064512,6.4512,497073.72256371804,4.970737225637181,569.4323475240147,425.0471407145206,1.0,1.0,False,0.0008512,0.005376,687.059845870079
7,H2,Large,L,5.4,54.0,266.0,0.006496,6.496,497069.6850442321,4.970696850442321,573.3985198487709,425.04683465657257,1.0,1.0,False,0.0008512,0.005376,687.059845870079
7,H2,Large,L,5.4,54.0,266.0,0.006540799999999999,6.540799999999999,497065.6193698602,4.970656193698602,577.2424341613466,425.0465264623524,1.0,1.0,False,0.0008512,0.005376,687.059845870079
7,H2,Large,L,5.4,54.0,266.0,0.0065856,6.5855999999999995,497061.52640678885,4.970615264067889,580.9679012458721,425.04621619747854,1.0,1.0,False,0.0008512,0.005376,687.059845870079
7,H2,Large,L,5.4,54.0,266.0,0.0066304,6.6304,497057.4069942077,4.970574069942077,584.578610620666,425.04590392552444,1.0,1.0,False,0.0008512,0.005376,687.059845870079
7,H2,Large,L,5.4,54.0,266.0,0.0066752,6.6752,497053.2619451686,4.970532619451686,588.0781344595962,425.04558970808375,1.0,1.0,False,0.0008512,0.005376,687.059845870079
7,H2,Large,L,5.4,54.0,266.0,0.006719999999999999,6.72,497049.09204741707,4.9704909204741705,591.4699314970774,425.0452736048333,1.0,1.0,False,0.0008512,0.005376,687.059845870079
7,H2,Large,L,5.4,54.0,266.0,0.0067648,6.764799999999999,497044.89806419605,4.970448980641961,594.7573507651152,425.04495567359345,1.0,1.0,False,0.0008512,0.005376,687.059845870079
7,H2,Large,L,5.4,54.0,266.0,0.0068096,6.8096,497040.68073502305,4.970406807350231,597.9436351992956,425.0446359703876,1.0,1.0,False,0.0008512,0.005376,687.059845870079
7,H2,Large,L,5.4,54.0,266.0,0.0068544,6.8544,497036.44077644194,4.97036440776442,601.0319251187677,425.04431454949884,1.0,1.0,False,0.0008512,0.005376,687.059845870079
7,H2,Large,L,5.4,54.0,266.0,0.006899199999999999,6.8991999999999996,497032.17888274987,4.970321788827499,604.0252615850503,425.04399146352506,1.0,1.0,False,0.0008512,0.005376,687.059845870079
7,H2,Large,L,5.4,54.0,266.0,0.006944,6.944,497027.8957267005,4.970278957267005,606.9265896442828,425.0436667634323,1.0,1.0,False,0.0008512,0.005376,687.059845870079
7,H2,Large,L,5.4,54.0,266.0,0.0069888,6.9887999999999995,497023.5919601843,4.970235919601842,609.7387614573456,425.0433404986063,1.0,1.0,False,0.0008512,0.005376,687.059845870079
7,H2,Large,L,5.4,54.0,266.0,0.0070336,7.0336,497019.26821488637,4.970192682148864,612.4645393220857,425.04301271690207,1.0,1.0,False,0.0008512,0.005376,687.059845870079
7,H2,Large,L,5.4,54.0,266.0,0.0070783999999999994,7.078399999999999,497014.9251029235,4.970149251029235,615.1065985917033,425.04268346469246,1.0,1.0,False,0.0008512,0.005376,687.059845870079
7,H2,Large,L,5.4,54.0,266.0,0.0071232,7.1232,497010.5632174596,4.9701056321745956,617.6675304931869,425.0423527869146,1.0,1.0,False,0.0008512,0.005376,687.059845870079
7,H2,Large,L,5.4,54.0,266.0,0.007168,7.168,497006.1831333021,4.9700618313330205,620.1498448495175,425.04202072711513,1.0,1.0,False,0.0008512,0.005376,687.059845870079
7,H2,Large,L,5.4,54.0,266.0,0.007212799999999999,7.2128,497001.7854074783,4.970017854074783,622.5559727092128,425.0416873274939,1.0,1.0,False,0.0008512,0.005376,687.059845870079
7,H2,Large,L,5.4,54.0,266.0,0.0072575999999999995,7.257599999999999,496997.37057979364,4.969973705797936,624.8882688866277,425.0413526289462,1.0,1.0,False,0.0008512,0.005376,687.059845870079
7,H2,Large,L,5.4,54.0,266.0,0.0073024,7.3024,496992.9391733717,4.969929391733717,627.1490144162941,425.0410166711036,1.0,1.0,False,0.0008512,0.005376,687.059845870079
7,H2,Large,L,5.4,54.0,266.0,0.0073472,7.3472,496988.4916951768,4.969884916951768,629.3404189244427,425.04067949237384,1.0,1.0,False,0.0008512,0.005376,687.059845870079
7,H2,Large,L,5.4,54.0,266.0,0.007391999999999999,7.3919999999999995,496984.02863651986,4.969840286365199,631.4646229207226,425.0403411299786,1.0,1.0,False,0.0008512,0.005376,687.059845870079
7,H2,Large,L,5.4,54.0,266.0,0.0074367999999999995,7.4368,496979.550473548,4.9697955047354805,633.5237000130156,425.0400016199913,1.0,1.0,False,0.0008512,0.005376,687.059845870079
7,H2,Large,L,5.4,54.0,266.0,0.0074816,7.481599999999999,496975.0576677186,4.969750576677186,635.51965904812,425.0396609973722,1.0,1.0,False,0.0008512,0.005376,687.059845870079
7,H2,Large,L,5.4,54.0,266.0,0.0075264,7.5264,496970.550666258,4.96970550666258,637.4544461809721,425.0393192960039,1.0,1.0,False,0.0008512,0.005376,687.059845870079
7,H2,Large,L,5.4,54.0,266.0,0.007571199999999999,7.571199999999999,496966.0299026052,4.969660299026052,639.329946874964,425.03897654872435,1.0,1.0,False,0.0008512,0.005376,687.059845870079
7,H2,Large,L,5.4,54.0,266.0,0.0076159999999999995,7.616,496961.4957968426,4.969614957968426,641.1479878358168,425.03863278736003,1.0,1.0,False,0.0008512,0.005376,687.059845870079
7,H2,Large,L,5.4,54.0,266.0,0.0076608,7.6608,496956.94875611144,4.969569487561114,642.9103388813705,425.0382880427568,1.0,1.0,False,0.0008512,0.005376,687.059845870079
7,H2,Large,L,5.4,54.0,266.0,0.0077056,7.7056,496952.38917501515,4.969523891750152,644.6187147495584,425.03794234481103,1.0,1.0,False,0.0008512,0.005376,687.059845870079
7,H2,Large,L,5.4,54.0,266.0,0.007750399999999999,7.750399999999999,496947.81743600947,4.969478174360095,646.2747768467466,425.0375957224989,1.0,1.0,False,0.0008512,0.005376,687.059845870079
7,H2,Large,L,5.4,54.0,266.0,0.0077951999999999995,7.7951999999999995,496943.23390978016,4.969432339097802,647.8801349385344,425.03724820390465,1.0,1.0,False,0.0008512,0.005376,687.059845870079
7,H2,Large,L,5.4,54.0,266.0,0.00784,7.84,496938.63895560894,4.96938638955609,649.4363487850292,425.03689981624916,1.0,1.0,False,0.0008512,0.005376,687.059845870079
7,H2,Large,L,5.4,54.0,266.0,0.007884799999999999,7.884799999999999,496934.0329217275,4.9693403292172755,650.944929722533,425.0365505859159,1.0,1.0,False,0.0008512,0.005376,687.059845870079
7,H2,Large,L,5.4,54.0,266.0,0.0079296,7.9296,496929.41614566074,4.969294161456608,652.4073421935038,425.0362005384774,1.0,1.0,False,0.0008512,0.005376,687.059845870079
7,H2,Large,L,5.4,54.0,266.0,0.0079744,7.974399999999999,496924.7889545588,4.969247889545588,653.8250052265842,425.0358496987202,1.0,1.0,False,0.0008512,0.005376,687.059845870079
7,H2,Large,L,5.4,54.0,266.0,0.008019199999999999,8.0192,496920.15166551864,4.969201516655186,655.1992938684185,425.0354980906695,1.0,1.0,False,0.0008512,0.005376,687.059845870079
7,H2,Large,L,5.4,54.0,266.0,0.008064,8.064,496915.5045858959,4.969155045858959,656.5315405689224,425.0351457376124,1.0,1.0,False,0.0008512,0.005376,687.059845870079
7,H2,Large,L,5.4,54.0,266.0,0.0081088,8.108799999999999,496910.84801360645,4.9691084801360645,657.823036521597,425.03479266212094,1.0,1.0,False,0.0008512,0.005376,687.059845870079
7,H2,Large,L,5.4,54.0,266.0,0.0081536,8.1536,496906.1822374185,4.969061822374185,659.0750329604278,425.03443888607427,1.0,1.0,False,0.0008512,0.005376,687.059845870079
7,H2,Large,L,5.4,54.0,266.0,0.0081984,8.1984,496901.50753723586,4.969015075372359,660.2887424148477,425.03408443068,1.0,1.0,False,0.0008512,0.005376,687.059845870079
7,H2,Large,L,5.4,54.0,266.0,0.0082432,8.2432,496896.8241843721,4.968968241843721,661.4653399241884,425.0337293164949,1.0,1.0,False,0.0008512,0.005376,687.059845870079
7,H2,Large,L,5.4,54.0,266.0,0.008288,8.288,496892.132441816,4.96892132441816,662.6059642129954,425.03337356344525,1.0,1.0,False,0.0008512,0.005376,687.059845870079
7,H2,Large,L,5.4,54.0,266.0,0.0083328,8.332799999999999,496887.4325644888,4.9688743256448875,663.7117188285275,425.0330171908462,1.0,1.0,False,0.0008512,0.005376,687.059845870079
7,H2,Large,L,5.4,54.0,266.0,0.008377599999999999,8.3776,496882.7247994934,4.968827247994934,664.7836732417142,425.03266021742036,1.0,1.0,False,0.0008512,0.005376,687.059845870079
7,H2,Large,L,5.4,54.0,266.0,0.0084224,8.4224,496878.0093863558,4.9687800938635585,665.8228639128021,425.0323026613167,1.0,1.0,False,0.0008512,0.005376,687.059845870079
7,H2,Large,L,5.4,54.0,266.0,0.0084672,8.4672,496873.2865572589,4.968732865572589,666.8302953228708,425.03194454012765,1.0,1.0,False,0.0008512,0.005376,687.059845870079
7,H2,Large,L,5.4,54.0,266.0,0.008512,8.512,496868.5565372689,4.968685565372689,667.8069409723613,425.03158587090667,1.0,1.0,False,0.0008512,0.005376,687.059845870079
7,H2,Large,L,5.4,54.0,266.0,0.0085568,8.556799999999999,496863.819544555,4.96863819544555,668.753744347715,425.0312266701848,1.0,1.0,False,0.0008512,0.005376,687.059845870079
7,H2,Large,L,5.4,54.0,266.0,0.0086016,8.6016,496859.0757906016,4.968590757906016,669.6716198571862,425.0308669539864,1.0,1.0,False,0.0008512,0.005376,687.059845870079
7,H2,Large,L,5.4,54.0,266.0,0.0086464,8.6464,496854.3254804149,4.968543254804149,670.561453736849,425.0305067378452,1.0,1.0,False,0.0008512,0.005376,687.059845870079
7,H2,Large,L,5.4,54.0,266.0,0.0086912,8.6912,496849.5688127218,4.968495688127218,671.4241049277861,425.03014603681936,1.0,1.0,False,0.0008512,0.005376,687.059845870079
7,H2,Large,L,5.4,54.0,266.0,0.008735999999999999,8.735999999999999,496844.80598016374,4.968448059801638,672.2604059254118,425.02978486550586,1.0,1.0,False,0.0008512,0.005376,687.059845870079
7,H2,Large,L,5.4,54.0,266.0,0.0087808,8.7808,496840.0371694837,4.9684003716948375,673.071163601846,425.02942323805485,1.0,1.0,False,0.0008512,0.005376,687.059845870079
7,H2,Large,L,5.4,54.0,266.0,0.0088256,8.8256,496835.26256170793,4.968352625617079,673.8571600022273,425.0290611681834,1.0,1.0,False,0.0008512,0.005376,687.059845870079
7,H2,Large,L,5.4,54.0,266.0,0.008870399999999999,8.870399999999998,496830.48233232164,4.9683048233232165,674.6191531158178,425.0286986691888,1.0,1.0,False,0.0008512,0.005376,687.059845870079
7,H2,Large,L,5.4,54.0,266.0,0.0089152,8.9152,496825.6966514396,4.968256966514396,675.3578776227273,425.02833575396164,1.0,1.0,False,0.0008512,0.005376,687.059845870079
7,H2,Large,L,5.4,54.0,266.0,0.00896,8.959999999999999,496820.90568397107,4.968209056839711,676.0740456170528,425.0279724349979,1.0,1.0,False,0.0008512,0.005376,687.059845870079
8,H2,Large,W,5.4,54.0,266.0,0.0,0.0,500000.0,5.0,293.0,425.268435036257,0.0,0.0,False,0.0008512,0.005376,687.059845870079
8,H2,Large,W,5.4,54.0,266.0,4.48e-05,0.0448,499999.8586039718,4.999998586039718,301.30775924061675,425.2684243688111,0.0,0.0,False,0.0008512,0.005376,687.059845870079
8,H2,Large,W,5.4,54.0,266.0,8.96e-05,0.0896,499999.71720794355,4.999997172079436,309.4416264026508,425.2684137013629,0.0,0.0,False,0.0008512,0.005376,687.059845870079
8,H2,Large,W,5.4,54.0,266.0,0.0001344,0.1344,499999.57581191533,4.999995758119153,317.40542158052733,425.26840303391214,0.0,0.0,False,0.0008512,0.005376,687.059845870079
8,H2,Large,W,5.4,54.0,266.0,0.0001792,0.1792,499999.4344158871,4.999994344158871,325.2028444503443,425.26839236645884,0.0,0.0,False,0.0008512,0.005376,687.059845870079
8,H2,Large,W,5.4,54.0,266.0,0.000224,0.224,499999.2930198589,4.999992930198589,332.83750889990114,425.2683816990032,0.0,0.0,False,0.0008512,0.005376,687.059845870079
8,H2,Large,W,5.4,54.0,266.0,0.0002688,0.2688,499999.15162383066,4.999991516238307,340.3129451727549,425.2683710315451,0.0,0.0,False,0.0008512,0.005376,687.059845870079
8,H2,Large,W,5.4,54.0,266.0,0.0003136,0.3136,499999.01022780244,4.999990102278025,347.63260195972697,425.2683603640846,0.0,0.0,False,0.0008512,0.005376,687.059845870079
8,H2,Large,W,5.4,54.0,266.0,0.0003584,0.3584,499998.8688317742,4.9999886883177425,354.7998484373537,425.2683496966216,0.0,0.0,False,0.0008512,0.005376,687.059845870079
8,H2,Large,W,5.4,54.0,266.0,0.0004032,0.4032,499998.727435746,4.99998727435746,361.81797625441436,425.26833902915615,0.0,0.0,False,0.0008512,0.005376,687.059845870079
8,H2,Large,W,5.4,54.0,266.0,0.000448,0.448,499998.5860397178,4.999985860397178,368.69020146728246,425.26832836168825,0.0,0.0,False,0.0008512,0.005376,687.059845870079
8,H2,Large,W,5.4,54.0,266.0,0.0004927999999999999,0.49279999999999996,499998.44464368955,4.999984446436896,375.41966642494907,425.26831769421796,0.0,0.0,False,0.0008512,0.005376,687.059845870079
8,H2,Large,W,5.4,54.0,266.0,0.0005376,0.5376,499998.30324766133,4.999983032476614,382.009441604647,425.2683070267452,0.0,0.0,False,0.0008512,0.005376,687.059845870079
8,H2,Large,W,5.4,54.0,266.0,0.0005824,0.5823999999999999,499998.1618516331,4.9999816185163315,388.46252739906475,425.26829635927004,0.0,0.0,False,0.0008512,0.005376,687.059845870079
8,H2,Large,W,5.4,54.0,266.0,0.0006272,0.6272,499998.0204556049,4.999980204556048,394.7818558561852,425.26828569179236,0.0,0.0,False,0.0008512,0.005376,687.059845870079
8,H2,Large,W,5.4,54.0,266.0,0.000672,0.6719999999999999,499997.87905957666,4.999978790595766,400.97029237281544,425.2682750243123,0.0,0.0,False,0.0008512,0.005376,687.059845870079
8,H2,Large,W,5.4,54.0,266.0,0.0007168,0.7168,499997.73766354844,4.999977376635484,407.03063734289606,425.2682643568297,0.0,0.0,False,0.0008512,0.005376,687.059845870079
8,H2,Large,W,5.4,54.0,266.0,0.0007616,0.7615999999999999,499997.5962675202,4.999975962675202,412.965627732283,425.2682536893448,0.0,0.0,False,0.0008512,0.005376,687.059845870079
8,H2,Large,W,5.4,54.0,266.0,0.0008064,0.8064,499997.454871492,4.99997454871492,418.77793872875844,425.2682430218574,0.0,0.0,False,0.0008512,0.005376,687.059845870079
8,H2,Large,W,5.4,54.0,266.0,0.0008512,0.8512,499997.3134754638,4.9999731347546374,424.47018517183653,425.2682323543675,0.0,0.0,False,0.0008512,0.005376,687.059845870079
8,H2,Large,W,5.4,54.0,266.0,0.000896,0.896,499997.17207943555,4.999971720794355,425.2682323543675,425.2682216868752,0.00892269739487776,0.77197514114495,True,0.0008512,0.005376,687.059845870079
8,H2,Large,W,5.4,54.0,266.0,0.0009408,0.9408,499996.508877689,4.99996508877689,425.2682216868752,425.26817165220154,0.019273065508112995,0.880808277731103,True,0.0008512,0.005376,687.059845870079
8,H2,Large,W,5.4,54.0,266.0,0.0009855999999999999,0.9855999999999999,499995.15101234545,4.999951510123455,425.26817165220154,425.2680692090749,0.02963295633462698,0.9198938855354896,True,0.0008512,0.005376,687.059845870079
8,H2,Large,W,5.4,54.0,266.0,0.0010304,1.0304,499993.0081199701,4.999930081199701,425.2680692090749,425.2679075397175,0.04000131789540752,0.940007954723916,True,0.0008512,0.005376,687.059845870079
8,H2,Large,W,5.4,54.0,266.0,0.0010752,1.0752,499989.99626463593,4.999899962646359,425.2679075397175,425.2676803109707,0.05037721798792436,0.9522647962678941,True,0.0008512,0.005376,687.059845870079
8,H2,Large,W,5.4,54.0,266.0,0.00112,1.1199999999999999,499986.03785077116,4.999860378507711,425.2676803109707,425.2673816676433,0.0607598254440382,0.9605155349136985,True,0.0008512,0.005376,687.059845870079
8,H2,Large,W,5.4,54.0,266.0,0.0011648,1.1647999999999998,499981.06152651826,4.999810615265183,425.2673816676433,425.2670062251462,0.07114839482576932,0.9664480076806317,True,0.0008512,0.005376,687.059845870079
8,H2,Large,W,5.4,54.0,266.0,0.0012096,1.2096,499975.0020792323,4.999750020792323,425.2670062251462,425.26654906153794,0.08154225382609774,0.9709186889955722,True,0.0008512,0.005376,687.059845870079
8,H2,Large,W,5.4,54.0,266.0,0.0012544,1.2544,499967.8003244252,4.999678003244252,425.26654906153794,425.26600570908096,0.0919407928174093,0.9744084370097392,True,0.0008512,0.005376,687.059845870079
8,H2,Large,W,5.4,54.0,266.0,0.0012992,1.2992,499959.40298921434,4.999594029892143,425.26600570908096,425.26537214538973,0.10234345611901417,0.9772080588549826,True,0.0008512,0.005376,687.059845870079
8,H2,Large,W,5.4,54.0,266.0,0.001344,1.3439999999999999,499949.76259113906,4.999497625911391,425.26537214538973,425.264644784238,0.11274973465110297,0.9795037588740266,True,0.0008512,0.005376,687.059845870079
8,H2,Large,W,5.4,54.0,266.0,0.0013888,1.3888,499938.83731305524,4.999388373130552,425.264644784238,425.2638204660778,0.12315915971469257,0.9814202888444673,True,0.0008512,0.005376,687.059845870079
8,H2,Large,W,5.4,54.0,266.0,0.0014336,1.4336,499926.59087469545,4.999265908746954,425.2638204660778,425.2628964483176,0.13357129769194778,0.983044366172197,True,0.0008512,0.005376,687.059845870079
8,H2,Large,W,5.4,54.0,266.0,0.0014784,1.4784,499912.9924013841,4.999129924013841,425.2628964483176,425.2618703953955,0.14398574550328905,0.9844381416003763,True,0.0008512,0.005376,687.059845870079
8,H2,Large,W,5.4,54.0,266.0,0.0015232,1.5231999999999999,499898.0162903163,4.998980162903163,425.2618703953955,425.2607403686784,0.1544021266901721,0.9856473228699039,True,0.0008512,0.005376,687.059845870079
8,H2,Large,W,5.4,54.0,266.0,0.001568,1.568,499881.6420747454,4.9988164207474535,425.2607403686784,425.2595048162159,0.16482008801771686,0.9867062748230492,True,0.0008512,0.005376,687.059845870079
8,H2,Large,W,5.4,54.0,266.0,0.0016128,1.6128,499863.85428636894,4.99863854286369,425.2595048162159,425.25816256236726,0.17523929651120473,0.9876413321567551,True,0.0008512,0.005376,687.059845870079
8,H2,Large,W,5.4,54.0,266.0,0.0016576,1.6576,499844.6423161603,4.998446423161603,425.25816256236726,425.25671279732273,0.1856594368561341,0.9884730152722218,True,0.0008512,0.005376,687.059845870079
8,H2,Large,W,5.4,54.0,266.0,0.0017024,1.7024,499824.0002738544,4.9982400027385445,425.25671279732273,425.255155066534,0.19608020910398088,0.9892175507907306,True,0.0008512,0.005376,687.059845870079
8,H2,Large,W,5.4,54.0,266.0,0.0017472,1.7471999999999999,499801.92684626684,4.998019268462668,425.255155066534,425.25348926006654,0.20650132663577092,0.9898879386424391,True,0.0008512,0.005376,687.059845870079
8,H2,Large,W,5.4,54.0,266.0,0.001792,1.792,499778.4251545989,4.997784251545989,425.25348926006654,425.25171560188596,0.21692251434357757,0.9904947160071019,True,0.0008512,0.005376,687.059845870079
8,H2,Large,W,5.4,54.0,266.0,0.0018368,1.8368,499753.50261085917,4.997535026108592,425.25171560188596,425.2498346390857,0.2273435069965284,0.9910465140371869,True,0.0008512,0.005376,687.059845870079
8,H2,Large,W,5.4,54.0,266.0,0.0018816,1.8816,499727.1707735144,4.997271707735144,425.2498346390857,425.2478472310669,0.23776404776315543,0.9915504701009832,True,0.0008512,0.005376,687.059845870079
8,H2,Large,W,5.4,54.0,266.0,0.0019264,1.9264,499699.44520246534,4.996994452024653,425.2478472310669,425.24575453867453,0.24818388686620302,0.9920125374754175,True,0.0008512,0.005376,687.059845870079
8,H2,Large,W,5.4,54.0,266.0,0.0019711999999999998,1.9711999999999998,499670.3453134319,4.9967034531343195,425.24575453867453,425.2435580132968,0.25860278034950623,0.9924377210652183,True,0.0008512,0.005376,687.059845870079
8,H2,Large,W,5.4,54.0,266.0,0.002016,2.016,499639.894231818,4.99639894231818,425.2435580132968,425.2412593859313,0.26902048893942276,0.9928302589728367,True,0.0008512,0.005376,687.059845870079
8,H2,Large,W,5.4,54.0,266.0,0.0020608,2.0608,499608.11864611896,4.99608118646119,425.2412593859313,425.23886065622287,0.27943677698565833,0.9931937638957333,True,0.0008512,0.005376,687.059845870079
8,H2,Large,W,5.4,54.0,266.0,0.0021056,2.1056,499575.04866092495,4.99575048660925,425.23886065622287,425.23636408147576,0.2898514114682646,0.9935313343514172,True,0.0008512,0.005376,687.059845870079
8,H2,Large,W,5.4,54.0,266.0,0.0021504,2.1504,499540.7176495663,4.995407176495663,425.23636408147576,425.23377216564273,0.30026416105918297,0.993845642983285,True,0.0008512,0.005376,687.059845870079
8,H2,Large,W,5.4,54.0,266.0,0.0021952,2.1952,499505.16210644186,4.995051621064419,425.23377216564273,425.2310876482933,0.31067479522801594,0.9941390072738876,True,0.0008512,0.005376,687.059845870079
8,H2,Large,W,5.4,54.0,266.0,0.00224,2.2399999999999998,499468.421499065,4.99468421499065,425.2310876482933,425.2283134935626,0.32108308338277747,0.9944134466229286,True,0.0008512,0.005376,687.059845870079
8,H2,Large,W,5.4,54.0,266.0,0.0022848,2.2848,499430.53811985906,4.994305381198591,425.2283134935626,425.22545287908287,0.33148879403724074,0.9946707287616667,True,0.0008512,0.005376,687.059845870079
8,H2,Large,W,5.4,54.0,266.0,0.0023296,2.3295999999999997,499391.55693772854,4.993915569377285,425.22545287908287,425.2225091848976,0.3418916939971999,0.9949124077575969,True,0.0008512,0.005376,687.059845870079
8,H2,Large,W,5.4,54.0,266.0,0.0023744,2.3744,499351.52544943144,4.993515254494314,425.2225091848976,425.21948598236105,0.352291547558509,0.9951398553348069,True,0.0008512,0.005376,687.059845870079
8,H2,Large,W,5.4,54.0,266.0,0.0024192,2.4192,499310.4935307739,4.9931049353077395,425.21948598236105,425.21638702302135,0.36268811571018345,0.9953542868423833,True,0.0008512,0.005376,687.059845870079
8,H2,Large,W,5.4,54.0,266.0,0.002464,2.464,499268.5132876477,4.992685132876477,425.21638702302135,425.21321622749025,0.3730811553361524,0.9955567829081141,True,0.0008512,0.005376,687.059845870079
8,H2,Large,W,5.4,54.0,266.0,0.0025088,2.5088,499225.6389069288,4.992256389069288,425.21321622749025,425.2099776742982,0.3834704184094565,0.9957483075912004,True,0.0008512,0.005376,687.059845870079
8,H2,Large,W,5.4,54.0,266.0,0.0025536,2.5536,499181.9265072553,4.991819265072553,425.2099776742982,425.2066755887366,0.3938556511727927,0.9959297236768977,True,0.0008512,0.005376,687.059845870079
8,H2,Large,W,5.4,54.0,266.0,0.0025984,2.5984,499137.4339897002,4.9913743398970025,425.2066755887366,425.2033143316865,0.40423659329932876,0.9961018056245361,True,0.0008512,0.005376,687.059845870079
8,H2,Large,W,5.4,54.0,266.0,0.0026432,2.6432,499092.22088835755,4.990922208883576,425.2033143316865,425.19989838843503,0.4146129770276489,0.9962652505783668,True,0.0008512,0.005376,687.059845870079
8,H2,Large,W,5.4,54.0,266.0,0.002688,2.6879999999999997,499046.34822085703,4.99046348220857,425.19989838843503,425.1964323574801,0.42498452626454475,0.9964206877710223,True,0.0008512,0.005376,687.059845870079
8,H2,Large,W,5.4,54.0,266.0,0.0027328,2.7328,498999.8783388249,4.989998783388249,425.1964323574801,425.192920939323,0.43535095564914117,0.9965686865867389,True,0.0008512,0.005376,687.059845870079
8,H2,Large,W,5.4,54.0,266.0,0.0027776,2.7776,498952.8747783087,4.989528747783087,425.192920939323,425.1893689252511,0.4457119695715342,0.9967097635019033,True,0.0008512,0.005376,687.059845870079
8,H2,Large,W,5.4,54.0,266.0,0.0028224,2.8224,498905.4021101842,4.989054021101842,425.1893689252511,425.1857811861093,0.45606726113872337,0.996844388081053,True,0.0008512,0.005376,687.059845870079
8,H2,Large,W,5.4,54.0,266.0,0.0028672,2.8672,498857.52579056524,4.988575257905652,425.1857811861093,425.18216266106504,0.46641651108013227,0.996972988174847,True,0.0008512,0.005376,687.059845870079
8,H2,Large,W,5.4,54.0,266.0,0.0029119999999999997,2.9119999999999995,498809.3120112366,4.988093120112366,425.18216266106504,425.17851834636247,0.4767593865844243,0.9970959544411304,True,0.0008512,0.005376,687.059845870079
8,H2,Large,W,5.4,54.0,266.0,0.0029568,2.9568,498760.82755013433,4.987608275501343,425.17851834636247,425.17485328407264,0.48709554005862965,0.9972136442896128,True,0.0008512,0.005376,687.059845870079
8,H2,Large,W,5.4,54.0,266.0,0.0030015999999999997,3.0016,498712.1396218978,4.987121396218978,425.17485328407264,425.1711725508376,0.4974246077997889,0.9973263853339949,True,0.0008512,0.005376,687.059845870079
8,H2,Large,W,5.4,54.0,266.0,0.0030464,3.0463999999999998,498663.3157285221,4.986633157285221,425.1711725508376,425.16748124661177,0.5077462085683809,0.9974344784216979,True,0.0008512,0.005376,687.059845870079
8,H2,Large,W,5.4,54.0,266.0,0.0030911999999999997,3.0911999999999997,498614.42351014016,4.986144235101402,425.16748124661177,425.16378448340276,0.5180599420517183,0.9975382003001506,True,0.0008512,0.005376,687.059845870079
8,H2,Large,W,5.4,54.0,266.0,0.003136,3.136,498565.53059596865,4.985655305959686,425.16378448340276,425.16008737401273,0.5283653872042477,0.9976378059693579,True,0.0008512,0.005376,687.059845870079
8,H2,Large,W,5.4,54.0,266.0,0.0031807999999999997,3.1807999999999996,498516.7044554536,4.985167044554536,425.16008737401273,425.15639502078517,0.5386621004502611,0.9977335307628344,True,0.0008512,0.005376,687.059845870079
8,H2,Large,W,5.4,54.0,266.0,0.0032256,3.2256,498468.01224965666,4.984680122496567,425.15639502078517,425.1527125043577,0.5489496137328856,0.9978255921926387,True,0.0008512,0.005376,687.059845870079
8,H2,Large,W,5.4,54.0,266.0,0.0032703999999999997,3.2703999999999995,498419.520682926,4.98419520682926,425.1527125043577,425.1490448724261,0.5592274323913413,0.99791419158895,True,0.0008512,0.005376,687.059845870079
8,H2,Large,W,5.4,54.0,266.0,0.0033152,3.3152,498371.2958549012,4.983712958549012,425.1490448724261,425.14539712852326,0.5694950328463044,0.9979995155602133,True,0.0008512,0.005376,687.059845870079
8,H2,Large,W,5.4,54.0,266.0,0.0033599999999999997,3.36,498323.4031129053,4.983234031129053,425.14539712852326,425.14177422081576,0.5797518600707543,0.9980817372961357,True,0.0008512,0.005376,687.059845870079
8,H2,Large,W,5.4,54.0,266.0,0.0034048,3.4048,498275.9069047841,4.982759069047841,425.14177422081576,425.1381810309255,0.5899973248208557,0.9981610177327118,True,0.0008512,0.005376,687.059845870079
8,H2,Large,W,5.4,54.0,266.0,0.0034495999999999997,3.4495999999999998,498228.87063225795,4.98228870632258,425.1381810309255,425.1346223627789,0.6002308005981943,0.9982375065957737,True,0.0008512,0.005376,687.059845870079
8,H2,Large,W,5.4,54.0,266.0,0.0034944,3.4943999999999997,498182.35650485824,4.9818235650485825,425.1346223627789,425.13110293149174,0.6104516203109689,0.9983113433373386,True,0.0008512,0.005376,687.059845870079
8,H2,Large,W,5.4,54.0,266.0,0.0035391999999999997,3.5391999999999997,498136.4253945286,4.981364253945286,425.13110293149174,425.12762735229495,0.6206590725974711,0.998382657977095,True,0.0008512,0.005376,687.059845870079
8,H2,Large,W,5.4,54.0,266.0,0.003584,3.584,498091.1366909787,4.980911366909787,425.12762735229495,425.1242001295095,0.6308523978223906,0.9984515718600853,True,0.0008512,0.005376,687.059845870079
8,H2,Large,W,5.4,54.0,266.0,0.0036287999999999997,3.6287999999999996,498046.54815789225,4.980465481578922,425.1242001295095,425.12082564557664,0.6410307834378746,0.9985181983381444,True,0.0008512,0.005376,687.059845870079
8,H2,Large,W,5.4,54.0,266.0,0.0036736,3.6736,498002.71579008247,4.980027157900825,425.12082564557664,425.1175081501547,0.6511933591778271,0.9985826433867521,True,0.0008512,0.005376,687.059845870079
8,H2,Large,W,5.4,54.0,266.0,0.0037183999999999997,3.7184,497959.69367173593,4.97959693671736,425.1175081501547,425.11425174928996,0.6613391915013997,0.9986450061607625,True,0.0008512,0.005376,687.059845870079
8,H2,Large,W,5.4,54.0,266.0,0.0037632,3.7632,497917.5338358643,4.979175338358643,425.11425174928996,425.11106039467444,0.6714672774773461,0.9987053794970051,True,0.0008512,0.005376,687.059845870079
8,H2,Large,W,5.4,54.0,266.0,0.0038079999999999998,3.808,497876.28612511506,4.978762861251151,425.11106039467444,425.10793787300054,0.6815765379768142,0.9987638503687715,True,0.0008512,0.005376,687.059845870079
8,H2,Large,W,5.4,54.0,266.0,0.0038528,3.8528,497835.99805410655,4.978359980541065,425.10793787300054,425.1048877954281,0.6916658100828685,0.9988205002968854,True,0.0008512,0.005376,687.059845870079
8,H2,Large,W,5.4,54.0,266.0,0.0038975999999999998,3.8975999999999997,497796.71467347105,4.97796714673471,425.1048877954281,425.10191358717657,0.7017338386115004,0.9988754057214657,True,0.0008512,0.005376,687.059845870079
8,H2,Large,W,5.4,54.0,266.0,0.0039423999999999996,3.9423999999999997,497758.47843581263,4.977584784358126,425.10191358717657,425.0990184772599,0.7117792666231744,0.9989286383379443,True,0.0008512,0.005376,687.059845870079
8,H2,Large,W,5.4,54.0,266.0,0.0039872,3.9871999999999996,497721.3290638106,4.9772132906381055,425.0990184772599,425.09620548838296,0.721800624785703,0.9989802654004504,True,0.0008512,0.005376,687.059845870079
8,H2,Large,W,5.4,54.0,266.0,0.004032,4.032,497685.30342072883,4.976853034207288,425.09620548838296,425.09347742701846,0.7317963194280116,0.9990303499952372,True,0.0008512,0.005376,687.059845870079
8,H2,Large,W,5.4,54.0,266.0,0.0040768,4.0768,497650.4353836243,4.976504353836243,425.09347742701846,425.09083687368957,0.7417646190996546,0.999078951286457,True,0.0008512,0.005376,687.059845870079
8,H2,Large,W,5.4,54.0,266.0,0.0041216,4.1216,497616.7557195853,4.976167557195853,425.09083687368957,425.0882861734823,0.7517036394222041,0.9991261247362326,True,0.0008512,0.005376,687.059845870079
8,H2,Large,W,5.4,54.0,266.0,0.0041664,4.166399999999999,497584.2919653755,4.975842919653755,425.0882861734823,425.0858274268187,0.7616113259851914,0.9991719223006673,True,0.0008512,0.005376,687.059845870079
8,H2,Large,W,5.4,54.0,266.0,0.0042112,4.2112,497553.06831090874,4.9755306831090875,425.0858274268187,425.0834624805228,0.771485435000395,0.9992163926031161,True,0.0008512,0.005376,687.059845870079
8,H2,Large,W,5.4,54.0,266.0,0.004256,4.256,497523.1054870406,4.975231054870406,425.0834624805228,425.081192919217,0.7813235113830999,0.9992595810857722,True,0.0008512,0.005376,687.059845870079
8,H2,Large,W,5.4,54.0,266.0,0.0043008,4.3008,497494.4206582289,4.974944206582289,425.081192919217,425.0790200570924,0.7911228638765834,0.9993015301403343,True,0.0008512,0.005376,687.059845870079
8,H2,Large,W,5.4,54.0,266.0,0.0043456,4.3456,497467.0273206977,4.974670273206978,425.0790200570924,425.07694493010143,0.8008805367755182,0.9993422792182493,True,0.0008512,0.005376,687.059845870079
8,H2,Large,W,5.4,54.0,266.0,0.0043904,4.3904,497440.93520682905,4.974409352068291,425.07694493010143,425.074968288628,0.8105932777342181,0.9993818649207588,True,0.0008512,0.005376,687.059845870079
8,H2,Large,W,5.4,54.0,266.0,0.004435199999999999,4.435199999999999,497416.1501966172,4.974161501966171,425.074968288628,425.07309059070013,0.8202575010657107,0.999420321068689,True,0.0008512,0.005376,687.059845870079
8,H2,Large,W,5.4,54.0,266.0,0.00448,4.4799999999999995,497392.656814487,4.97392656814487,425.07309059070013,425.07131067580974,0.8298692458466943,0.9994576787516519,True,0.0008512,0.005376,687.059845870079
8,H2,Large,W,5.4,54.0,266.0,0.0045248,4.5248,497370.41186891653,4.973704118689166,425.07131067580974,425.06962528270617,0.839424128087846,0.999493966372339,True,0.0008512,0.005376,687.059845870079
8,H2,Large,W,5.4,54.0,266.0,0.0045696,4.5696,497349.41139920405,4.97349411399204,425.06962528270617,425.0680341215635,0.8489172860389681,0.9995292096523527,True,0.0008512,0.005376,687.059845870079
8,H2,Large,W,5.4,54.0,266.0,0.004614399999999999,4.6144,497329.6475668681,4.973296475668681,425.0680341215635,425.0665366081162,0.8583561673872906,0.9995634776704044,True,0.0008512,0.005376,687.059845870079
8,H2,Large,W,5.4,54.0,266.0,0.0046592,4.659199999999999,497311.1102827787,4.973111102827787,425.0665366081162,425.06513198691493,0.8677384739890012,0.9995968007163131,True,0.0008512,0.005376,687.059845870079
8,H2,Large,W,5.4,54.0,266.0,0.004704,4.704,497293.78596023493,4.972937859602349,425.06513198691493,425.06381923682704,0.8770601161061695,0.9996292016124003,True,0.0008512,0.005376,687.059845870079
8,H2,Large,W,5.4,54.0,266.0,0.0047488,4.7488,497277.6573199794,4.972776573199794,425.06381923682704,425.06259705624143,0.8863166372749581,0.9996607012129259,True,0.0008512,0.005376,687.059845870079
8,H2,Large,W,5.4,54.0,266.0,0.004793599999999999,4.7936,497262.7034004891,4.9726270340048915,425.06259705624143,425.0614638638343,0.8955031766256621,0.9996913184166298,True,0.0008512,0.005376,687.059845870079
8,H2,Large,W,5.4,54.0,266.0,0.0048384,4.8384,497248.8995850159,4.972488995850159,425.0614638638343,425.0604178006121,0.9046144268215047,0.9997210701660553,True,0.0008512,0.005376,687.059845870079
8,H2,Large,W,5.4,54.0,266.0,0.0048832,4.8831999999999995,497236.2176472132,4.972362176472132,425.0604178006121,425.05945673337067,0.9136445868145748,0.999749971432345,True,0.0008512,0.005376,687.059845870079
8,H2,Large,W,5.4,54.0,266.0,0.004928,4.928,497224.625817331,4.9722462581733105,425.05945673337067,425.05857825972015,0.9225873082539903,0.9997780351830484,True,0.0008512,0.005376,687.059845870079
8,H2,Large,W,5.4,54.0,266.0,0.0049727999999999994,4.972799999999999,497214.08887108206,4.972140888710821,425.05857825972015,425.05777971483576,0.9314356337583812,0.9998052723288385,True,0.0008512,0.005376,687.059845870079
8,H2,Large,W,5.4,54.0,266.0,0.0050176,5.0176,497204.5682433632,4.972045682433632,425.05777971483576,425.0570581800976,0.9401819241760878,0.9998316916422316,True,0.0008512,0.005376,687.059845870079
8,H2,Large,W,5.4,54.0,266.0,0.0050624,5.0624,497196.0221690215,4.971960221690215,425.0570581800976,425.05641049378676,0.9488177700185721,0.9998572996365138,True,0.0008512,0.005376,687.059845870079
8,H2,Large,W,5.4,54.0,266.0,0.0051072,5.1072,497188.40620823513,4.971884062082351,425.05641049378676,425.05583329093565,0.9573365059196842,0.9998821079666499,True,0.0008512,0.005376,687.059845870079
8,H2,Large,W,5.4,54.0,266.0,0.0051519999999999995,5.151999999999999,497181.6763507259,4.971816763507259,425.05583329093565,425.05532323863395,0.9657521938041668,0.9999061867660748,True,0.0008512,0.005376,687.059845870079
8,H2,Large,W,5.4,54.0,266.0,0.0051968,5.1968,497175.77329845197,4.9717577329845195,425.05532323863395,425.0548758448556,0.9740570558213716,0.9999295409628778,True,0.0008512,0.005376,687.059845870079
8,H2,Large,W,5.4,54.0,266.0,0.0052416,5.2416,497170.6520786959,4.971706520786959,425.0548758448556,425.0544877028703,0.9822421230244294,0.9999521723042923,True,0.0008512,0.005376,687.059845870079
8,H2,Large,W,5.4,54.0,266.0,0.0052864,5.2864,497166.2520433014,4.971662520433014,425.0544877028703,425.05415421752906,0.9902929350986335,0.9999740679616952,True,0.0008512,0.005376,687.059845870079
8,H2,Large,W,5.4,54.0,266.0,0.0053311999999999995,5.331199999999999,497162.4968517154,4.971624968517154,425.05415421752906,425.05386960398545,0.9981731185158038,0.9999951580247771,True,0.0008512,0.005376,687.059845870079
8,H2,Large,W,5.4,54.0,266.0,0.005376,5.3759999999999994,497159.35025731305,4.97159350257313,425.05386960398545,425.05363111590907,1.0,1.0,False,0.0008512,0.005376,687.059845870079
8,H2,Large,W,5.4,54.0,266.0,0.0054208,5.4208,497156.3369622183,4.971563369622182,433.5005598736787,425.0534027297671,1.0,1.0,False,0.0008512,0.005376,687.059845870079
8,H2,Large,W,5.4,54.0,266.0,0.0054656,5.4656,497153.2637681565,4.971532637681565,441.68351992786336,425.05316980255844,1.0,1.0,False,0.0008512,0.005376,687.059845870079
8,H2,Large,W,5.4,54.0,266.0,0.0055103999999999995,5.5104,497150.13254368526,4.9715013254368525,449.61117311643414,425.0529324758401,1.0,1.0,False,0.0008512,0.005376,687.059845870079
8,H2,Large,W,5.4,54.0,266.0,0.0055552,5.5552,497146.94509767176,4.971469450976717,457.2916625307421,425.0526908866463,1.0,1.0,False,0.0008512,0.005376,687.059845870079
8,H2,Large,W,5.4,54.0,266.0,0.0056,5.6,497143.70318127994,4.971437031812799,464.7328609695847,425.05244516763946,1.0,1.0,False,0.0008512,0.005376,687.059845870079
8,H2,Large,W,5.4,54.0,266.0,0.0056448,5.6448,497140.40848988696,4.97140408489887,471.94238051780536,425.0521954472551,1.0,1.0,False,0.0008512,0.005376,687.059845870079
8,H2,Large,W,5.4,54.0,266.0,0.0056895999999999995,5.6895999999999995,497137.06266493147,4.971370626649315,478.9275817537488,425.05194184984225,1.0,1.0,False,0.0008512,0.005376,687.059845870079
8,H2,Large,W,5.4,54.0,266.0,0.0057344,5.7344,497133.6672956967,4.971336672956967,485.6955826011752,425.05168449579867,1.0,1.0,False,0.0008512,0.005376,687.059845870079
8,H2,Large,W,5.4,54.0,266.0,0.0057792,5.7792,497130.2239210305,4.9713022392103055,492.2532668405969,425.0514235017008,1.0,1.0,False,0.0008512,0.005376,687.059845870079
8,H2,Large,W,5.4,54.0,266.0,0.005823999999999999,5.823999999999999,497126.7340310056,4.971267340310056,498.6072922943783,425.05115898042993,1.0,1.0,False,0.0008512,0.005376,687.059845870079
8,H2,Large,W,5.4,54.0,266.0,0.0058687999999999995,5.868799999999999,497123.1990685207,4.971231990685207,504.7640986993258,425.0508910412935,1.0,1.0,False,0.0008512,0.005376,687.059845870079
8,H2,Large,W,5.4,54.0,266.0,0.0059136,5.9136,497119.6204308469,4.971196204308469,510.72991527990337,425.0506197901421,1.0,1.0,False,0.0008512,0.005376,687.059845870079
8,H2,Large,W,5.4,54.0,266.0,0.0059584,5.9584,497115.99947111943,4.971159994711194,516.5107680346327,425.0503453294828,1.0,1.0,False,0.0008512,0.005376,687.059845870079
8,H2,Large,W,5.4,54.0,266.0,0.006003199999999999,6.0032,497112.3374997785,4.971123374997785,522.1124867476844,425.05006775858806,1.0,1.0,False,0.0008512,0.005376,687.059845870079
8,H2,Large,W,5.4,54.0,266.0,0.0060479999999999996,6.047999999999999,497108.63578595954,4.971086357859596,527.54071173713,425.0497871736014,1.0,1.0,False,0.0008512,0.005376,687.059845870079
8,H2,Large,W,5.4,54.0,266.0,0.0060928,6.0927999999999995,497104.8955588365,4.9710489555883655,532.8009003508133,425.0495036676388,1.0,1.0,False,0.0008512,0.005376,687.059845870079
8,H2,Large,W,5.4,54.0,266.0,0.0061376,6.1376,497101.11800891825,4.9710111800891825,537.8983332203085,425.0492173308873,1.0,1.0,False,0.0008512,0.005376,687.059845870079
8,H2,Large,W,5.4,54.0,266.0,0.006182399999999999,6.1823999999999995,497097.30428930104,4.970973042893011,542.838120282957,425.0489282506997,1.0,1.0,False,0.0008512,0.005376,687.059845870079
8,H2,Large,W,5.4,54.0,266.0,0.0062272,6.2272,497093.45551687846,4.9709345551687845,547.6252065816934,425.04863651168614,1.0,1.0,False,0.0008512,0.005376,687.059845870079
8,H2,Large,W,5.4,54.0,266.0,0.006272,6.272,497089.57277350966,4.970895727735097,552.2643778535688,425.0483421958031,1.0,1.0,False,0.0008512,0.005376,687.059845870079
8,H2,Large,W,5.4,54.0,266.0,0.0063168,6.3168,497085.65710714844,4.970856571071485,556.7602659065501,425.04804538243826,1.0,1.0,False,0.0008512,0.005376,687.059845870079
8,H2,Large,W,5.4,54.0,266.0,0.006361599999999999,6.361599999999999,497081.709532934,4.97081709532934,561.1173538078915,425.0477461484936,1.0,1.0,False,0.0008512,0.005376,687.059845870079
8,H2,Large,W,5.4,54.0,266.0,0.0064064,6.4064,497077.731034245,4.9707773103424495,565.3399808814081,425.04744456846527,1.0,1.0,False,0.0008512,0.005376,687.059845870079
8,H2,Large,W,5.4,54.0,266.0,0.0064512,6.4512,497073.72256371804,4.970737225637181,569.4323475240147,425.0471407145206,1.0,1.0,False,0.0008512,0.005376,687.059845870079
8,H2,Large,W,5.4,54.0,266.0,0.006496,6.496,497069.6850442321,4.970696850442321,573.3985198487709,425.04683465657257,1.0,1.0,False,0.0008512,0.005376,687.059845870079
8,H2,Large,W,5.4,54.0,266.0,0.006540799999999999,6.540799999999999,497065.6193698602,4.970656193698602,577.2424341613466,425.0465264623524,1.0,1.0,False,0.0008512,0.005376,687.059845870079
8,H2,Large,W,5.4,54.0,266.0,0.0065856,6.5855999999999995,497061.52640678885,4.970615264067889,580.9679012458721,425.04621619747854,1.0,1.0,False,0.0008512,0.005376,687.059845870079
8,H2,Large,W,5.4,54.0,266.0,0.0066304,6.6304,497057.4069942077,4.970574069942077,584.578610620666,425.04590392552444,1.0,1.0,False,0.0008512,0.005376,687.059845870079
8,H2,Large,W,5.4,54.0,266.0,0.0066752,6.6752,497053.2619451686,4.970532619451686,588.0781344595962,425.04558970808375,1.0,1.0,False,0.0008512,0.005376,687.059845870079
8,H2,Large,W,5.4,54.0,266.0,0.006719999999999999,6.72,497049.09204741707,4.9704909204741705,591.4699314970774,425.0452736048333,1.0,1.0,False,0.0008512,0.005376,687.059845870079
8,H2,Large,W,5.4,54.0,266.0,0.0067648,6.764799999999999,497044.89806419605,4.970448980641961,594.7573507651152,425.04495567359345,1.0,1.0,False,0.0008512,0.005376,687.059845870079
8,H2,Large,W,5.4,54.0,266.0,0.0068096,6.8096,497040.68073502305,4.970406807350231,597.9436351992956,425.0446359703876,1.0,1.0,False,0.0008512,0.005376,687.059845870079
8,H2,Large,W,5.4,54.0,266.0,0.0068544,6.8544,497036.44077644194,4.97036440776442,601.0319251187677,425.04431454949884,1.0,1.0,False,0.0008512,0.005376,687.059845870079
8,H2,Large,W,5.4,54.0,266.0,0.006899199999999999,6.8991999999999996,497032.17888274987,4.970321788827499,604.0252615850503,425.04399146352506,1.0,1.0,False,0.0008512,0.005376,687.059845870079
8,H2,Large,W,5.4,54.0,266.0,0.006944,6.944,497027.8957267005,4.970278957267005,606.9265896442828,425.0436667634323,1.0,1.0,False,0.0008512,0.005376,687.059845870079
8,H2,Large,W,5.4,54.0,266.0,0.0069888,6.9887999999999995,497023.5919601843,4.970235919601842,609.7387614573456,425.0433404986063,1.0,1.0,False,0.0008512,0.005376,687.059845870079
8,H2,Large,W,5.4,54.0,266.0,0.0070336,7.0336,497019.26821488637,4.970192682148864,612.4645393220857,425.04301271690207,1.0,1.0,False,0.0008512,0.005376,687.059845870079
8,H2,Large,W,5.4,54.0,266.0,0.0070783999999999994,7.078399999999999,497014.9251029235,4.970149251029235,615.1065985917033,425.04268346469246,1.0,1.0,False,0.0008512,0.005376,687.059845870079
8,H2,Large,W,5.4,54.0,266.0,0.0071232,7.1232,497010.5632174596,4.9701056321745956,617.6675304931869,425.0423527869146,1.0,1.0,False,0.0008512,0.005376,687.059845870079
8,H2,Large,W,5.4,54.0,266.0,0.007168,7.168,497006.1831333021,4.9700618313330205,620.1498448495175,425.04202072711513,1.0,1.0,False,0.0008512,0.005376,687.059845870079
8,H2,Large,W,5.4,54.0,266.0,0.007212799999999999,7.2128,497001.7854074783,4.970017854074783,622.5559727092128,425.0416873274939,1.0,1.0,False,0.0008512,0.005376,687.059845870079
8,H2,Large,W,5.4,54.0,266.0,0.0072575999999999995,7.257599999999999,496997.37057979364,4.969973705797936,624.8882688866277,425.0413526289462,1.0,1.0,False,0.0008512,0.005376,687.059845870079
8,H2,Large,W,5.4,54.0,266.0,0.0073024,7.3024,496992.9391733717,4.969929391733717,627.1490144162941,425.0410166711036,1.0,1.0,False,0.0008512,0.005376,687.059845870079
8,H2,Large,W,5.4,54.0,266.0,0.0073472,7.3472,496988.4916951768,4.969884916951768,629.3404189244427,425.04067949237384,1.0,1.0,False,0.0008512,0.005376,687.059845870079
8,H2,Large,W,5.4,54.0,266.0,0.007391999999999999,7.3919999999999995,496984.02863651986,4.969840286365199,631.4646229207226,425.0403411299786,1.0,1.0,False,0.0008512,0.005376,687.059845870079
8,H2,Large,W,5.4,54.0,266.0,0.0074367999999999995,7.4368,496979.550473548,4.9697955047354805,633.5237000130156,425.0400016199913,1.0,1.0,False,0.0008512,0.005376,687.059845870079
8,H2,Large,W,5.4,54.0,266.0,0.0074816,7.481599999999999,496975.0576677186,4.969750576677186,635.51965904812,425.0396609973722,1.0,1.0,False,0.0008512,0.005376,687.059845870079
8,H2,Large,W,5.4,54.0,266.0,0.0075264,7.5264,496970.550666258,4.96970550666258,637.4544461809721,425.0393192960039,1.0,1.0,False,0.0008512,0.005376,687.059845870079
8,H2,Large,W,5.4,54.0,266.0,0.007571199999999999,7.571199999999999,496966.0299026052,4.969660299026052,639.329946874964,425.03897654872435,1.0,1.0,False,0.0008512,0.005376,687.059845870079
8,H2,Large,W,5.4,54.0,266.0,0.0076159999999999995,7.616,496961.4957968426,4.969614957968426,641.1479878358168,425.03863278736003,1.0,1.0,False,0.0008512,0.005376,687.059845870079
8,H2,Large,W,5.4,54.0,266.0,0.0076608,7.6608,496956.94875611144,4.969569487561114,642.9103388813705,425.0382880427568,1.0,1.0,False,0.0008512,0.005376,687.059845870079
8,H2,Large,W,5.4,54.0,266.0,0.0077056,7.7056,496952.38917501515,4.969523891750152,644.6187147495584,425.03794234481103,1.0,1.0,False,0.0008512,0.005376,687.059845870079
8,H2,Large,W,5.4,54.0,266.0,0.007750399999999999,7.750399999999999,496947.81743600947,4.969478174360095,646.2747768467466,425.0375957224989,1.0,1.0,False,0.0008512,0.005376,687.059845870079
8,H2,Large,W,5.4,54.0,266.0,0.0077951999999999995,7.7951999999999995,496943.23390978016,4.969432339097802,647.8801349385344,425.03724820390465,1.0,1.0,False,0.0008512,0.005376,687.059845870079
8,H2,Large,W,5.4,54.0,266.0,0.00784,7.84,496938.63895560894,4.96938638955609,649.4363487850292,425.03689981624916,1.0,1.0,False,0.0008512,0.005376,687.059845870079
8,H2,Large,W,5.4,54.0,266.0,0.007884799999999999,7.884799999999999,496934.0329217275,4.9693403292172755,650.944929722533,425.0365505859159,1.0,1.0,False,0.0008512,0.005376,687.059845870079
8,H2,Large,W,5.4,54.0,266.0,0.0079296,7.9296,496929.41614566074,4.969294161456608,652.4073421935038,425.0362005384774,1.0,1.0,False,0.0008512,0.005376,687.059845870079
8,H2,Large,W,5.4,54.0,266.0,0.0079744,7.974399999999999,496924.7889545588,4.969247889545588,653.8250052265842,425.0358496987202,1.0,1.0,False,0.0008512,0.005376,687.059845870079
8,H2,Large,W,5.4,54.0,266.0,0.008019199999999999,8.0192,496920.15166551864,4.969201516655186,655.1992938684185,425.0354980906695,1.0,1.0,False,0.0008512,0.005376,687.059845870079
8,H2,Large,W,5.4,54.0,266.0,0.008064,8.064,496915.5045858959,4.969155045858959,656.5315405689224,425.0351457376124,1.0,1.0,False,0.0008512,0.005376,687.059845870079
8,H2,Large,W,5.4,54.0,266.0,0.0081088,8.108799999999999,496910.84801360645,4.9691084801360645,657.823036521597,425.03479266212094,1.0,1.0,False,0.0008512,0.005376,687.059845870079
8,H2,Large,W,5.4,54.0,266.0,0.0081536,8.1536,496906.1822374185,4.969061822374185,659.0750329604278,425.03443888607427,1.0,1.0,False,0.0008512,0.005376,687.059845870079
8,H2,Large,W,5.4,54.0,266.0,0.0081984,8.1984,496901.50753723586,4.969015075372359,660.2887424148477,425.03408443068,1.0,1.0,False,0.0008512,0.005376,687.059845870079
8,H2,Large,W,5.4,54.0,266.0,0.0082432,8.2432,496896.8241843721,4.968968241843721,661.4653399241884,425.0337293164949,1.0,1.0,False,0.0008512,0.005376,687.059845870079
8,H2,Large,W,5.4,54.0,266.0,0.008288,8.288,496892.132441816,4.96892132441816,662.6059642129954,425.03337356344525,1.0,1.0,False,0.0008512,0.005376,687.059845870079
8,H2,Large,W,5.4,54.0,266.0,0.0083328,8.332799999999999,496887.4325644888,4.9688743256448875,663.7117188285275,425.0330171908462,1.0,1.0,False,0.0008512,0.005376,687.059845870079
8,H2,Large,W,5.4,54.0,266.0,0.008377599999999999,8.3776,496882.7247994934,4.968827247994934,664.7836732417142,425.03266021742036,1.0,1.0,False,0.0008512,0.005376,687.059845870079
8,H2,Large,W,5.4,54.0,266.0,0.0084224,8.4224,496878.0093863558,4.9687800938635585,665.8228639128021,425.0323026613167,1.0,1.0,False,0.0008512,0.005376,687.059845870079
8,H2,Large,W,5.4,54.0,266.0,0.0084672,8.4672,496873.2865572589,4.968732865572589,666.8302953228708,425.03194454012765,1.0,1.0,False,0.0008512,0.005376,687.059845870079
8,H2,Large,W,5.4,54.0,266.0,0.008512,8.512,496868.5565372689,4.968685565372689,667.8069409723613,425.03158587090667,1.0,1.0,False,0.0008512,0.005376,687.059845870079
8,H2,Large,W,5.4,54.0,266.0,0.0085568,8.556799999999999,496863.819544555,4.96863819544555,668.753744347715,425.0312266701848,1.0,1.0,False,0.0008512,0.005376,687.059845870079
8,H2,Large,W,5.4,54.0,266.0,0.0086016,8.6016,496859.0757906016,4.968590757906016,669.6716198571862,425.0308669539864,1.0,1.0,False,0.0008512,0.005376,687.059845870079
8,H2,Large,W,5.4,54.0,266.0,0.0086464,8.6464,496854.3254804149,4.968543254804149,670.561453736849,425.0305067378452,1.0,1.0,False,0.0008512,0.005376,687.059845870079
8,H2,Large,W,5.4,54.0,266.0,0.0086912,8.6912,496849.5688127218,4.968495688127218,671.4241049277861,425.03014603681936,1.0,1.0,False,0.0008512,0.005376,687.059845870079
8,H2,Large,W,5.4,54.0,266.0,0.008735999999999999,8.735999999999999,496844.80598016374,4.968448059801638,672.2604059254118,425.02978486550586,1.0,1.0,False,0.0008512,0.005376,687.059845870079
8,H2,Large,W,5.4,54.0,266.0,0.0087808,8.7808,496840.0371694837,4.9684003716948375,673.071163601846,425.02942323805485,1.0,1.0,False,0.0008512,0.005376,687.059845870079
8,H2,Large,W,5.4,54.0,266.0,0.0088256,8.8256,496835.26256170793,4.968352625617079,673.8571600022273,425.0290611681834,1.0,1.0,False,0.0008512,0.005376,687.059845870079
8,H2,Large,W,5.4,54.0,266.0,0.008870399999999999,8.870399999999998,496830.48233232164,4.9683048233232165,674.6191531158178,425.0286986691888,1.0,1.0,False,0.0008512,0.005376,687.059845870079
8,H2,Large,W,5.4,54.0,266.0,0.0089152,8.9152,496825.6966514396,4.968256966514396,675.3578776227273,425.02833575396164,1.0,1.0,False,0.0008512,0.005376,687.059845870079
8,H2,Large,W,5.4,54.0,266.0,0.00896,8.959999999999999,496820.90568397107,4.968209056839711,676.0740456170528,425.0279724349979,1.0,1.0,False,0.0008512,0.005376,687.059845870079
9,H2,Large,B,5.4,54.0,266.0,0.0,0.0,500000.0,5.0,293.0,425.268435036257,0.0,0.0,False,0.0008512,0.005376,687.059845870079
9,H2,Large,B,5.4,54.0,266.0,4.48e-05,0.0448,499999.8586039718,4.999998586039718,301.30775924061675,425.2684243688111,0.0,0.0,False,0.0008512,0.005376,687.059845870079
9,H2,Large,B,5.4,54.0,266.0,8.96e-05,0.0896,499999.71720794355,4.999997172079436,309.4416264026508,425.2684137013629,0.0,0.0,False,0.0008512,0.005376,687.059845870079
9,H2,Large,B,5.4,54.0,266.0,0.0001344,0.1344,499999.57581191533,4.999995758119153,317.40542158052733,425.26840303391214,0.0,0.0,False,0.0008512,0.005376,687.059845870079
9,H2,Large,B,5.4,54.0,266.0,0.0001792,0.1792,499999.4344158871,4.999994344158871,325.2028444503443,425.26839236645884,0.0,0.0,False,0.0008512,0.005376,687.059845870079
9,H2,Large,B,5.4,54.0,266.0,0.000224,0.224,499999.2930198589,4.999992930198589,332.83750889990114,425.2683816990032,0.0,0.0,False,0.0008512,0.005376,687.059845870079
9,H2,Large,B,5.4,54.0,266.0,0.0002688,0.2688,499999.15162383066,4.999991516238307,340.3129451727549,425.2683710315451,0.0,0.0,False,0.0008512,0.005376,687.059845870079
9,H2,Large,B,5.4,54.0,266.0,0.0003136,0.3136,499999.01022780244,4.999990102278025,347.63260195972697,425.2683603640846,0.0,0.0,False,0.0008512,0.005376,687.059845870079
9,H2,Large,B,5.4,54.0,266.0,0.0003584,0.3584,499998.8688317742,4.9999886883177425,354.7998484373537,425.2683496966216,0.0,0.0,False,0.0008512,0.005376,687.059845870079
9,H2,Large,B,5.4,54.0,266.0,0.0004032,0.4032,499998.727435746,4.99998727435746,361.81797625441436,425.26833902915615,0.0,0.0,False,0.0008512,0.005376,687.059845870079
9,H2,Large,B,5.4,54.0,266.0,0.000448,0.448,499998.5860397178,4.999985860397178,368.69020146728246,425.26832836168825,0.0,0.0,False,0.0008512,0.005376,687.059845870079
9,H2,Large,B,5.4,54.0,266.0,0.0004927999999999999,0.49279999999999996,499998.44464368955,4.999984446436896,375.41966642494907,425.26831769421796,0.0,0.0,False,0.0008512,0.005376,687.059845870079
9,H2,Large,B,5.4,54.0,266.0,0.0005376,0.5376,499998.30324766133,4.999983032476614,382.009441604647,425.2683070267452,0.0,0.0,False,0.0008512,0.005376,687.059845870079
9,H2,Large,B,5.4,54.0,266.0,0.0005824,0.5823999999999999,499998.1618516331,4.9999816185163315,388.46252739906475,425.26829635927004,0.0,0.0,False,0.0008512,0.005376,687.059845870079
9,H2,Large,B,5.4,54.0,266.0,0.0006272,0.6272,499998.0204556049,4.999980204556048,394.7818558561852,425.26828569179236,0.0,0.0,False,0.0008512,0.005376,687.059845870079
9,H2,Large,B,5.4,54.0,266.0,0.000672,0.6719999999999999,499997.87905957666,4.999978790595766,400.97029237281544,425.2682750243123,0.0,0.0,False,0.0008512,0.005376,687.059845870079
9,H2,Large,B,5.4,54.0,266.0,0.0007168,0.7168,499997.73766354844,4.999977376635484,407.03063734289606,425.2682643568297,0.0,0.0,False,0.0008512,0.005376,687.059845870079
9,H2,Large,B,5.4,54.0,266.0,0.0007616,0.7615999999999999,499997.5962675202,4.999975962675202,412.965627732283,425.2682536893448,0.0,0.0,False,0.0008512,0.005376,687.059845870079
9,H2,Large,B,5.4,54.0,266.0,0.0008064,0.8064,499997.454871492,4.99997454871492,418.77793872875844,425.2682430218574,0.0,0.0,False,0.0008512,0.005376,687.059845870079
9,H2,Large,B,5.4,54.0,266.0,0.0008512,0.8512,499997.3134754638,4.9999731347546374,424.47018517183653,425.2682323543675,0.0,0.0,False,0.0008512,0.005376,687.059845870079
9,H2,Large,B,5.4,54.0,266.0,0.000896,0.896,499997.17207943555,4.999971720794355,425.2682323543675,425.2682216868752,0.00892269739487776,0.77197514114495,True,0.0008512,0.005376,687.059845870079
9,H2,Large,B,5.4,54.0,266.0,0.0009408,0.9408,499996.508877689,4.99996508877689,425.2682216868752,425.26817165220154,0.019273065508112995,0.880808277731103,True,0.0008512,0.005376,687.059845870079
9,H2,Large,B,5.4,54.0,266.0,0.0009855999999999999,0.9855999999999999,499995.15101234545,4.999951510123455,425.26817165220154,425.2680692090749,0.02963295633462698,0.9198938855354896,True,0.0008512,0.005376,687.059845870079
9,H2,Large,B,5.4,54.0,266.0,0.0010304,1.0304,499993.0081199701,4.999930081199701,425.2680692090749,425.2679075397175,0.04000131789540752,0.940007954723916,True,0.0008512,0.005376,687.059845870079
9,H2,Large,B,5.4,54.0,266.0,0.0010752,1.0752,499989.99626463593,4.999899962646359,425.2679075397175,425.2676803109707,0.05037721798792436,0.9522647962678941,True,0.0008512,0.005376,687.059845870079
9,H2,Large,B,5.4,54.0,266.0,0.00112,1.1199999999999999,499986.03785077116,4.999860378507711,425.2676803109707,425.2673816676433,0.0607598254440382,0.9605155349136985,True,0.0008512,0.005376,687.059845870079
9,H2,Large,B,5.4,54.0,266.0,0.0011648,1.1647999999999998,499981.06152651826,4.999810615265183,425.2673816676433,425.2670062251462,0.07114839482576932,0.9664480076806317,True,0.0008512,0.005376,687.059845870079
9,H2,Large,B,5.4,54.0,266.0,0.0012096,1.2096,499975.0020792323,4.999750020792323,425.2670062251462,425.26654906153794,0.08154225382609774,0.9709186889955722,True,0.0008512,0.005376,687.059845870079
9,H2,Large,B,5.4,54.0,266.0,0.0012544,1.2544,499967.8003244252,4.999678003244252,425.26654906153794,425.26600570908096,0.0919407928174093,0.9744084370097392,True,0.0008512,0.005376,687.059845870079
9,H2,Large,B,5.4,54.0,266.0,0.0012992,1.2992,499959.40298921434,4.999594029892143,425.26600570908096,425.26537214538973,0.10234345611901417,0.9772080588549826,True,0.0008512,0.005376,687.059845870079
9,H2,Large,B,5.4,54.0,266.0,0.001344,1.3439999999999999,499949.76259113906,4.999497625911391,425.26537214538973,425.264644784238,0.11274973465110297,0.9795037588740266,True,0.0008512,0.005376,687.059845870079
9,H2,Large,B,5.4,54.0,266.0,0.0013888,1.3888,499938.83731305524,4.999388373130552,425.264644784238,425.2638204660778,0.12315915971469257,0.9814202888444673,True,0.0008512,0.005376,687.059845870079
9,H2,Large,B,5.4,54.0,266.0,0.0014336,1.4336,499926.59087469545,4.999265908746954,425.2638204660778,425.2628964483176,0.13357129769194778,0.983044366172197,True,0.0008512,0.005376,687.059845870079
9,H2,Large,B,5.4,54.0,266.0,0.0014784,1.4784,499912.9924013841,4.999129924013841,425.2628964483176,425.2618703953955,0.14398574550328905,0.9844381416003763,True,0.0008512,0.005376,687.059845870079
9,H2,Large,B,5.4,54.0,266.0,0.0015232,1.5231999999999999,499898.0162903163,4.998980162903163,425.2618703953955,425.2607403686784,0.1544021266901721,0.9856473228699039,True,0.0008512,0.005376,687.059845870079
9,H2,Large,B,5.4,54.0,266.0,0.001568,1.568,499881.6420747454,4.9988164207474535,425.2607403686784,425.2595048162159,0.16482008801771686,0.9867062748230492,True,0.0008512,0.005376,687.059845870079
9,H2,Large,B,5.4,54.0,266.0,0.0016128,1.6128,499863.85428636894,4.99863854286369,425.2595048162159,425.25816256236726,0.17523929651120473,0.9876413321567551,True,0.0008512,0.005376,687.059845870079
9,H2,Large,B,5.4,54.0,266.0,0.0016576,1.6576,499844.6423161603,4.998446423161603,425.25816256236726,425.25671279732273,0.1856594368561341,0.9884730152722218,True,0.0008512,0.005376,687.059845870079
9,H2,Large,B,5.4,54.0,266.0,0.0017024,1.7024,499824.0002738544,4.9982400027385445,425.25671279732273,425.255155066534,0.19608020910398088,0.9892175507907306,True,0.0008512,0.005376,687.059845870079
9,H2,Large,B,5.4,54.0,266.0,0.0017472,1.7471999999999999,499801.92684626684,4.998019268462668,425.255155066534,425.25348926006654,0.20650132663577092,0.9898879386424391,True,0.0008512,0.005376,687.059845870079
9,H2,Large,B,5.4,54.0,266.0,0.001792,1.792,499778.4251545989,4.997784251545989,425.25348926006654,425.25171560188596,0.21692251434357757,0.9904947160071019,True,0.0008512,0.005376,687.059845870079
9,H2,Large,B,5.4,54.0,266.0,0.0018368,1.8368,499753.50261085917,4.997535026108592,425.25171560188596,425.2498346390857,0.2273435069965284,0.9910465140371869,True,0.0008512,0.005376,687.059845870079
9,H2,Large,B,5.4,54.0,266.0,0.0018816,1.8816,499727.1707735144,4.997271707735144,425.2498346390857,425.2478472310669,0.23776404776315543,0.9915504701009832,True,0.0008512,0.005376,687.059845870079
9,H2,Large,B,5.4,54.0,266.0,0.0019264,1.9264,499699.44520246534,4.996994452024653,425.2478472310669,425.24575453867453,0.24818388686620302,0.9920125374754175,True,0.0008512,0.005376,687.059845870079
9,H2,Large,B,5.4,54.0,266.0,0.0019711999999999998,1.9711999999999998,499670.3453134319,4.9967034531343195,425.24575453867453,425.2435580132968,0.25860278034950623,0.9924377210652183,True,0.0008512,0.005376,687.059845870079
9,H2,Large,B,5.4,54.0,266.0,0.002016,2.016,499639.894231818,4.99639894231818,425.2435580132968,425.2412593859313,0.26902048893942276,0.9928302589728367,True,0.0008512,0.005376,687.059845870079
9,H2,Large,B,5.4,54.0,266.0,0.0020608,2.0608,499608.11864611896,4.99608118646119,425.2412593859313,425.23886065622287,0.27943677698565833,0.9931937638957333,True,0.0008512,0.005376,687.059845870079
9,H2,Large,B,5.4,54.0,266.0,0.0021056,2.1056,499575.04866092495,4.99575048660925,425.23886065622287,425.23636408147576,0.2898514114682646,0.9935313343514172,True,0.0008512,0.005376,687.059845870079
9,H2,Large,B,5.4,54.0,266.0,0.0021504,2.1504,499540.7176495663,4.995407176495663,425.23636408147576,425.23377216564273,0.30026416105918297,0.993845642983285,True,0.0008512,0.005376,687.059845870079
9,H2,Large,B,5.4,54.0,266.0,0.0021952,2.1952,499505.16210644186,4.995051621064419,425.23377216564273,425.2310876482933,0.31067479522801594,0.9941390072738876,True,0.0008512,0.005376,687.059845870079
9,H2,Large,B,5.4,54.0,266.0,0.00224,2.2399999999999998,499468.421499065,4.99468421499065,425.2310876482933,425.2283134935626,0.32108308338277747,0.9944134466229286,True,0.0008512,0.005376,687.059845870079
9,H2,Large,B,5.4,54.0,266.0,0.0022848,2.2848,499430.53811985906,4.994305381198591,425.2283134935626,425.22545287908287,0.33148879403724074,0.9946707287616667,True,0.0008512,0.005376,687.059845870079
9,H2,Large,B,5.4,54.0,266.0,0.0023296,2.3295999999999997,499391.55693772854,4.993915569377285,425.22545287908287,425.2225091848976,0.3418916939971999,0.9949124077575969,True,0.0008512,0.005376,687.059845870079
9,H2,Large,B,5.4,54.0,266.0,0.0023744,2.3744,499351.52544943144,4.993515254494314,425.2225091848976,425.21948598236105,0.352291547558509,0.9951398553348069,True,0.0008512,0.005376,687.059845870079
9,H2,Large,B,5.4,54.0,266.0,0.0024192,2.4192,499310.4935307739,4.9931049353077395,425.21948598236105,425.21638702302135,0.36268811571018345,0.9953542868423833,True,0.0008512,0.005376,687.059845870079
9,H2,Large,B,5.4,54.0,266.0,0.002464,2.464,499268.5132876477,4.992685132876477,425.21638702302135,425.21321622749025,0.3730811553361524,0.9955567829081141,True,0.0008512,0.005376,687.059845870079
9,H2,Large,B,5.4,54.0,266.0,0.0025088,2.5088,499225.6389069288,4.992256389069288,425.21321622749025,425.2099776742982,0.3834704184094565,0.9957483075912004,True,0.0008512,0.005376,687.059845870079
9,H2,Large,B,5.4,54.0,266.0,0.0025536,2.5536,499181.9265072553,4.991819265072553,425.2099776742982,425.2066755887366,0.3938556511727927,0.9959297236768977,True,0.0008512,0.005376,687.059845870079
9,H2,Large,B,5.4,54.0,266.0,0.0025984,2.5984,499137.4339897002,4.9913743398970025,425.2066755887366,425.2033143316865,0.40423659329932876,0.9961018056245361,True,0.0008512,0.005376,687.059845870079
9,H2,Large,B,5.4,54.0,266.0,0.0026432,2.6432,499092.22088835755,4.990922208883576,425.2033143316865,425.19989838843503,0.4146129770276489,0.9962652505783668,True,0.0008512,0.005376,687.059845870079
9,H2,Large,B,5.4,54.0,266.0,0.002688,2.6879999999999997,499046.34822085703,4.99046348220857,425.19989838843503,425.1964323574801,0.42498452626454475,0.9964206877710223,True,0.0008512,0.005376,687.059845870079
9,H2,Large,B,5.4,54.0,266.0,0.0027328,2.7328,498999.8783388249,4.989998783388249,425.1964323574801,425.192920939323,0.43535095564914117,0.9965686865867389,True,0.0008512,0.005376,687.059845870079
9,H2,Large,B,5.4,54.0,266.0,0.0027776,2.7776,498952.8747783087,4.989528747783087,425.192920939323,425.1893689252511,0.4457119695715342,0.9967097635019033,True,0.0008512,0.005376,687.059845870079
9,H2,Large,B,5.4,54.0,266.0,0.0028224,2.8224,498905.4021101842,4.989054021101842,425.1893689252511,425.1857811861093,0.45606726113872337,0.996844388081053,True,0.0008512,0.005376,687.059845870079
9,H2,Large,B,5.4,54.0,266.0,0.0028672,2.8672,498857.52579056524,4.988575257905652,425.1857811861093,425.18216266106504,0.46641651108013227,0.996972988174847,True,0.0008512,0.005376,687.059845870079
9,H2,Large,B,5.4,54.0,266.0,0.0029119999999999997,2.9119999999999995,498809.3120112366,4.988093120112366,425.18216266106504,425.17851834636247,0.4767593865844243,0.9970959544411304,True,0.0008512,0.005376,687.059845870079
9,H2,Large,B,5.4,54.0,266.0,0.0029568,2.9568,498760.82755013433,4.987608275501343,425.17851834636247,425.17485328407264,0.48709554005862965,0.9972136442896128,True,0.0008512,0.005376,687.059845870079
9,H2,Large,B,5.4,54.0,266.0,0.0030015999999999997,3.0016,498712.1396218978,4.987121396218978,425.17485328407264,425.1711725508376,0.4974246077997889,0.9973263853339949,True,0.0008512,0.005376,687.059845870079
9,H2,Large,B,5.4,54.0,266.0,0.0030464,3.0463999999999998,498663.3157285221,4.986633157285221,425.1711725508376,425.16748124661177,0.5077462085683809,0.9974344784216979,True,0.0008512,0.005376,687.059845870079
9,H2,Large,B,5.4,54.0,266.0,0.0030911999999999997,3.0911999999999997,498614.42351014016,4.986144235101402,425.16748124661177,425.16378448340276,0.5180599420517183,0.9975382003001506,True,0.0008512,0.005376,687.059845870079
9,H2,Large,B,5.4,54.0,266.0,0.003136,3.136,498565.53059596865,4.985655305959686,425.16378448340276,425.16008737401273,0.5283653872042477,0.9976378059693579,True,0.0008512,0.005376,687.059845870079
9,H2,Large,B,5.4,54.0,266.0,0.0031807999999999997,3.1807999999999996,498516.7044554536,4.985167044554536,425.16008737401273,425.15639502078517,0.5386621004502611,0.9977335307628344,True,0.0008512,0.005376,687.059845870079
9,H2,Large,B,5.4,54.0,266.0,0.0032256,3.2256,498468.01224965666,4.984680122496567,425.15639502078517,425.1527125043577,0.5489496137328856,0.9978255921926387,True,0.0008512,0.005376,687.059845870079
9,H2,Large,B,5.4,54.0,266.0,0.0032703999999999997,3.2703999999999995,498419.520682926,4.98419520682926,425.1527125043577,425.1490448724261,0.5592274323913413,0.99791419158895,True,0.0008512,0.005376,687.059845870079
9,H2,Large,B,5.4,54.0,266.0,0.0033152,3.3152,498371.2958549012,4.983712958549012,425.1490448724261,425.14539712852326,0.5694950328463044,0.9979995155602133,True,0.0008512,0.005376,687.059845870079
9,H2,Large,B,5.4,54.0,266.0,0.0033599999999999997,3.36,498323.4031129053,4.983234031129053,425.14539712852326,425.14177422081576,0.5797518600707543,0.9980817372961357,True,0.0008512,0.005376,687.059845870079
9,H2,Large,B,5.4,54.0,266.0,0.0034048,3.4048,498275.9069047841,4.982759069047841,425.14177422081576,425.1381810309255,0.5899973248208557,0.9981610177327118,True,0.0008512,0.005376,687.059845870079
9,H2,Large,B,5.4,54.0,266.0,0.0034495999999999997,3.4495999999999998,498228.87063225795,4.98228870632258,425.1381810309255,425.1346223627789,0.6002308005981943,0.9982375065957737,True,0.0008512,0.005376,687.059845870079
9,H2,Large,B,5.4,54.0,266.0,0.0034944,3.4943999999999997,498182.35650485824,4.9818235650485825,425.1346223627789,425.13110293149174,0.6104516203109689,0.9983113433373386,True,0.0008512,0.005376,687.059845870079
9,H2,Large,B,5.4,54.0,266.0,0.0035391999999999997,3.5391999999999997,498136.4253945286,4.981364253945286,425.13110293149174,425.12762735229495,0.6206590725974711,0.998382657977095,True,0.0008512,0.005376,687.059845870079
9,H2,Large,B,5.4,54.0,266.0,0.003584,3.584,498091.1366909787,4.980911366909787,425.12762735229495,425.1242001295095,0.6308523978223906,0.9984515718600853,True,0.0008512,0.005376,687.059845870079
9,H2,Large,B,5.4,54.0,266.0,0.0036287999999999997,3.6287999999999996,498046.54815789225,4.980465481578922,425.1242001295095,425.12082564557664,0.6410307834378746,0.9985181983381444,True,0.0008512,0.005376,687.059845870079
9,H2,Large,B,5.4,54.0,266.0,0.0036736,3.6736,498002.71579008247,4.980027157900825,425.12082564557664,425.1175081501547,0.6511933591778271,0.9985826433867521,True,0.0008512,0.005376,687.059845870079
9,H2,Large,B,5.4,54.0,266.0,0.0037183999999999997,3.7184,497959.69367173593,4.97959693671736,425.1175081501547,425.11425174928996,0.6613391915013997,0.9986450061607625,True,0.0008512,0.005376,687.059845870079
9,H2,Large,B,5.4,54.0,266.0,0.0037632,3.7632,497917.5338358643,4.979175338358643,425.11425174928996,425.11106039467444,0.6714672774773461,0.9987053794970051,True,0.0008512,0.005376,687.059845870079
9,H2,Large,B,5.4,54.0,266.0,0.0038079999999999998,3.808,497876.28612511506,4.978762861251151,425.11106039467444,425.10793787300054,0.6815765379768142,0.9987638503687715,True,0.0008512,0.005376,687.059845870079
9,H2,Large,B,5.4,54.0,266.0,0.0038528,3.8528,497835.99805410655,4.978359980541065,425.10793787300054,425.1048877954281,0.6916658100828685,0.9988205002968854,True,0.0008512,0.005376,687.059845870079
9,H2,Large,B,5.4,54.0,266.0,0.0038975999999999998,3.8975999999999997,497796.71467347105,4.97796714673471,425.1048877954281,425.10191358717657,0.7017338386115004,0.9988754057214657,True,0.0008512,0.005376,687.059845870079
9,H2,Large,B,5.4,54.0,266.0,0.0039423999999999996,3.9423999999999997,497758.47843581263,4.977584784358126,425.10191358717657,425.0990184772599,0.7117792666231744,0.9989286383379443,True,0.0008512,0.005376,687.059845870079
9,H2,Large,B,5.4,54.0,266.0,0.0039872,3.9871999999999996,497721.3290638106,4.9772132906381055,425.0990184772599,425.09620548838296,0.721800624785703,0.9989802654004504,True,0.0008512,0.005376,687.059845870079
9,H2,Large,B,5.4,54.0,266.0,0.004032,4.032,497685.30342072883,4.976853034207288,425.09620548838296,425.09347742701846,0.7317963194280116,0.9990303499952372,True,0.0008512,0.005376,687.059845870079
9,H2,Large,B,5.4,54.0,266.0,0.0040768,4.0768,497650.4353836243,4.976504353836243,425.09347742701846,425.09083687368957,0.7417646190996546,0.999078951286457,True,0.0008512,0.005376,687.059845870079
9,H2,Large,B,5.4,54.0,266.0,0.0041216,4.1216,497616.7557195853,4.976167557195853,425.09083687368957,425.0882861734823,0.7517036394222041,0.9991261247362326,True,0.0008512,0.005376,687.059845870079
9,H2,Large,B,5.4,54.0,266.0,0.0041664,4.166399999999999,497584.2919653755,4.975842919653755,425.0882861734823,425.0858274268187,0.7616113259851914,0.9991719223006673,True,0.0008512,0.005376,687.059845870079
9,H2,Large,B,5.4,54.0,266.0,0.0042112,4.2112,497553.06831090874,4.9755306831090875,425.0858274268187,425.0834624805228,0.771485435000395,0.9992163926031161,True,0.0008512,0.005376,687.059845870079
9,H2,Large,B,5.4,54.0,266.0,0.004256,4.256,497523.1054870406,4.975231054870406,425.0834624805228,425.081192919217,0.7813235113830999,0.9992595810857722,True,0.0008512,0.005376,687.059845870079
9,H2,Large,B,5.4,54.0,266.0,0.0043008,4.3008,497494.4206582289,4.974944206582289,425.081192919217,425.0790200570924,0.7911228638765834,0.9993015301403343,True,0.0008512,0.005376,687.059845870079
9,H2,Large,B,5.4,54.0,266.0,0.0043456,4.3456,497467.0273206977,4.974670273206978,425.0790200570924,425.07694493010143,0.8008805367755182,0.9993422792182493,True,0.0008512,0.005376,687.059845870079
9,H2,Large,B,5.4,54.0,266.0,0.0043904,4.3904,497440.93520682905,4.974409352068291,425.07694493010143,425.074968288628,0.8105932777342181,0.9993818649207588,True,0.0008512,0.005376,687.059845870079
9,H2,Large,B,5.4,54.0,266.0,0.004435199999999999,4.435199999999999,497416.1501966172,4.974161501966171,425.074968288628,425.07309059070013,0.8202575010657107,0.999420321068689,True,0.0008512,0.005376,687.059845870079
9,H2,Large,B,5.4,54.0,266.0,0.00448,4.4799999999999995,497392.656814487,4.97392656814487,425.07309059070013,425.07131067580974,0.8298692458466943,0.9994576787516519,True,0.0008512,0.005376,687.059845870079
9,H2,Large,B,5.4,54.0,266.0,0.0045248,4.5248,497370.41186891653,4.973704118689166,425.07131067580974,425.06962528270617,0.839424128087846,0.999493966372339,True,0.0008512,0.005376,687.059845870079
9,H2,Large,B,5.4,54.0,266.0,0.0045696,4.5696,497349.41139920405,4.97349411399204,425.06962528270617,425.0680341215635,0.8489172860389681,0.9995292096523527,True,0.0008512,0.005376,687.059845870079
9,H2,Large,B,5.4,54.0,266.0,0.004614399999999999,4.6144,497329.6475668681,4.973296475668681,425.0680341215635,425.0665366081162,0.8583561673872906,0.9995634776704044,True,0.0008512,0.005376,687.059845870079
9,H2,Large,B,5.4,54.0,266.0,0.0046592,4.659199999999999,497311.1102827787,4.973111102827787,425.0665366081162,425.06513198691493,0.8677384739890012,0.9995968007163131,True,0.0008512,0.005376,687.059845870079
9,H2,Large,B,5.4,54.0,266.0,0.004704,4.704,497293.78596023493,4.972937859602349,425.06513198691493,425.06381923682704,0.8770601161061695,0.9996292016124003,True,0.0008512,0.005376,687.059845870079
9,H2,Large,B,5.4,54.0,266.0,0.0047488,4.7488,497277.6573199794,4.972776573199794,425.06381923682704,425.06259705624143,0.8863166372749581,0.9996607012129259,True,0.0008512,0.005376,687.059845870079
9,H2,Large,B,5.4,54.0,266.0,0.004793599999999999,4.7936,497262.7034004891,4.9726270340048915,425.06259705624143,425.0614638638343,0.8955031766256621,0.9996913184166298,True,0.0008512,0.005376,687.059845870079
9,H2,Large,B,5.4,54.0,266.0,0.0048384,4.8384,497248.8995850159,4.972488995850159,425.0614638638343,425.0604178006121,0.9046144268215047,0.9997210701660553,True,0.0008512,0.005376,687.059845870079
9,H2,Large,B,5.4,54.0,266.0,0.0048832,4.8831999999999995,497236.2176472132,4.972362176472132,425.0604178006121,425.05945673337067,0.9136445868145748,0.999749971432345,True,0.0008512,0.005376,687.059845870079
9,H2,Large,B,5.4,54.0,266.0,0.004928,4.928,497224.625817331,4.9722462581733105,425.05945673337067,425.05857825972015,0.9225873082539903,0.9997780351830484,True,0.0008512,0.005376,687.059845870079
9,H2,Large,B,5.4,54.0,266.0,0.0049727999999999994,4.972799999999999,497214.08887108206,4.972140888710821,425.05857825972015,425.05777971483576,0.9314356337583812,0.9998052723288385,True,0.0008512,0.005376,687.059845870079
9,H2,Large,B,5.4,54.0,266.0,0.0050176,5.0176,497204.5682433632,4.972045682433632,425.05777971483576,425.0570581800976,0.9401819241760878,0.9998316916422316,True,0.0008512,0.005376,687.059845870079
9,H2,Large,B,5.4,54.0,266.0,0.0050624,5.0624,497196.0221690215,4.971960221690215,425.0570581800976,425.05641049378676,0.9488177700185721,0.9998572996365138,True,0.0008512,0.005376,687.059845870079
9,H2,Large,B,5.4,54.0,266.0,0.0051072,5.1072,497188.40620823513,4.971884062082351,425.05641049378676,425.05583329093565,0.9573365059196842,0.9998821079666499,True,0.0008512,0.005376,687.059845870079
9,H2,Large,B,5.4,54.0,266.0,0.0051519999999999995,5.151999999999999,497181.6763507259,4.971816763507259,425.05583329093565,425.05532323863395,0.9657521938041668,0.9999061867660748,True,0.0008512,0.005376,687.059845870079
9,H2,Large,B,5.4,54.0,266.0,0.0051968,5.1968,497175.77329845197,4.9717577329845195,425.05532323863395,425.0548758448556,0.9740570558213716,0.9999295409628778,True,0.0008512,0.005376,687.059845870079
9,H2,Large,B,5.4,54.0,266.0,0.0052416,5.2416,497170.6520786959,4.971706520786959,425.0548758448556,425.0544877028703,0.9822421230244294,0.9999521723042923,True,0.0008512,0.005376,687.059845870079
9,H2,Large,B,5.4,54.0,266.0,0.0052864,5.2864,497166.2520433014,4.971662520433014,425.0544877028703,425.05415421752906,0.9902929350986335,0.9999740679616952,True,0.0008512,0.005376,687.059845870079
9,H2,Large,B,5.4,54.0,266.0,0.0053311999999999995,5.331199999999999,497162.4968517154,4.971624968517154,425.05415421752906,425.05386960398545,0.9981731185158038,0.9999951580247771,True,0.0008512,0.005376,687.059845870079
9,H2,Large,B,5.4,54.0,266.0,0.005376,5.3759999999999994,497159.35025731305,4.97159350257313,425.05386960398545,425.05363111590907,1.0,1.0,False,0.0008512,0.005376,687.059845870079
9,H2,Large,B,5.4,54.0,266.0,0.0054208,5.4208,497156.3369622183,4.971563369622182,433.5005598736787,425.0534027297671,1.0,1.0,False,0.0008512,0.005376,687.059845870079
9,H2,Large,B,5.4,54.0,266.0,0.0054656,5.4656,497153.2637681565,4.971532637681565,441.68351992786336,425.05316980255844,1.0,1.0,False,0.0008512,0.005376,687.059845870079
9,H2,Large,B,5.4,54.0,266.0,0.0055103999999999995,5.5104,497150.13254368526,4.9715013254368525,449.61117311643414,425.0529324758401,1.0,1.0,False,0.0008512,0.005376,687.059845870079
9,H2,Large,B,5.4,54.0,266.0,0.0055552,5.5552,497146.94509767176,4.971469450976717,457.2916625307421,425.0526908866463,1.0,1.0,False,0.0008512,0.005376,687.059845870079
9,H2,Large,B,5.4,54.0,266.0,0.0056,5.6,497143.70318127994,4.971437031812799,464.7328609695847,425.05244516763946,1.0,1.0,False,0.0008512,0.005376,687.059845870079
9,H2,Large,B,5.4,54.0,266.0,0.0056448,5.6448,497140.40848988696,4.97140408489887,471.94238051780536,425.0521954472551,1.0,1.0,False,0.0008512,0.005376,687.059845870079
9,H2,Large,B,5.4,54.0,266.0,0.0056895999999999995,5.6895999999999995,497137.06266493147,4.971370626649315,478.9275817537488,425.05194184984225,1.0,1.0,False,0.0008512,0.005376,687.059845870079
9,H2,Large,B,5.4,54.0,266.0,0.0057344,5.7344,497133.6672956967,4.971336672956967,485.6955826011752,425.05168449579867,1.0,1.0,False,0.0008512,0.005376,687.059845870079
9,H2,Large,B,5.4,54.0,266.0,0.0057792,5.7792,497130.2239210305,4.9713022392103055,492.2532668405969,425.0514235017008,1.0,1.0,False,0.0008512,0.005376,687.059845870079
9,H2,Large,B,5.4,54.0,266.0,0.005823999999999999,5.823999999999999,497126.7340310056,4.971267340310056,498.6072922943783,425.05115898042993,1.0,1.0,False,0.0008512,0.005376,687.059845870079
9,H2,Large,B,5.4,54.0,266.0,0.0058687999999999995,5.868799999999999,497123.1990685207,4.971231990685207,504.7640986993258,425.0508910412935,1.0,1.0,False,0.0008512,0.005376,687.059845870079
9,H2,Large,B,5.4,54.0,266.0,0.0059136,5.9136,497119.6204308469,4.971196204308469,510.72991527990337,425.0506197901421,1.0,1.0,False,0.0008512,0.005376,687.059845870079
9,H2,Large,B,5.4,54.0,266.0,0.0059584,5.9584,497115.99947111943,4.971159994711194,516.5107680346327,425.0503453294828,1.0,1.0,False,0.0008512,0.005376,687.059845870079
9,H2,Large,B,5.4,54.0,266.0,0.006003199999999999,6.0032,497112.3374997785,4.971123374997785,522.1124867476844,425.05006775858806,1.0,1.0,False,0.0008512,0.005376,687.059845870079
9,H2,Large,B,5.4,54.0,266.0,0.0060479999999999996,6.047999999999999,497108.63578595954,4.971086357859596,527.54071173713,425.0497871736014,1.0,1.0,False,0.0008512,0.005376,687.059845870079
9,H2,Large,B,5.4,54.0,266.0,0.0060928,6.0927999999999995,497104.8955588365,4.9710489555883655,532.8009003508133,425.0495036676388,1.0,1.0,False,0.0008512,0.005376,687.059845870079
9,H2,Large,B,5.4,54.0,266.0,0.0061376,6.1376,497101.11800891825,4.9710111800891825,537.8983332203085,425.0492173308873,1.0,1.0,False,0.0008512,0.005376,687.059845870079
9,H2,Large,B,5.4,54.0,266.0,0.006182399999999999,6.1823999999999995,497097.30428930104,4.970973042893011,542.838120282957,425.0489282506997,1.0,1.0,False,0.0008512,0.005376,687.059845870079
9,H2,Large,B,5.4,54.0,266.0,0.0062272,6.2272,497093.45551687846,4.9709345551687845,547.6252065816934,425.04863651168614,1.0,1.0,False,0.0008512,0.005376,687.059845870079
9,H2,Large,B,5.4,54.0,266.0,0.006272,6.272,497089.57277350966,4.970895727735097,552.2643778535688,425.0483421958031,1.0,1.0,False,0.0008512,0.005376,687.059845870079
9,H2,Large,B,5.4,54.0,266.0,0.0063168,6.3168,497085.65710714844,4.970856571071485,556.7602659065501,425.04804538243826,1.0,1.0,False,0.0008512,0.005376,687.059845870079
9,H2,Large,B,5.4,54.0,266.0,0.006361599999999999,6.361599999999999,497081.709532934,4.97081709532934,561.1173538078915,425.0477461484936,1.0,1.0,False,0.0008512,0.005376,687.059845870079
9,H2,Large,B,5.4,54.0,266.0,0.0064064,6.4064,497077.731034245,4.9707773103424495,565.3399808814081,425.04744456846527,1.0,1.0,False,0.0008512,0.005376,687.059845870079
9,H2,Large,B,5.4,54.0,266.0,0.0064512,6.4512,497073.72256371804,4.970737225637181,569.4323475240147,425.0471407145206,1.0,1.0,False,0.0008512,0.005376,687.059845870079
9,H2,Large,B,5.4,54.0,266.0,0.006496,6.496,497069.6850442321,4.970696850442321,573.3985198487709,425.04683465657257,1.0,1.0,False,0.0008512,0.005376,687.059845870079
9,H2,Large,B,5.4,54.0,266.0,0.006540799999999999,6.540799999999999,497065.6193698602,4.970656193698602,577.2424341613466,425.0465264623524,1.0,1.0,False,0.0008512,0.005376,687.059845870079
9,H2,Large,B,5.4,54.0,266.0,0.0065856,6.5855999999999995,497061.52640678885,4.970615264067889,580.9679012458721,425.04621619747854,1.0,1.0,False,0.0008512,0.005376,687.059845870079
9,H2,Large,B,5.4,54.0,266.0,0.0066304,6.6304,497057.4069942077,4.970574069942077,584.578610620666,425.04590392552444,1.0,1.0,False,0.0008512,0.005376,687.059845870079
9,H2,Large,B,5.4,54.0,266.0,0.0066752,6.6752,497053.2619451686,4.970532619451686,588.0781344595962,425.04558970808375,1.0,1.0,False,0.0008512,0.005376,687.059845870079
9,H2,Large,B,5.4,54.0,266.0,0.006719999999999999,6.72,497049.09204741707,4.9704909204741705,591.4699314970774,425.0452736048333,1.0,1.0,False,0.0008512,0.005376,687.059845870079
9,H2,Large,B,5.4,54.0,266.0,0.0067648,6.764799999999999,497044.89806419605,4.970448980641961,594.7573507651152,425.04495567359345,1.0,1.0,False,0.0008512,0.005376,687.059845870079
9,H2,Large,B,5.4,54.0,266.0,0.0068096,6.8096,497040.68073502305,4.970406807350231,597.9436351992956,425.0446359703876,1.0,1.0,False,0.0008512,0.005376,687.059845870079
9,H2,Large,B,5.4,54.0,266.0,0.0068544,6.8544,497036.44077644194,4.97036440776442,601.0319251187677,425.04431454949884,1.0,1.0,False,0.0008512,0.005376,687.059845870079
9,H2,Large,B,5.4,54.0,266.0,0.006899199999999999,6.8991999999999996,497032.17888274987,4.970321788827499,604.0252615850503,425.04399146352506,1.0,1.0,False,0.0008512,0.005376,687.059845870079
9,H2,Large,B,5.4,54.0,266.0,0.006944,6.944,497027.8957267005,4.970278957267005,606.9265896442828,425.0436667634323,1.0,1.0,False,0.0008512,0.005376,687.059845870079
9,H2,Large,B,5.4,54.0,266.0,0.0069888,6.9887999999999995,497023.5919601843,4.970235919601842,609.7387614573456,425.0433404986063,1.0,1.0,False,0.0008512,0.005376,687.059845870079
9,H2,Large,B,5.4,54.0,266.0,0.0070336,7.0336,497019.26821488637,4.970192682148864,612.4645393220857,425.04301271690207,1.0,1.0,False,0.0008512,0.005376,687.059845870079
9,H2,Large,B,5.4,54.0,266.0,0.0070783999999999994,7.078399999999999,497014.9251029235,4.970149251029235,615.1065985917033,425.04268346469246,1.0,1.0,False,0.0008512,0.005376,687.059845870079
9,H2,Large,B,5.4,54.0,266.0,0.0071232,7.1232,497010.5632174596,4.9701056321745956,617.6675304931869,425.0423527869146,1.0,1.0,False,0.0008512,0.005376,687.059845870079
9,H2,Large,B,5.4,54.0,266.0,0.007168,7.168,497006.1831333021,4.9700618313330205,620.1498448495175,425.04202072711513,1.0,1.0,False,0.0008512,0.005376,687.059845870079
9,H2,Large,B,5.4,54.0,266.0,0.007212799999999999,7.2128,497001.7854074783,4.970017854074783,622.5559727092128,425.0416873274939,1.0,1.0,False,0.0008512,0.005376,687.059845870079
9,H2,Large,B,5.4,54.0,266.0,0.0072575999999999995,7.257599999999999,496997.37057979364,4.969973705797936,624.8882688866277,425.0413526289462,1.0,1.0,False,0.0008512,0.005376,687.059845870079
9,H2,Large,B,5.4,54.0,266.0,0.0073024,7.3024,496992.9391733717,4.969929391733717,627.1490144162941,425.0410166711036,1.0,1.0,False,0.0008512,0.005376,687.059845870079
9,H2,Large,B,5.4,54.0,266.0,0.0073472,7.3472,496988.4916951768,4.969884916951768,629.3404189244427,425.04067949237384,1.0,1.0,False,0.0008512,0.005376,687.059845870079
9,H2,Large,B,5.4,54.0,266.0,0.007391999999999999,7.3919999999999995,496984.02863651986,4.969840286365199,631.4646229207226,425.0403411299786,1.0,1.0,False,0.0008512,0.005376,687.059845870079
9,H2,Large,B,5.4,54.0,266.0,0.0074367999999999995,7.4368,496979.550473548,4.9697955047354805,633.5237000130156,425.0400016199913,1.0,1.0,False,0.0008512,0.005376,687.059845870079
9,H2,Large,B,5.4,54.0,266.0,0.0074816,7.481599999999999,496975.0576677186,4.969750576677186,635.51965904812,425.0396609973722,1.0,1.0,False,0.0008512,0.005376,687.059845870079
9,H2,Large,B,5.4,54.0,266.0,0.0075264,7.5264,496970.550666258,4.96970550666258,637.4544461809721,425.0393192960039,1.0,1.0,False,0.0008512,0.005376,687.059845870079
9,H2,Large,B,5.4,54.0,266.0,0.007571199999999999,7.571199999999999,496966.0299026052,4.969660299026052,639.329946874964,425.03897654872435,1.0,1.0,False,0.0008512,0.005376,687.059845870079
9,H2,Large,B,5.4,54.0,266.0,0.0076159999999999995,7.616,496961.4957968426,4.969614957968426,641.1479878358168,425.03863278736003,1.0,1.0,False,0.0008512,0.005376,687.059845870079
9,H2,Large,B,5.4,54.0,266.0,0.0076608,7.6608,496956.94875611144,4.969569487561114,642.9103388813705,425.0382880427568,1.0,1.0,False,0.0008512,0.005376,687.059845870079
9,H2,Large,B,5.4,54.0,266.0,0.0077056,7.7056,496952.38917501515,4.969523891750152,644.6187147495584,425.03794234481103,1.0,1.0,False,0.0008512,0.005376,687.059845870079
9,H2,Large,B,5.4,54.0,266.0,0.007750399999999999,7.750399999999999,496947.81743600947,4.969478174360095,646.2747768467466,425.0375957224989,1.0,1.0,False,0.0008512,0.005376,687.059845870079
9,H2,Large,B,5.4,54.0,266.0,0.0077951999999999995,7.7951999999999995,496943.23390978016,4.969432339097802,647.8801349385344,425.03724820390465,1.0,1.0,False,0.0008512,0.005376,687.059845870079
9,H2,Large,B,5.4,54.0,266.0,0.00784,7.84,496938.63895560894,4.96938638955609,649.4363487850292,425.03689981624916,1.0,1.0,False,0.0008512,0.005376,687.059845870079
9,H2,Large,B,5.4,54.0,266.0,0.007884799999999999,7.884799999999999,496934.0329217275,4.9693403292172755,650.944929722533,425.0365505859159,1.0,1.0,False,0.0008512,0.005376,687.059845870079
9,H2,Large,B,5.4,54.0,266.0,0.0079296,7.9296,496929.41614566074,4.969294161456608,652.4073421935038,425.0362005384774,1.0,1.0,False,0.0008512,0.005376,687.059845870079
9,H2,Large,B,5.4,54.0,266.0,0.0079744,7.974399999999999,496924.7889545588,4.969247889545588,653.8250052265842,425.0358496987202,1.0,1.0,False,0.0008512,0.005376,687.059845870079
9,H2,Large,B,5.4,54.0,266.0,0.008019199999999999,8.0192,496920.15166551864,4.969201516655186,655.1992938684185,425.0354980906695,1.0,1.0,False,0.0008512,0.005376,687.059845870079
9,H2,Large,B,5.4,54.0,266.0,0.008064,8.064,496915.5045858959,4.969155045858959,656.5315405689224,425.0351457376124,1.0,1.0,False,0.0008512,0.005376,687.059845870079
9,H2,Large,B,5.4,54.0,266.0,0.0081088,8.108799999999999,496910.84801360645,4.9691084801360645,657.823036521597,425.03479266212094,1.0,1.0,False,0.0008512,0.005376,687.059845870079
9,H2,Large,B,5.4,54.0,266.0,0.0081536,8.1536,496906.1822374185,4.969061822374185,659.0750329604278,425.03443888607427,1.0,1.0,False,0.0008512,0.005376,687.059845870079
9,H2,Large,B,5.4,54.0,266.0,0.0081984,8.1984,496901.50753723586,4.969015075372359,660.2887424148477,425.03408443068,1.0,1.0,False,0.0008512,0.005376,687.059845870079
9,H2,Large,B,5.4,54.0,266.0,0.0082432,8.2432,496896.8241843721,4.968968241843721,661.4653399241884,425.0337293164949,1.0,1.0,False,0.0008512,0.005376,687.059845870079
9,H2,Large,B,5.4,54.0,266.0,0.008288,8.288,496892.132441816,4.96892132441816,662.6059642129954,425.03337356344525,1.0,1.0,False,0.0008512,0.005376,687.059845870079
9,H2,Large,B,5.4,54.0,266.0,0.0083328,8.332799999999999,496887.4325644888,4.9688743256448875,663.7117188285275,425.0330171908462,1.0,1.0,False,0.0008512,0.005376,687.059845870079
9,H2,Large,B,5.4,54.0,266.0,0.008377599999999999,8.3776,496882.7247994934,4.968827247994934,664.7836732417142,425.03266021742036,1.0,1.0,False,0.0008512,0.005376,687.059845870079
9,H2,Large,B,5.4,54.0,266.0,0.0084224,8.4224,496878.0093863558,4.9687800938635585,665.8228639128021,425.0323026613167,1.0,1.0,False,0.0008512,0.005376,687.059845870079
9,H2,Large,B,5.4,54.0,266.0,0.0084672,8.4672,496873.2865572589,4.968732865572589,666.8302953228708,425.03194454012765,1.0,1.0,False,0.0008512,0.005376,687.059845870079
9,H2,Large,B,5.4,54.0,266.0,0.008512,8.512,496868.5565372689,4.968685565372689,667.8069409723613,425.03158587090667,1.0,1.0,False,0.0008512,0.005376,687.059845870079
9,H2,Large,B,5.4,54.0,266.0,0.0085568,8.556799999999999,496863.819544555,4.96863819544555,668.753744347715,425.0312266701848,1.0,1.0,False,0.0008512,0.005376,687.059845870079
9,H2,Large,B,5.4,54.0,266.0,0.0086016,8.6016,496859.0757906016,4.968590757906016,669.6716198571862,425.0308669539864,1.0,1.0,False,0.0008512,0.005376,687.059845870079
9,H2,Large,B,5.4,54.0,266.0,0.0086464,8.6464,496854.3254804149,4.968543254804149,670.561453736849,425.0305067378452,1.0,1.0,False,0.0008512,0.005376,687.059845870079
9,H2,Large,B,5.4,54.0,266.0,0.0086912,8.6912,496849.5688127218,4.968495688127218,671.4241049277861,425.03014603681936,1.0,1.0,False,0.0008512,0.005376,687.059845870079
9,H2,Large,B,5.4,54.0,266.0,0.008735999999999999,8.735999999999999,496844.80598016374,4.968448059801638,672.2604059254118,425.02978486550586,1.0,1.0,False,0.0008512,0.005376,687.059845870079
9,H2,Large,B,5.4,54.0,266.0,0.0087808,8.7808,496840.0371694837,4.9684003716948375,673.071163601846,425.02942323805485,1.0,1.0,False,0.0008512,0.005376,687.059845870079
9,H2,Large,B,5.4,54.0,266.0,0.0088256,8.8256,496835.26256170793,4.968352625617079,673.8571600022273,425.0290611681834,1.0,1.0,False,0.0008512,0.005376,687.059845870079
9,H2,Large,B,5.4,54.0,266.0,0.008870399999999999,8.870399999999998,496830.48233232164,4.9683048233232165,674.6191531158178,425.0286986691888,1.0,1.0,False,0.0008512,0.005376,687.059845870079
9,H2,Large,B,5.4,54.0,266.0,0.0089152,8.9152,496825.6966514396,4.968256966514396,675.3578776227273,425.02833575396164,1.0,1.0,False,0.0008512,0.005376,687.059845870079
9,H2,Large,B,5.4,54.0,266.0,0.00896,8.959999999999999,496820.90568397107,4.968209056839711,676.0740456170528,425.0279724349979,1.0,1.0,False,0.0008512,0.005376,687.059845870079
10,H2,Small,L,5.16,20.0,60.0,0.0,0.0,500000.0,5.0,293.0,425.268435036257,0.0,0.0,False,0.0008064,0.004435199999999999,711.4224950703338
10,H2,Small,L,5.16,20.0,60.0,4.48e-05,0.0448,499425.17593330314,4.994251759333031,301.3747070302083,425.22504796044535,0.0,0.0,False,0.0008064,0.004435199999999999,711.4224950703338
10,H2,Small,L,5.16,20.0,60.0,8.96e-05,0.0896,498850.3518666063,4.988503518666063,309.58056492311704,425.1816204267491,0.0,0.0,False,0.0008064,0.004435199999999999,711.4224950703338
10,H2,Small,L,5.16,20.0,60.0,0.0001344,0.1344,498275.5277999094,4.982755277999094,317.62115598931035,425.13815234971383,0.0,0.0,False,0.0008064,0.004435199999999999,711.4224950703338
10,H2,Small,L,5.16,20.0,60.0,0.0001792,0.1792,497700.70373321255,4.977007037332125,325.499950517297,425.09464364360485,0.0,0.0,False,0.0008064,0.004435199999999999,711.4224950703338
10,H2,Small,L,5.16,20.0,60.0,0.000224,0.224,497125.8796665157,4.971258796665157,333.22034089909533,425.0510942224064,0.0,0.0,False,0.0008064,0.004435199999999999,711.4224950703338
10,H2,Small,L,5.16,20.0,60.0,0.0002688,0.2688,496551.0555998188,4.965510555998188,340.78564351392885,425.00750399981985,0.0,0.0,False,0.0008064,0.004435199999999999,711.4224950703338
10,H2,Small,L,5.16,20.0,60.0,0.0003136,0.3136,495976.23153312196,4.959762315331219,348.19910057046246,424.963872889263,0.0,0.0,False,0.0008064,0.004435199999999999,711.4224950703338
10,H2,Small,L,5.16,20.0,60.0,0.0003584,0.3584,495401.4074664251,4.954014074664251,355.4638819043166,424.9202008038685,0.0,0.0,False,0.0008064,0.004435199999999999,711.4224950703338
10,H2,Small,L,5.16,20.0,60.0,0.0004032,0.4032,494826.58339972823,4.948265833997282,362.5830867314881,424.8764876564827,0.0,0.0,False,0.0008064,0.004435199999999999,711.4224950703338
10,H2,Small,L,5.16,20.0,60.0,0.000448,0.448,494251.75933303137,4.942517593330313,369.5597453584177,424.8327333596643,0.0,0.0,False,0.0008064,0.004435199999999999,711.4224950703338
10,H2,Small,L,5.16,20.0,60.0,0.0004927999999999999,0.49279999999999996,493676.9352663345,4.936769352663345,376.3968208493015,424.7889378256831,0.0,0.0,False,0.0008064,0.004435199999999999,711.4224950703338
10,H2,Small,L,5.16,20.0,60.0,0.0005376,0.5376,493102.11119963764,4.931021111996376,383.0972106513251,424.7451009665186,0.0,0.0,False,0.0008064,0.004435199999999999,711.4224950703338
10,H2,Small,L,5.16,20.0,60.0,0.0005824,0.5823999999999999,492527.2871329408,4.925272871329407,389.6637481785638,424.701222693859,0.0,0.0,False,0.0008064,0.004435199999999999,711.4224950703338
10,H2,Small,L,5.16,20.0,60.0,0.0006272,0.6272,491952.4630662439,4.919524630662439,396.09920435534406,424.6573029190995,0.0,0.0,False,0.0008064,0.004435199999999999,711.4224950703338
10,H2,Small,L,5.16,20.0,60.0,0.000672,0.6719999999999999,491377.63899954705,4.913776389995471,402.40628911989694,424.6133415533413,0.0,0.0,False,0.0008064,0.004435199999999999,711.4224950703338
10,H2,Small,L,5.16,20.0,60.0,0.0007168,0.7168,490802.8149328502,4.908028149328502,408.5876528891636,424.56933850738994,0.0,0.0,False,0.0008064,0.004435199999999999,711.4224950703338
10,H2,Small,L,5.16,20.0,60.0,0.0007616,0.7615999999999999,490227.9908661533,4.902279908661534,414.64588798563045,424.52529369175437,0.0,0.0,False,0.0008064,0.004435199999999999,711.4224950703338
10,H2,Small,L,5.16,20.0,60.0,0.0008064,0.8064,489653.16679945646,4.896531667994565,420.58352999834517,424.48120701664556,0.0,0.0,False,0.0008064,0.004435199999999999,711.4224950703338
10,H2,Small,L,5.16,20.0,60.0,0.0008512,0.8512,489078.3427327596,4.890783427327596,424.48120701664556,424.43707839197464,0.003589955207429316,0.5799884138313258,True,0.0008064,0.004435199999999999,711.4224950703338
10,H2,Small,L,5.16,20.0,60.0,0.000896,0.896,487669.37375630747,4.876693737563075,424.43707839197464,424.3287353635018,0.01428815503318816,0.8475977086745913,True,0.0008064,0.004435199999999999,711.4224950703338
10,H2,Small,L,5.16,20.0,60.0,0.0009408,0.9408,483470.6857951223,4.834706857951223,424.3287353635018,424.00436513300434,0.025000145365661537,0.9079526976409216,True,0.0008064,0.004435199999999999,711.4224950703338
10,H2,Small,L,5.16,20.0,60.0,0.0009855999999999999,0.9855999999999999,476007.46364313463,4.760074636431346,424.00436513300434,423.42211404250344,0.03573291836725486,0.9349314361902349,True,0.0008064,0.004435199999999999,711.4224950703338
10,H2,Small,L,5.16,20.0,60.0,0.0010304,1.0304,464757.8032803303,4.647578032803303,423.42211404250344,422.53031544263047,0.04649518061978407,0.9504387664593641,True,0.0008064,0.004435199999999999,711.4224950703338
10,H2,Small,L,5.16,20.0,60.0,0.0010752,1.0752,449113.49940708006,4.4911349940708005,422.53031544263047,421.2605689884136,0.05729768517617271,0.9606770131753886,True,0.0008064,0.004435199999999999,711.4224950703338
10,H2,Small,L,5.16,20.0,60.0,0.00112,1.1199999999999999,428321.1160423534,4.283211160423534,421.2605689884136,419.5162017887182,0.068153838788437,0.9680821097558497,True,0.0008064,0.004435199999999999,711.4224950703338
10,H2,Small,L,5.16,20.0,60.0,0.0011648,1.1647999999999998,406905.0602402357,4.069050602402357,419.5162017887182,417.6460333635949,0.07908074388404933,0.9738115812707481,True,0.0008064,0.004435199999999999,711.4224950703338
10,H2,Small,L,5.16,20.0,60.0,0.0012096,1.2096,386559.8072282239,3.8655980722822387,417.6460333635949,415.7936767012306,0.0900826608326648,0.9782255471392842,True,0.0008064,0.004435199999999999,711.4224950703338
10,H2,Small,L,5.16,20.0,60.0,0.0012544,1.2544,367231.8168668127,3.672318168668127,415.7936767012306,413.9588785448291,0.10115852853811755,0.9816581774078806,True,0.0008064,0.004435199999999999,711.4224950703338
10,H2,Small,L,5.16,20.0,60.0,0.0012992,1.2992,348870.2260234721,3.488702260234721,413.9588785448291,412.14139041619285,0.11230731164042476,0.9843877075353675,True,0.0008064,0.004435199999999999,711.4224950703338
10,H2,Small,L,5.16,20.0,60.0,0.001344,1.3439999999999999,331426.7147222985,3.314267147222985,412.14139041619285,410.34096850354575,0.12352801199308852,0.9865972794570566,True,0.0008064,0.004435199999999999,711.4224950703338
10,H2,Small,L,5.16,20.0,60.0,0.0013888,1.3888,314855.37898618355,3.1485537898618357,410.34096850354575,408.5573735525002,0.13481966495823075,0.9884123075785314,True,0.0008064,0.004435199999999999,711.4224950703338
10,H2,Small,L,5.16,20.0,60.0,0.0014336,1.4336,299112.61003687436,2.9911261003687435,408.5573735525002,406.79037076006847,0.14618133619106966,0.989921513255089,True,0.0008064,0.004435199999999999,711.4224950703338
10,H2,Small,L,5.16,20.0,60.0,0.0014784,1.4784,284156.97953503067,2.8415697953503067,406.79037076006847,405.0397296716167,0.15761211883251453,0.9911893897241311,True,0.0008064,0.004435199999999999,711.4224950703338
10,H2,Small,L,5.16,20.0,60.0,0.0015232,1.5231999999999999,269949.1305582791,2.699491305582791,405.0397296716167,403.3052240806693,0.16911113109805753,0.9922639114570024,True,0.0008064,0.004435199999999999,711.4224950703338
10,H2,Small,L,5.16,20.0,60.0,0.001568,1.568,256451.67403036516,2.5645167403036515,403.3052240806693,401.58663193147066,0.18067751393683393,0.9931814779276444,True,0.0008064,0.004435199999999999,711.4224950703338
10,H2,Small,L,5.16,20.0,60.0,0.0016128,1.6128,243629.0903288469,2.436290903288469,401.58663193147066,399.88373522421693,0.1923104292596115,0.9939701838413537,True,0.0008064,0.004435199999999999,711.4224950703338
10,H2,Small,L,5.16,20.0,60.0,0.0016576,1.6576,231447.63581240457,2.3144763581240455,399.88373522421693,398.19631992287174,0.20400905815505352,0.9946520413321523,True,0.0008064,0.004435199999999999,711.4224950703338
10,H2,Small,L,5.16,20.0,60.0,0.0017024,1.7024,219875.25402178435,2.1987525402178436,398.19631992287174,396.5241758654854,0.2157725993348565,0.9952445260280491,True,0.0008064,0.004435199999999999,711.4224950703338
10,H2,Small,L,5.16,20.0,60.0,0.0017472,1.7471999999999999,208881.49132069515,2.0888149132069516,396.5241758654854,394.8670966769377,0.22760026772733707,0.9957616753325169,True,0.0008064,0.004435199999999999,711.4224950703338
10,H2,Small,L,5.16,20.0,60.0,0.001792,1.792,198437.4167546604,1.984374167546604,394.8670966769377,393.2248796840285,0.23949129319740134,0.9962148831977014,True,0.0008064,0.004435199999999999,711.4224950703338
10,H2,Small,L,5.16,20.0,60.0,0.0018368,1.8368,188515.54591692737,1.8851554591692736,393.2248796840285,391.59732583284307,0.2514449193741267,0.9966134848808446,True,0.0008064,0.004435199999999999,711.4224950703338
10,H2,Small,L,5.16,20.0,60.0,0.0018816,1.8816,179089.768621081,1.79089768621081,391.59732583284307,389.9842396083205,0.26346040256988545,0.9969651936535537,True,0.0008064,0.004435199999999999,711.4224950703338
10,H2,Small,L,5.16,20.0,60.0,0.0019264,1.9264,170135.28019002694,1.7013528019002695,389.9842396083205,388.38542895595805,0.27553701077715625,0.9972764313843342,True,0.0008064,0.004435199999999999,711.4224950703338
10,H2,Small,L,5.16,20.0,60.0,0.0019711999999999998,1.9711999999999998,161628.5161805256,1.6162851618052558,388.38542895595805,386.8007052055851,0.28767459133038686,0.9975525886534992,True,0.0008064,0.004435199999999999,711.4224950703338
10,H2,Small,L,5.16,20.0,60.0,0.002016,2.016,153547.0903714993,1.535470903714993,386.8007052055851,385.2298829971424,0.29987258684374624,0.9977982066798194,True,0.0008064,0.004435199999999999,711.4224950703338
10,H2,Small,L,5.16,20.0,60.0,0.0020608,2.0608,145869.73585292435,1.4586973585292435,385.2298829971424,383.67278020840706,0.31213031542486686,0.9980171373813219,True,0.0008064,0.004435199999999999,711.4224950703338
10,H2,Small,L,5.16,20.0,60.0,0.0021056,2.1056,138576.24906027812,1.3857624906027812,383.67278020840706,382.12921788460227,0.32444710517337066,0.998212666788933,True,0.0008064,0.004435199999999999,711.4224950703338
10,H2,Small,L,5.16,20.0,60.0,0.0021504,2.1504,131647.43660726422,1.3164743660726421,382.12921788460227,380.5990201698355,0.336822293470722,0.9983876117848501,True,0.0008064,0.004435199999999999,711.4224950703338
10,H2,Small,L,5.16,20.0,60.0,0.0021952,2.1952,125065.06477690101,1.25065064776901,380.5990201698355,379.0820142403104,0.34925522630274863,0.9985443978732685,True,0.0008064,0.004435199999999999,711.4224950703338
10,H2,Small,L,5.16,20.0,60.0,0.00224,2.2399999999999998,118811.81153805596,1.1881181153805596,379.0820142403104,377.5780302392578,0.36174525760893245,0.998685122171047,True,0.0008064,0.004435199999999999,711.4224950703338
10,H2,Small,L,5.16,20.0,60.0,0.0022848,2.2848,112871.22096115316,1.1287122096115316,377.5780302392578,376.08690121353624,0.37429174865308906,0.998811604782516,True,0.0008064,0.004435199999999999,711.4224950703338
10,H2,Small,L,5.16,20.0,60.0,0.0023296,2.3295999999999997,107227.6599130955,1.072276599130955,376.08690121353624,374.6084630518502,0.38689406741047166,0.9989254309722148,True,0.0008064,0.004435199999999999,711.4224950703338
10,H2,Small,L,5.16,20.0,60.0,0.0023744,2.3744,101866.27691744073,1.0186627691744072,374.6084630518502,373.1425544245397,0.3995515879666654,0.9990279859933116,True,0.0008064,0.004435199999999999,711.4224950703338
10,H2,Small,L,5.16,20.0,60.0,0.0024192,2.4192,96772.9630715687,0.967729630715687,373.1425544245397,371.6890167248944,0.4122636899238904,0.9991204840134543,True,0.0008064,0.004435199999999999,711.4224950703338
10,H2,Small,L,5.16,20.0,60.0,0.002464,2.464,91934.31491799025,0.9193431491799026,371.6890167248944,370.24769401194663,0.425029757810516,0.9992039922656937,True,0.0008064,0.004435199999999999,711.4224950703338
10,H2,Small,L,5.16,20.0,60.0,0.0025088,2.5088,87337.59917209075,0.8733759917209075,370.24769401194663,368.81843295470134,0.437849180489709,0.9992794513129233,True,0.0008064,0.004435199999999999,711.4224950703338
10,H2,Small,L,5.16,20.0,60.0,0.0025536,2.5536,82970.71921348621,0.8297071921348621,368.81843295470134,367.4010827777596,0.45072135056319973,0.9993476921306672,True,0.0008064,0.004435199999999999,711.4224950703338
10,H2,Small,L,5.16,20.0,60.0,0.0025984,2.5984,78822.1832528119,0.788221832528119,367.4010827777596,365.99549520829646,0.4636456637661572,0.9994094505710095,True,0.0008064,0.004435199999999999,711.4224950703338
10,H2,Small,L,5.16,20.0,60.0,0.0026432,2.6432,74881.0740901713,0.748810740901713,365.99549520829646,364.60152442435344,0.476621518349114,0.9994653796598171,True,0.0008064,0.004435199999999999,711.4224950703338
10,H2,Small,L,5.16,20.0,60.0,0.002688,2.6879999999999997,71137.02038566273,0.7113702038566273,364.60152442435344,363.2190270044072,0.4896483144427827,0.9995160600926273,True,0.0008064,0.004435199999999999,711.4224950703338
10,H2,Small,L,5.16,20.0,60.0,0.0027328,2.7328,67580.1693663796,0.675801693663796,363.2190270044072,361.84786187817934,0.5027254534014475,0.9995620092260639,True,0.0008064,0.004435199999999999,711.4224950703338
10,H2,Small,L,5.16,20.0,60.0,0.0027776,2.7776,64201.160898060625,0.6420116089806063,361.84786187817934,360.48789027864984,0.5158523371204057,0.9996036888072489,True,0.0008064,0.004435199999999999,711.4224950703338
10,H2,Small,L,5.16,20.0,60.0,0.0028224,2.8224,60991.102853157594,0.609911028531576,360.48789027864984,359.1389756952418,0.5290283673226649,0.999641511640231,True,0.0008064,0.004435199999999999,711.4224950703338
10,H2,Small,L,5.16,20.0,60.0,0.0028672,2.8672,57941.54771049971,0.5794154771049971,359.1389756952418,357.80098382814265,0.5422528355677382,0.9996758472109238,True,0.0008064,0.004435199999999999,711.4224950703338
10,H2,Small,L,5.16,20.0,60.0,0.0029119999999999997,2.9119999999999995,55044.470324974725,0.5504447032497473,357.80098382814265,356.4737825437315,0.5555244462773584,0.9997070261920874,True,0.0008064,0.004435199999999999,711.4224950703338
10,H2,Small,L,5.16,20.0,60.0,0.0029568,2.9568,52292.24680872599,0.52292246808726,356.4737825437315,355.15724183107966,0.5688425571531787,0.9997353464385049,True,0.0008064,0.004435199999999999,711.4224950703338
10,H2,Small,L,5.16,20.0,60.0,0.0030015999999999997,3.0016,50000.0,0.5,355.15724183107966,354.0153479231714,0.5822065195766762,0.9997610757498688,True,0.0008064,0.004435199999999999,711.4224950703338
10,H2,Small,L,5.16,20.0,60.0,0.0030464,3.0463999999999998,50000.0,0.5,354.0153479231714,354.0153479231714,0.5956095336625665,0.9997831518204245,True,0.0008064,0.004435199999999999,711.4224950703338
10,H2,Small,L,5.16,20.0,60.0,0.0030911999999999997,3.0911999999999997,50000.0,0.5,354.0153479231714,354.0153479231714,0.6090085698542101,0.9997949473098625,True,0.0008064,0.004435199999999999,711.4224950703338
10,H2,Small,L,5.16,20.0,60.0,0.003136,3.136,50000.0,0.5,354.0153479231714,354.0153479231714,0.6224032323660467,0.9998062315938756,True,0.0008064,0.004435199999999999,711.4224950703338
10,H2,Small,L,5.16,20.0,60.0,0.0031807999999999997,3.1807999999999996,50000.0,0.5,354.0153479231714,354.0153479231714,0.6357932638454559,0.9998170369953475,True,0.0008064,0.004435199999999999,711.4224950703338
10,H2,Small,L,5.16,20.0,60.0,0.0032256,3.2256,50000.0,0.5,354.0153479231714,354.0153479231714,0.6491783951771819,0.9998273931593605,True,0.0008064,0.004435199999999999,711.4224950703338
10,H2,Small,L,5.16,20.0,60.0,0.0032703999999999997,3.2703999999999995,50000.0,0.5,354.0153479231714,354.0153479231714,0.6625583442726466,0.9998373273239745,True,0.0008064,0.004435199999999999,711.4224950703338
10,H2,Small,L,5.16,20.0,60.0,0.0033152,3.3152,50000.0,0.5,354.0153479231714,354.0153479231714,0.6759321253076632,0.9998468640768069,True,0.0008064,0.004435199999999999,711.4224950703338
10,H2,Small,L,5.16,20.0,60.0,0.0033599999999999997,3.36,50000.0,0.5,354.0153479231714,354.0153479231714,0.6892982215302589,0.999856025775268,True,0.0008064,0.004435199999999999,711.4224950703338
10,H2,Small,L,5.16,20.0,60.0,0.0034048,3.4048,50000.0,0.5,354.0153479231714,354.0153479231714,0.702656178915918,0.9998648338195132,True,0.0008064,0.004435199999999999,711.4224950703338
10,H2,Small,L,5.16,20.0,60.0,0.0034495999999999997,3.4495999999999998,50000.0,0.5,354.0153479231714,354.0153479231714,0.7160055132018446,0.9998733079928013,True,0.0008064,0.004435199999999999,711.4224950703338
10,H2,Small,L,5.16,20.0,60.0,0.0034944,3.4943999999999997,50000.0,0.5,354.0153479231714,354.0153479231714,0.7293457069544693,0.9998814666095484,True,0.0008064,0.004435199999999999,711.4224950703338
10,H2,Small,L,5.16,20.0,60.0,0.0035391999999999997,3.5391999999999997,50000.0,0.5,354.0153479231714,354.0153479231714,0.7426762063476935,0.9998893266472348,True,0.0008064,0.004435199999999999,711.4224950703338
10,H2,Small,L,5.16,20.0,60.0,0.003584,3.584,50000.0,0.5,354.0153479231714,354.0153479231714,0.7559955597574044,0.999896903384757,True,0.0008064,0.004435199999999999,711.4224950703338
10,H2,Small,L,5.16,20.0,60.0,0.0036287999999999997,3.6287999999999996,50000.0,0.5,354.0153479231714,354.0153479231714,0.7693022743260558,0.9999042110543006,True,0.0008064,0.004435199999999999,711.4224950703338
10,H2,Small,L,5.16,20.0,60.0,0.0036736,3.6736,50000.0,0.5,354.0153479231714,354.0153479231714,0.7825954972746142,0.999911263284569,True,0.0008064,0.004435199999999999,711.4224950703338
10,H2,Small,L,5.16,20.0,60.0,0.0037183999999999997,3.7184,50000.0,0.5,354.0153479231714,354.0153479231714,0.7958743031753063,0.9999180727618127,True,0.0008064,0.004435199999999999,711.4224950703338
10,H2,Small,L,5.16,20.0,60.0,0.0037632,3.7632,50000.0,0.5,354.0153479231714,354.0153479231714,0.8091378196820457,0.999924651371059,True,0.0008064,0.004435199999999999,711.4224950703338
10,H2,Small,L,5.16,20.0,60.0,0.0038079999999999998,3.808,50000.0,0.5,354.0153479231714,354.0153479231714,0.8223850728982622,0.9999310101851728,True,0.0008064,0.004435199999999999,711.4224950703338
10,H2,Small,L,5.16,20.0,60.0,0.0038528,3.8528,50000.0,0.5,354.0153479231714,354.0153479231714,0.8356148986494382,0.9999371594921624,True,0.0008064,0.004435199999999999,711.4224950703338
10,H2,Small,L,5.16,20.0,60.0,0.0038975999999999998,3.8975999999999997,50000.0,0.5,354.0153479231714,354.0153479231714,0.8488248541584853,0.999943108380146,True,0.0008064,0.004435199999999999,711.4224950703338
10,H2,Small,L,5.16,20.0,60.0,0.0039423999999999996,3.9423999999999997,50000.0,0.5,354.0153479231714,354.0153479231714,0.8620130650953125,0.9999488656651879,True,0.0008064,0.004435199999999999,711.4224950703338
10,H2,Small,L,5.16,20.0,60.0,0.0039872,3.9871999999999996,50000.0,0.5,354.0153479231714,354.0153479231714,0.875175756081585,0.9999544388604958,True,0.0008064,0.004435199999999999,711.4224950703338
10,H2,Small,L,5.16,20.0,60.0,0.004032,4.032,50000.0,0.5,354.0153479231714,354.0153479231714,0.888308632509903,0.9999598348881256,True,0.0008064,0.004435199999999999,711.4224950703338
10,H2,Small,L,5.16,20.0,60.0,0.0040768,4.0768,50000.0,0.5,354.0153479231714,354.0153479231714,0.9013842429363779,0.9999650512319019,True,0.0008064,0.004435199999999999,711.4224950703338
10,H2,Small,L,5.16,20.0,60.0,0.0041216,4.1216,50000.0,0.5,354.0153479231714,354.0153479231714,0.9143924912622916,0.999970092719904,True,0.0008064,0.004435199999999999,711.4224950703338
10,H2,Small,L,5.16,20.0,60.0,0.0041664,4.166399999999999,50000.0,0.5,354.0153479231714,354.0153479231714,0.9273206106396503,0.9999749630637885,True,0.0008064,0.004435199999999999,711.4224950703338
10,H2,Small,L,5.16,20.0,60.0,0.0042112,4.2112,50000.0,0.5,354.0153479231714,354.0153479231714,0.9401521650444551,0.9999796646261461,True,0.0008064,0.004435199999999999,711.4224950703338
10,H2,Small,L,5.16,20.0,60.0,0.004256,4.256,50000.0,0.5,354.0153479231714,354.0153479231714,0.9528655377632158,0.9999841980467437,True,0.0008064,0.004435199999999999,711.4224950703338
10,H2,Small,L,5.16,20.0,60.0,0.0043008,4.3008,50000.0,0.5,354.0153479231714,354.0153479231714,0.965431547556183,0.9999885616288907,True,0.0008064,0.004435199999999999,711.4224950703338
10,H2,Small,L,5.16,20.0,60.0,0.0043456,4.3456,50000.0,0.5,354.0153479231714,354.0153479231714,0.9778094906928255,0.9999927502910347,True,0.0008064,0.004435199999999999,711.4224950703338
10,H2,Small,L,5.16,20.0,60.0,0.0043904,4.3904,50000.0,0.5,354.0153479231714,354.0153479231714,0.9899401186766971,0.9999967536658405,True,0.0008064,0.004435199999999999,711.4224950703338
10,H2,Small,L,5.16,20.0,60.0,0.004435199999999999,4.435199999999999,50000.0,0.5,354.0153479231714,354.0153479231714,1.0,1.0,False,0.0008064,0.004435199999999999,711.4224950703338
10,H2,Small,L,5.16,20.0,60.0,0.00448,4.4799999999999995,50000.0,0.5,366.4398185094024,354.0153479231714,1.0,1.0,False,0.0008064,0.004435199999999999,711.4224950703338
10,H2,Small,L,5.16,20.0,60.0,0.0045248,4.5248,50000.0,0.5,378.4329458992276,354.0153479231714,1.0,1.0,False,0.0008064,0.004435199999999999,711.4224950703338
10,H2,Small,L,5.16,20.0,60.0,0.0045696,4.5696,50000.0,0.5,390.010201056657,354.0153479231714,1.0,1.0,False,0.0008064,0.004435199999999999,711.4224950703338
10,H2,Small,L,5.16,20.0,60.0,0.004614399999999999,4.6144,50000.0,0.5,401.1864683480986,354.0153479231714,1.0,1.0,False,0.0008064,0.004435199999999999,711.4224950703338
10,H2,Small,L,5.16,20.0,60.0,0.0046592,4.659199999999999,50000.0,0.5,411.9760696205495,354.0153479231714,1.0,1.0,False,0.0008064,0.004435199999999999,711.4224950703338
10,H2,Small,L,5.16,20.0,60.0,0.004704,4.704,50000.0,0.5,422.39278721795444,354.0153479231714,1.0,1.0,False,0.0008064,0.004435199999999999,711.4224950703338
10,H2,Small,L,5.16,20.0,60.0,0.0047488,4.7488,50000.0,0.5,432.44988597915494,354.0153479231714,1.0,1.0,False,0.0008064,0.004435199999999999,711.4224950703338
10,H2,Small,L,5.16,20.0,60.0,0.004793599999999999,4.7936,50000.0,0.5,442.16013426084754,354.0153479231714,1.0,1.0,False,0.0008064,0.004435199999999999,711.4224950703338
10,H2,Small,L,5.16,20.0,60.0,0.0048384,4.8384,50000.0,0.5,451.53582402843506,354.0153479231714,1.0,1.0,False,0.0008064,0.004435199999999999,711.4224950703338
10,H2,Small,L,5.16,20.0,60.0,0.0048832,4.8831999999999995,50000.0,0.5,460.58879005674504,354.0153479231714,1.0,1.0,False,0.0008064,0.004435199999999999,711.4224950703338
10,H2,Small,L,5.16,20.0,60.0,0.004928,4.928,50000.0,0.5,469.3304282814196,354.0153479231714,1.0,1.0,False,0.0008064,0.004435199999999999,711.4224950703338
10,H2,Small,L,5.16,20.0,60.0,0.0049727999999999994,4.972799999999999,50000.0,0.5,477.7717133404334,354.0153479231714,1.0,1.0,False,0.0008064,0.004435199999999999,711.4224950703338
10,H2,Small,L,5.16,20.0,60.0,0.0050176,5.0176,50000.0,0.5,485.9232153437371,354.0153479231714,1.0,1.0,False,0.0008064,0.004435199999999999,711.4224950703338
10,H2,Small,L,5.16,20.0,60.0,0.0050624,5.0624,50000.0,0.5,493.7951159074981,354.0153479231714,1.0,1.0,False,0.0008064,0.004435199999999999,711.4224950703338
10,H2,Small,L,5.16,20.0,60.0,0.0051072,5.1072,50000.0,0.5,501.39722348785693,354.0153479231714,1.0,1.0,False,0.0008064,0.004435199999999999,711.4224950703338
10,H2,Small,L,5.16,20.0,60.0,0.0051519999999999995,5.151999999999999,50000.0,0.5,508.7389880507511,354.0153479231714,1.0,1.0,False,0.0008064,0.004435199999999999,711.4224950703338
10,H2,Small,L,5.16,20.0,60.0,0.0051968,5.1968,50000.0,0.5,515.8295150969292,354.0153479231714,1.0,1.0,False,0.0008064,0.004435199999999999,711.4224950703338
10,H2,Small,L,5.16,20.0,60.0,0.0052416,5.2416,50000.0,0.5,522.6775790909287,354.0153479231714,1.0,1.0,False,0.0008064,0.004435199999999999,711.4224950703338
10,H2,Small,L,5.16,20.0,60.0,0.0052864,5.2864,50000.0,0.5,529.2916363117837,354.0153479231714,1.0,1.0,False,0.0008064,0.004435199999999999,711.4224950703338
10,H2,Small,L,5.16,20.0,60.0,0.0053311999999999995,5.331199999999999,50000.0,0.5,535.6798371544747,354.0153479231714,1.0,1.0,False,0.0008064,0.004435199999999999,711.4224950703338
10,H2,Small,L,5.16,20.0,60.0,0.005376,5.3759999999999994,50000.0,0.5,541.8500379087006,354.0153479231714,1.0,1.0,False,0.0008064,0.004435199999999999,711.4224950703338
10,H2,Small,L,5.16,20.0,60.0,0.0054208,5.4208,50000.0,0.5,547.8098120397146,354.0153479231714,1.0,1.0,False,0.0008064,0.004435199999999999,711.4224950703338
10,H2,Small,L,5.16,20.0,60.0,0.0054656,5.4656,50000.0,0.5,553.5664609552342,354.0153479231714,1.0,1.0,False,0.0008064,0.004435199999999999,711.4224950703338
10,H2,Small,L,5.16,20.0,60.0,0.0055103999999999995,5.5104,50000.0,0.5,559.1270244794435,354.0153479231714,1.0,1.0,False,0.0008064,0.004435199999999999,711.4224950703338
10,H2,Small,L,5.16,20.0,60.0,0.0055552,5.5552,50000.0,0.5,564.4982906550327,354.0153479231714,1.0,1.0,False,0.0008064,0.004435199999999999,711.4224950703338
10,H2,Small,L,5.16,20.0,60.0,0.0056,5.6,50000.0,0.5,569.6868052963391,354.0153479231714,1.0,1.0,False,0.0008064,0.004435199999999999,711.4224950703338
10,H2,Small,L,5.16,20.0,60.0,0.0056448,5.6448,50000.0,0.5,574.6988811097038,354.0153479231714,1.0,1.0,False,0.0008064,0.004435199999999999,711.4224950703338
10,H2,Small,L,5.16,20.0,60.0,0.0056895999999999995,5.6895999999999995,50000.0,0.5,579.5406064399782,354.0153479231714,1.0,1.0,False,0.0008064,0.004435199999999999,711.4224950703338
10,H2,Small,L,5.16,20.0,60.0,0.0057344,5.7344,50000.0,0.5,584.2178536603161,354.0153479231714,1.0,1.0,False,0.0008064,0.004435199999999999,711.4224950703338
10,H2,Small,L,5.16,20.0,60.0,0.0057792,5.7792,50000.0,0.5,588.7362872215125,354.0153479231714,1.0,1.0,False,0.0008064,0.004435199999999999,711.4224950703338
10,H2,Small,L,5.16,20.0,60.0,0.005823999999999999,5.823999999999999,50000.0,0.5,593.1013713763188,354.0153479231714,1.0,1.0,False,0.0008064,0.004435199999999999,711.4224950703338
10,H2,Small,L,5.16,20.0,60.0,0.0058687999999999995,5.868799999999999,50000.0,0.5,597.3183775933828,354.0153479231714,1.0,1.0,False,0.0008064,0.004435199999999999,711.4224950703338
10,H2,Small,L,5.16,20.0,60.0,0.0059136,5.9136,50000.0,0.5,601.3923916747202,354.0153479231714,1.0,1.0,False,0.0008064,0.004435199999999999,711.4224950703338
10,H2,Small,L,5.16,20.0,60.0,0.0059584,5.9584,50000.0,0.5,605.3283205899211,354.0153479231714,1.0,1.0,False,0.0008064,0.004435199999999999,711.4224950703338
10,H2,Small,L,5.16,20.0,60.0,0.006003199999999999,6.0032,50000.0,0.5,609.130899039636,354.0153479231714,1.0,1.0,False,0.0008064,0.004435199999999999,711.4224950703338
10,H2,Small,L,5.16,20.0,60.0,0.0060479999999999996,6.047999999999999,50000.0,0.5,612.8046957602569,354.0153479231714,1.0,1.0,False,0.0008064,0.004435199999999999,711.4224950703338
10,H2,Small,L,5.16,20.0,60.0,0.0060928,6.0927999999999995,50000.0,0.5,616.3541195811176,354.0153479231714,1.0,1.0,False,0.0008064,0.004435199999999999,711.4224950703338
10,H2,Small,L,5.16,20.0,60.0,0.0061376,6.1376,50000.0,0.5,619.7834252449794,354.0153479231714,1.0,1.0,False,0.0008064,0.004435199999999999,711.4224950703338
10,H2,Small,L,5.16,20.0,60.0,0.006182399999999999,6.1823999999999995,50000.0,0.5,623.0967190020368,354.0153479231714,1.0,1.0,False,0.0008064,0.004435199999999999,711.4224950703338
10,H2,Small,L,5.16,20.0,60.0,0.0062272,6.2272,50000.0,0.5,626.2979639871811,354.0153479231714,1.0,1.0,False,0.0008064,0.004435199999999999,711.4224950703338
10,H2,Small,L,5.16,20.0,60.0,0.006272,6.272,50000.0,0.5,629.3909853897832,354.0153479231714,1.0,1.0,False,0.0008064,0.004435199999999999,711.4224950703338
10,H2,Small,L,5.16,20.0,60.0,0.0063168,6.3168,50000.0,0.5,632.3794754248133,354.0153479231714,1.0,1.0,False,0.0008064,0.004435199999999999,711.4224950703338
10,H2,Small,L,5.16,20.0,60.0,0.006361599999999999,6.361599999999999,50000.0,0.5,635.2669981136912,354.0153479231714,1.0,1.0,False,0.0008064,0.004435199999999999,711.4224950703338
10,H2,Small,L,5.16,20.0,60.0,0.0064064,6.4064,50000.0,0.5,638.056993882858,354.0153479231714,1.0,1.0,False,0.0008064,0.004435199999999999,711.4224950703338
10,H2,Small,L,5.16,20.0,60.0,0.0064512,6.4512,50000.0,0.5,640.7527839876872,354.0153479231714,1.0,1.0,False,0.0008064,0.004435199999999999,711.4224950703338
10,H2,Small,L,5.16,20.0,60.0,0.006496,6.496,50000.0,0.5,643.3575747689882,354.0153479231714,1.0,1.0,False,0.0008064,0.004435199999999999,711.4224950703338
10,H2,Small,L,5.16,20.0,60.0,0.006540799999999999,6.540799999999999,50000.0,0.5,645.8744617490221,354.0153479231714,1.0,1.0,False,0.0008064,0.004435199999999999,711.4224950703338
10,H2,Small,L,5.16,20.0,60.0,0.0065856,6.5855999999999995,50000.0,0.5,648.3064335736224,354.0153479231714,1.0,1.0,False,0.0008064,0.004435199999999999,711.4224950703338
10,H2,Small,L,5.16,20.0,60.0,0.0066304,6.6304,50000.0,0.5,650.6563758067138,354.0153479231714,1.0,1.0,False,0.0008064,0.004435199999999999,711.4224950703338
10,H2,Small,L,5.16,20.0,60.0,0.0066752,6.6752,50000.0,0.5,652.9270745832307,354.0153479231714,1.0,1.0,False,0.0008064,0.004435199999999999,711.4224950703338
10,H2,Small,L,5.16,20.0,60.0,0.006719999999999999,6.72,50000.0,0.5,655.1212201261646,354.0153479231714,1.0,1.0,False,0.0008064,0.004435199999999999,711.4224950703338
10,H2,Small,L,5.16,20.0,60.0,0.0067648,6.764799999999999,50000.0,0.5,657.2414101332091,354.0153479231714,1.0,1.0,False,0.0008064,0.004435199999999999,711.4224950703338
10,H2,Small,L,5.16,20.0,60.0,0.0068096,6.8096,50000.0,0.5,659.2901530382271,354.0153479231714,1.0,1.0,False,0.0008064,0.004435199999999999,711.4224950703338
10,H2,Small,L,5.16,20.0,60.0,0.0068544,6.8544,50000.0,0.5,661.2698711525298,354.0153479231714,1.0,1.0,False,0.0008064,0.004435199999999999,711.4224950703338
10,H2,Small,L,5.16,20.0,60.0,0.006899199999999999,6.8991999999999996,50000.0,0.5,663.1829036907352,354.0153479231714,1.0,1.0,False,0.0008064,0.004435199999999999,711.4224950703338
10,H2,Small,L,5.16,20.0,60.0,0.006944,6.944,50000.0,0.5,665.0315096857647,354.0153479231714,1.0,1.0,False,0.0008064,0.004435199999999999,711.4224950703338
10,H2,Small,L,5.16,20.0,60.0,0.0069888,6.9887999999999995,50000.0,0.5,666.8178707973353,354.0153479231714,1.0,1.0,False,0.0008064,0.004435199999999999,711.4224950703338
10,H2,Small,L,5.16,20.0,60.0,0.0070336,7.0336,50000.0,0.5,668.5440940181153,354.0153479231714,1.0,1.0,False,0.0008064,0.004435199999999999,711.4224950703338
10,H2,Small,L,5.16,20.0,60.0,0.0070783999999999994,7.078399999999999,50000.0,0.5,670.2122142815309,354.0153479231714,1.0,1.0,False,0.0008064,0.004435199999999999,711.4224950703338
10,H2,Small,L,5.16,20.0,60.0,0.0071232,7.1232,50000.0,0.5,671.8241969750395,354.0153479231714,1.0,1.0,False,0.0008064,0.004435199999999999,711.4224950703338
10,H2,Small,L,5.16,20.0,60.0,0.007168,7.168,50000.0,0.5,673.3819403625213,354.0153479231714,1.0,1.0,False,0.0008064,0.004435199999999999,711.4224950703338
10,H2,Small,L,5.16,20.0,60.0,0.007212799999999999,7.2128,50000.0,0.5,674.8872779192865,354.0153479231714,1.0,1.0,False,0.0008064,0.004435199999999999,711.4224950703338
10,H2,Small,L,5.16,20.0,60.0,0.0072575999999999995,7.257599999999999,50000.0,0.5,676.3419805830471,354.0153479231714,1.0,1.0,False,0.0008064,0.004435199999999999,711.4224950703338
10,H2,Small,L,5.16,20.0,60.0,0.0073024,7.3024,50000.0,0.5,677.747758924061,354.0153479231714,1.0,1.0,False,0.0008064,0.004435199999999999,711.4224950703338
10,H2,Small,L,5.16,20.0,60.0,0.0073472,7.3472,50000.0,0.5,679.106265237522,354.0153479231714,1.0,1.0,False,0.0008064,0.004435199999999999,711.4224950703338
10,H2,Small,L,5.16,20.0,60.0,0.007391999999999999,7.3919999999999995,50000.0,0.5,680.4190955611421,354.0153479231714,1.0,1.0,False,0.0008064,0.004435199999999999,711.4224950703338
10,H2,Small,L,5.16,20.0,60.0,0.0074367999999999995,7.4368,50000.0,0.5,681.6877916207493,354.0153479231714,1.0,1.0,False,0.0008064,0.004435199999999999,711.4224950703338
10,H2,Small,L,5.16,20.0,60.0,0.0074816,7.481599999999999,50000.0,0.5,682.9138427066107,354.0153479231714,1.0,1.0,False,0.0008064,0.004435199999999999,711.4224950703338
10,H2,Small,L,5.16,20.0,60.0,0.0075264,7.5264,50000.0,0.5,684.098687483075,354.0153479231714,1.0,1.0,False,0.0008064,0.004435199999999999,711.4224950703338
10,H2,Small,L,5.16,20.0,60.0,0.007571199999999999,7.571199999999999,50000.0,0.5,685.2437157340285,354.0153479231714,1.0,1.0,False,0.0008064,0.004435199999999999,711.4224950703338
10,H2,Small,L,5.16,20.0,60.0,0.0076159999999999995,7.616,50000.0,0.5,686.350270046553,354.0153479231714,1.0,1.0,False,0.0008064,0.004435199999999999,711.4224950703338
10,H2,Small,L,5.16,20.0,60.0,0.0076608,7.6608,50000.0,0.5,687.4196474350808,354.0153479231714,1.0,1.0,False,0.0008064,0.004435199999999999,711.4224950703338
10,H2,Small,L,5.16,20.0,60.0,0.0077056,7.7056,50000.0,0.5,688.4531009082485,354.0153479231714,1.0,1.0,False,0.0008064,0.004435199999999999,711.4224950703338
10,H2,Small,L,5.16,20.0,60.0,0.007750399999999999,7.750399999999999,50000.0,0.5,689.4518409805632,354.0153479231714,1.0,1.0,False,0.0008064,0.004435199999999999,711.4224950703338
10,H2,Small,L,5.16,20.0,60.0,0.0077951999999999995,7.7951999999999995,50000.0,0.5,690.4170371309121,354.0153479231714,1.0,1.0,False,0.0008064,0.004435199999999999,711.4224950703338
10,H2,Small,L,5.16,20.0,60.0,0.00784,7.84,50000.0,0.5,691.3498192098652,354.0153479231714,1.0,1.0,False,0.0008064,0.004435199999999999,711.4224950703338
10,H2,Small,L,5.16,20.0,60.0,0.007884799999999999,7.884799999999999,50000.0,0.5,692.2512787976436,354.0153479231714,1.0,1.0,False,0.0008064,0.004435199999999999,711.4224950703338
10,H2,Small,L,5.16,20.0,60.0,0.0079296,7.9296,50000.0,0.5,693.1224705145542,354.0153479231714,1.0,1.0,False,0.0008064,0.004435199999999999,711.4224950703338
10,H2,Small,L,5.16,20.0,60.0,0.0079744,7.974399999999999,50000.0,0.5,693.9644132856191,354.0153479231714,1.0,1.0,False,0.0008064,0.004435199999999999,711.4224950703338
10,H2,Small,L,5.16,20.0,60.0,0.008019199999999999,8.0192,50000.0,0.5,694.778091561064,354.0153479231714,1.0,1.0,False,0.0008064,0.004435199999999999,711.4224950703338
10,H2,Small,L,5.16,20.0,60.0,0.008064,8.064,50000.0,0.5,695.5644564942608,354.0153479231714,1.0,1.0,False,0.0008064,0.004435199999999999,711.4224950703338
10,H2,Small,L,5.16,20.0,60.0,0.0081088,8.108799999999999,50000.0,0.5,696.3244270786632,354.0153479231714,1.0,1.0,False,0.0008064,0.004435199999999999,711.4224950703338
10,H2,Small,L,5.16,20.0,60.0,0.0081536,8.1536,50000.0,0.5,697.0588912452131,354.0153479231714,1.0,1.0,False,0.0008064,0.004435199999999999,711.4224950703338
10,H2,Small,L,5.16,20.0,60.0,0.0081984,8.1984,50000.0,0.5,697.7687069216356,354.0153479231714,1.0,1.0,False,0.0008064,0.004435199999999999,711.4224950703338
10,H2,Small,L,5.16,20.0,60.0,0.0082432,8.2432,50000.0,0.5,698.4547030549938,354.0153479231714,1.0,1.0,False,0.0008064,0.004435199999999999,711.4224950703338
10,H2,Small,L,5.16,20.0,60.0,0.008288,8.288,50000.0,0.5,699.1176805988154,354.0153479231714,1.0,1.0,False,0.0008064,0.004435199999999999,711.4224950703338
10,H2,Small,L,5.16,20.0,60.0,0.0083328,8.332799999999999,50000.0,0.5,699.7584134660573,354.0153479231714,1.0,1.0,False,0.0008064,0.004435199999999999,711.4224950703338
10,H2,Small,L,5.16,20.0,60.0,0.008377599999999999,8.3776,50000.0,0.5,700.3776494491267,354.0153479231714,1.0,1.0,False,0.0008064,0.004435199999999999,711.4224950703338
10,H2,Small,L,5.16,20.0,60.0,0.0084224,8.4224,50000.0,0.5,700.9761111081295,354.0153479231714,1.0,1.0,False,0.0008064,0.004435199999999999,711.4224950703338
10,H2,Small,L,5.16,20.0,60.0,0.0084672,8.4672,50000.0,0.5,701.5544966284748,354.0153479231714,1.0,1.0,False,0.0008064,0.004435199999999999,711.4224950703338
10,H2,Small,L,5.16,20.0,60.0,0.008512,8.512,50000.0,0.5,702.113480648921,354.0153479231714,1.0,1.0,False,0.0008064,0.004435199999999999,711.4224950703338
10,H2,Small,L,5.16,20.0,60.0,0.0085568,8.556799999999999,50000.0,0.5,702.6537150611102,354.0153479231714,1.0,1.0,False,0.0008064,0.004435199999999999,711.4224950703338
10,H2,Small,L,5.16,20.0,60.0,0.0086016,8.6016,50000.0,0.5,703.1758297815966,354.0153479231714,1.0,1.0,False,0.0008064,0.004435199999999999,711.4224950703338
10,H2,Small,L,5.16,20.0,60.0,0.0086464,8.6464,50000.0,0.5,703.6804334973391,354.0153479231714,1.0,1.0,False,0.0008064,0.004435199999999999,711.4224950703338
10,H2,Small,L,5.16,20.0,60.0,0.0086912,8.6912,50000.0,0.5,704.1681143855932,354.0153479231714,1.0,1.0,False,0.0008064,0.004435199999999999,711.4224950703338
10,H2,Small,L,5.16,20.0,60.0,0.008735999999999999,8.735999999999999,50000.0,0.5,704.6394408090991,354.0153479231714,1.0,1.0,False,0.0008064,0.004435199999999999,711.4224950703338
10,H2,Small,L,5.16,20.0,60.0,0.0087808,8.7808,50000.0,0.5,705.0949619874367,354.0153479231714,1.0,1.0,False,0.0008064,0.004435199999999999,711.4224950703338
10,H2,Small,L,5.16,20.0,60.0,0.0088256,8.8256,50000.0,0.5,705.5352086453782,354.0153479231714,1.0,1.0,False,0.0008064,0.004435199999999999,711.4224950703338
10,H2,Small,L,5.16,20.0,60.0,0.008870399999999999,8.870399999999998,50000.0,0.5,705.960693639047,354.0153479231714,1.0,1.0,False,0.0008064,0.004435199999999999,711.4224950703338
10,H2,Small,L,5.16,20.0,60.0,0.0089152,8.9152,50000.0,0.5,706.3719125606552,354.0153479231714,1.0,1.0,False,0.0008064,0.004435199999999999,711.4224950703338
10,H2,Small,L,5.16,20.0,60.0,0.00896,8.959999999999999,50000.0,0.5,706.7693443225689,354.0153479231714,1.0,1.0,False,0.0008064,0.004435199999999999,711.4224950703338
11,H2,Small,W,5.16,20.0,60.0,0.0,0.0,500000.0,5.0,293.0,425.268435036257,0.0,0.0,False,0.0008064,0.004435199999999999,711.4224950703338
11,H2,Small,W,5.16,20.0,60.0,4.48e-05,0.0448,499425.17593330314,4.994251759333031,301.3747070302083,425.22504796044535,0.0,0.0,False,0.0008064,0.004435199999999999,711.4224950703338
11,H2,Small,W,5.16,20.0,60.0,8.96e-05,0.0896,498850.3518666063,4.988503518666063,309.58056492311704,425.1816204267491,0.0,0.0,False,0.0008064,0.004435199999999999,711.4224950703338
11,H2,Small,W,5.16,20.0,60.0,0.0001344,0.1344,498275.5277999094,4.982755277999094,317.62115598931035,425.13815234971383,0.0,0.0,False,0.0008064,0.004435199999999999,711.4224950703338
11,H2,Small,W,5.16,20.0,60.0,0.0001792,0.1792,497700.70373321255,4.977007037332125,325.499950517297,425.09464364360485,0.0,0.0,False,0.0008064,0.004435199999999999,711.4224950703338
11,H2,Small,W,5.16,20.0,60.0,0.000224,0.224,497125.8796665157,4.971258796665157,333.22034089909533,425.0510942224064,0.0,0.0,False,0.0008064,0.004435199999999999,711.4224950703338
11,H2,Small,W,5.16,20.0,60.0,0.0002688,0.2688,496551.0555998188,4.965510555998188,340.78564351392885,425.00750399981985,0.0,0.0,False,0.0008064,0.004435199999999999,711.4224950703338
11,H2,Small,W,5.16,20.0,60.0,0.0003136,0.3136,495976.23153312196,4.959762315331219,348.19910057046246,424.963872889263,0.0,0.0,False,0.0008064,0.004435199999999999,711.4224950703338
11,H2,Small,W,5.16,20.0,60.0,0.0003584,0.3584,495401.4074664251,4.954014074664251,355.4638819043166,424.9202008038685,0.0,0.0,False,0.0008064,0.004435199999999999,711.4224950703338
11,H2,Small,W,5.16,20.0,60.0,0.0004032,0.4032,494826.58339972823,4.948265833997282,362.5830867314881,424.8764876564827,0.0,0.0,False,0.0008064,0.004435199999999999,711.4224950703338
11,H2,Small,W,5.16,20.0,60.0,0.000448,0.448,494251.75933303137,4.942517593330313,369.5597453584177,424.8327333596643,0.0,0.0,False,0.0008064,0.004435199999999999,711.4224950703338
11,H2,Small,W,5.16,20.0,60.0,0.0004927999999999999,0.49279999999999996,493676.9352663345,4.936769352663345,376.3968208493015,424.7889378256831,0.0,0.0,False,0.0008064,0.004435199999999999,711.4224950703338
11,H2,Small,W,5.16,20.0,60.0,0.0005376,0.5376,493102.11119963764,4.931021111996376,383.0972106513251,424.7451009665186,0.0,0.0,False,0.0008064,0.004435199999999999,711.4224950703338
11,H2,Small,W,5.16,20.0,60.0,0.0005824,0.5823999999999999,492527.2871329408,4.925272871329407,389.6637481785638,424.701222693859,0.0,0.0,False,0.0008064,0.004435199999999999,711.4224950703338
11,H2,Small,W,5.16,20.0,60.0,0.0006272,0.6272,491952.4630662439,4.919524630662439,396.09920435534406,424.6573029190995,0.0,0.0,False,0.0008064,0.004435199999999999,711.4224950703338
11,H2,Small,W,5.16,20.0,60.0,0.000672,0.6719999999999999,491377.63899954705,4.913776389995471,402.40628911989694,424.6133415533413,0.0,0.0,False,0.0008064,0.004435199999999999,711.4224950703338
11,H2,Small,W,5.16,20.0,60.0,0.0007168,0.7168,490802.8149328502,4.908028149328502,408.5876528891636,424.56933850738994,0.0,0.0,False,0.0008064,0.004435199999999999,711.4224950703338
11,H2,Small,W,5.16,20.0,60.0,0.0007616,0.7615999999999999,490227.9908661533,4.902279908661534,414.64588798563045,424.52529369175437,0.0,0.0,False,0.0008064,0.004435199999999999,711.4224950703338
11,H2,Small,W,5.16,20.0,60.0,0.0008064,0.8064,489653.16679945646,4.896531667994565,420.58352999834517,424.48120701664556,0.0,0.0,False,0.0008064,0.004435199999999999,711.4224950703338
11,H2,Small,W,5.16,20.0,60.0,0.0008512,0.8512,489078.3427327596,4.890783427327596,424.48120701664556,424.43707839197464,0.003589955207429316,0.5799884138313258,True,0.0008064,0.004435199999999999,711.4224950703338
11,H2,Small,W,5.16,20.0,60.0,0.000896,0.896,487669.37375630747,4.876693737563075,424.43707839197464,424.3287353635018,0.01428815503318816,0.8475977086745913,True,0.0008064,0.004435199999999999,711.4224950703338
11,H2,Small,W,5.16,20.0,60.0,0.0009408,0.9408,483470.6857951223,4.834706857951223,424.3287353635018,424.00436513300434,0.025000145365661537,0.9079526976409216,True,0.0008064,0.004435199999999999,711.4224950703338
11,H2,Small,W,5.16,20.0,60.0,0.0009855999999999999,0.9855999999999999,476007.46364313463,4.760074636431346,424.00436513300434,423.42211404250344,0.03573291836725486,0.9349314361902349,True,0.0008064,0.004435199999999999,711.4224950703338
11,H2,Small,W,5.16,20.0,60.0,0.0010304,1.0304,464757.8032803303,4.647578032803303,423.42211404250344,422.53031544263047,0.04649518061978407,0.9504387664593641,True,0.0008064,0.004435199999999999,711.4224950703338
11,H2,Small,W,5.16,20.0,60.0,0.0010752,1.0752,449113.49940708006,4.4911349940708005,422.53031544263047,421.2605689884136,0.05729768517617271,0.9606770131753886,True,0.0008064,0.004435199999999999,711.4224950703338
11,H2,Small,W,5.16,20.0,60.0,0.00112,1.1199999999999999,428321.1160423534,4.283211160423534,421.2605689884136,419.5162017887182,0.068153838788437,0.9680821097558497,True,0.0008064,0.004435199999999999,711.4224950703338
11,H2,Small,W,5.16,20.0,60.0,0.0011648,1.1647999999999998,406905.0602402357,4.069050602402357,419.5162017887182,417.6460333635949,0.07908074388404933,0.9738115812707481,True,0.0008064,0.004435199999999999,711.4224950703338
11,H2,Small,W,5.16,20.0,60.0,0.0012096,1.2096,386559.8072282239,3.8655980722822387,417.6460333635949,415.7936767012306,0.0900826608326648,0.9782255471392842,True,0.0008064,0.004435199999999999,711.4224950703338
11,H2,Small,W,5.16,20.0,60.0,0.0012544,1.2544,367231.8168668127,3.672318168668127,415.7936767012306,413.9588785448291,0.10115852853811755,0.9816581774078806,True,0.0008064,0.004435199999999999,711.4224950703338
11,H2,Small,W,5.16,20.0,60.0,0.0012992,1.2992,348870.2260234721,3.488702260234721,413.9588785448291,412.14139041619285,0.11230731164042476,0.9843877075353675,True,0.0008064,0.004435199999999999,711.4224950703338
11,H2,Small,W,5.16,20.0,60.0,0.001344,1.3439999999999999,331426.7147222985,3.314267147222985,412.14139041619285,410.34096850354575,0.12352801199308852,0.9865972794570566,True,0.0008064,0.004435199999999999,711.4224950703338
11,H2,Small,W,5.16,20.0,60.0,0.0013888,1.3888,314855.37898618355,3.1485537898618357,410.34096850354575,408.5573735525002,0.13481966495823075,0.9884123075785314,True,0.0008064,0.004435199999999999,711.4224950703338
11,H2,Small,W,5.16,20.0,60.0,0.0014336,1.4336,299112.61003687436,2.9911261003687435,408.5573735525002,406.79037076006847,0.14618133619106966,0.989921513255089,True,0.0008064,0.004435199999999999,711.4224950703338
11,H2,Small,W,5.16,20.0,60.0,0.0014784,1.4784,284156.97953503067,2.8415697953503067,406.79037076006847,405.0397296716167,0.15761211883251453,0.9911893897241311,True,0.0008064,0.004435199999999999,711.4224950703338
11,H2,Small,W,5.16,20.0,60.0,0.0015232,1.5231999999999999,269949.1305582791,2.699491305582791,405.0397296716167,403.3052240806693,0.16911113109805753,0.9922639114570024,True,0.0008064,0.004435199999999999,711.4224950703338
11,H2,Small,W,5.16,20.0,60.0,0.001568,1.568,256451.67403036516,2.5645167403036515,403.3052240806693,401.58663193147066,0.18067751393683393,0.9931814779276444,True,0.0008064,0.004435199999999999,711.4224950703338
11,H2,Small,W,5.16,20.0,60.0,0.0016128,1.6128,243629.0903288469,2.436290903288469,401.58663193147066,399.88373522421693,0.1923104292596115,0.9939701838413537,True,0.0008064,0.004435199999999999,711.4224950703338
11,H2,Small,W,5.16,20.0,60.0,0.0016576,1.6576,231447.63581240457,2.3144763581240455,399.88373522421693,398.19631992287174,0.20400905815505352,0.9946520413321523,True,0.0008064,0.004435199999999999,711.4224950703338
11,H2,Small,W,5.16,20.0,60.0,0.0017024,1.7024,219875.25402178435,2.1987525402178436,398.19631992287174,396.5241758654854,0.2157725993348565,0.9952445260280491,True,0.0008064,0.004435199999999999,711.4224950703338
11,H2,Small,W,5.16,20.0,60.0,0.0017472,1.7471999999999999,208881.49132069515,2.0888149132069516,396.5241758654854,394.8670966769377,0.22760026772733707,0.9957616753325169,True,0.0008064,0.004435199999999999,711.4224950703338
11,H2,Small,W,5.16,20.0,60.0,0.001792,1.792,198437.4167546604,1.984374167546604,394.8670966769377,393.2248796840285,0.23949129319740134,0.9962148831977014,True,0.0008064,0.004435199999999999,711.4224950703338
11,H2,Small,W,5.16,20.0,60.0,0.0018368,1.8368,188515.54591692737,1.8851554591692736,393.2248796840285,391.59732583284307,0.2514449193741267,0.9966134848808446,True,0.0008064,0.004435199999999999,711.4224950703338
11,H2,Small,W,5.16,20.0,60.0,0.0018816,1.8816,179089.768621081,1.79089768621081,391.59732583284307,389.9842396083205,0.26346040256988545,0.9969651936535537,True,0.0008064,0.004435199999999999,711.4224950703338
11,H2,Small,W,5.16,20.0,60.0,0.0019264,1.9264,170135.28019002694,1.7013528019002695,389.9842396083205,388.38542895595805,0.27553701077715625,0.9972764313843342,True,0.0008064,0.004435199999999999,711.4224950703338
11,H2,Small,W,5.16,20.0,60.0,0.0019711999999999998,1.9711999999999998,161628.5161805256,1.6162851618052558,388.38542895595805,386.8007052055851,0.28767459133038686,0.9975525886534992,True,0.0008064,0.004435199999999999,711.4224950703338
11,H2,Small,W,5.16,20.0,60.0,0.002016,2.016,153547.0903714993,1.535470903714993,386.8007052055851,385.2298829971424,0.29987258684374624,0.9977982066798194,True,0.0008064,0.004435199999999999,711.4224950703338
11,H2,Small,W,5.16,20.0,60.0,0.0020608,2.0608,145869.73585292435,1.4586973585292435,385.2298829971424,383.67278020840706,0.31213031542486686,0.9980171373813219,True,0.0008064,0.004435199999999999,711.4224950703338
11,H2,Small,W,5.16,20.0,60.0,0.0021056,2.1056,138576.24906027812,1.3857624906027812,383.67278020840706,382.12921788460227,0.32444710517337066,0.998212666788933,True,0.0008064,0.004435199999999999,711.4224950703338
11,H2,Small,W,5.16,20.0,60.0,0.0021504,2.1504,131647.43660726422,1.3164743660726421,382.12921788460227,380.5990201698355,0.336822293470722,0.9983876117848501,True,0.0008064,0.004435199999999999,711.4224950703338
11,H2,Small,W,5.16,20.0,60.0,0.0021952,2.1952,125065.06477690101,1.25065064776901,380.5990201698355,379.0820142403104,0.34925522630274863,0.9985443978732685,True,0.0008064,0.004435199999999999,711.4224950703338
11,H2,Small,W,5.16,20.0,60.0,0.00224,2.2399999999999998,118811.81153805596,1.1881181153805596,379.0820142403104,377.5780302392578,0.36174525760893245,0.998685122171047,True,0.0008064,0.004435199999999999,711.4224950703338
11,H2,Small,W,5.16,20.0,60.0,0.0022848,2.2848,112871.22096115316,1.1287122096115316,377.5780302392578,376.08690121353624,0.37429174865308906,0.998811604782516,True,0.0008064,0.004435199999999999,711.4224950703338
11,H2,Small,W,5.16,20.0,60.0,0.0023296,2.3295999999999997,107227.6599130955,1.072276599130955,376.08690121353624,374.6084630518502,0.38689406741047166,0.9989254309722148,True,0.0008064,0.004435199999999999,711.4224950703338
11,H2,Small,W,5.16,20.0,60.0,0.0023744,2.3744,101866.27691744073,1.0186627691744072,374.6084630518502,373.1425544245397,0.3995515879666654,0.9990279859933116,True,0.0008064,0.004435199999999999,711.4224950703338
11,H2,Small,W,5.16,20.0,60.0,0.0024192,2.4192,96772.9630715687,0.967729630715687,373.1425544245397,371.6890167248944,0.4122636899238904,0.9991204840134543,True,0.0008064,0.004435199999999999,711.4224950703338
11,H2,Small,W,5.16,20.0,60.0,0.002464,2.464,91934.31491799025,0.9193431491799026,371.6890167248944,370.24769401194663,0.425029757810516,0.9992039922656937,True,0.0008064,0.004435199999999999,711.4224950703338
11,H2,Small,W,5.16,20.0,60.0,0.0025088,2.5088,87337.59917209075,0.8733759917209075,370.24769401194663,368.81843295470134,0.437849180489709,0.9992794513129233,True,0.0008064,0.004435199999999999,711.4224950703338
11,H2,Small,W,5.16,20.0,60.0,0.0025536,2.5536,82970.71921348621,0.8297071921348621,368.81843295470134,367.4010827777596,0.45072135056319973,0.9993476921306672,True,0.0008064,0.004435199999999999,711.4224950703338
11,H2,Small,W,5.16,20.0,60.0,0.0025984,2.5984,78822.1832528119,0.788221832528119,367.4010827777596,365.99549520829646,0.4636456637661572,0.9994094505710095,True,0.0008064,0.004435199999999999,711.4224950703338
11,H2,Small,W,5.16,20.0,60.0,0.0026432,2.6432,74881.0740901713,0.748810740901713,365.99549520829646,364.60152442435344,0.476621518349114,0.9994653796598171,True,0.0008064,0.004435199999999999,711.4224950703338
11,H2,Small,W,5.16,20.0,60.0,0.002688,2.6879999999999997,71137.02038566273,0.7113702038566273,364.60152442435344,363.2190270044072,0.4896483144427827,0.9995160600926273,True,0.0008064,0.004435199999999999,711.4224950703338
11,H2,Small,W,5.16,20.0,60.0,0.0027328,2.7328,67580.1693663796,0.675801693663796,363.2190270044072,361.84786187817934,0.5027254534014475,0.9995620092260639,True,0.0008064,0.004435199999999999,711.4224950703338
11,H2,Small,W,5.16,20.0,60.0,0.0027776,2.7776,64201.160898060625,0.6420116089806063,361.84786187817934,360.48789027864984,0.5158523371204057,0.9996036888072489,True,0.0008064,0.004435199999999999,711.4224950703338
11,H2,Small,W,5.16,20.0,60.0,0.0028224,2.8224,60991.102853157594,0.609911028531576,360.48789027864984,359.1389756952418,0.5290283673226649,0.999641511640231,True,0.0008064,0.004435199999999999,711.4224950703338
11,H2,Small,W,5.16,20.0,60.0,0.0028672,2.8672,57941.54771049971,0.5794154771049971,359.1389756952418,357.80098382814265,0.5422528355677382,0.9996758472109238,True,0.0008064,0.004435199999999999,711.4224950703338
11,H2,Small,W,5.16,20.0,60.0,0.0029119999999999997,2.9119999999999995,55044.470324974725,0.5504447032497473,357.80098382814265,356.4737825437315,0.5555244462773584,0.9997070261920874,True,0.0008064,0.004435199999999999,711.4224950703338
11,H2,Small,W,5.16,20.0,60.0,0.0029568,2.9568,52292.24680872599,0.52292246808726,356.4737825437315,355.15724183107966,0.5688425571531787,0.9997353464385049,True,0.0008064,0.004435199999999999,711.4224950703338
11,H2,Small,W,5.16,20.0,60.0,0.0030015999999999997,3.0016,50000.0,0.5,355.15724183107966,354.0153479231714,0.5822065195766762,0.9997610757498688,True,0.0008064,0.004435199999999999,711.4224950703338
11,H2,Small,W,5.16,20.0,60.0,0.0030464,3.0463999999999998,50000.0,0.5,354.0153479231714,354.0153479231714,0.5956095336625665,0.9997831518204245,True,0.0008064,0.004435199999999999,711.4224950703338
11,H2,Small,W,5.16,20.0,60.0,0.0030911999999999997,3.0911999999999997,50000.0,0.5,354.0153479231714,354.0153479231714,0.6090085698542101,0.9997949473098625,True,0.0008064,0.004435199999999999,711.4224950703338
11,H2,Small,W,5.16,20.0,60.0,0.003136,3.136,50000.0,0.5,354.0153479231714,354.0153479231714,0.6224032323660467,0.9998062315938756,True,0.0008064,0.004435199999999999,711.4224950703338
11,H2,Small,W,5.16,20.0,60.0,0.0031807999999999997,3.1807999999999996,50000.0,0.5,354.0153479231714,354.0153479231714,0.6357932638454559,0.9998170369953475,True,0.0008064,0.004435199999999999,711.4224950703338
11,H2,Small,W,5.16,20.0,60.0,0.0032256,3.2256,50000.0,0.5,354.0153479231714,354.0153479231714,0.6491783951771819,0.9998273931593605,True,0.0008064,0.004435199999999999,711.4224950703338
11,H2,Small,W,5.16,20.0,60.0,0.0032703999999999997,3.2703999999999995,50000.0,0.5,354.0153479231714,354.0153479231714,0.6625583442726466,0.9998373273239745,True,0.0008064,0.004435199999999999,711.4224950703338
11,H2,Small,W,5.16,20.0,60.0,0.0033152,3.3152,50000.0,0.5,354.0153479231714,354.0153479231714,0.6759321253076632,0.9998468640768069,True,0.0008064,0.004435199999999999,711.4224950703338
11,H2,Small,W,5.16,20.0,60.0,0.0033599999999999997,3.36,50000.0,0.5,354.0153479231714,354.0153479231714,0.6892982215302589,0.999856025775268,True,0.0008064,0.004435199999999999,711.4224950703338
11,H2,Small,W,5.16,20.0,60.0,0.0034048,3.4048,50000.0,0.5,354.0153479231714,354.0153479231714,0.702656178915918,0.9998648338195132,True,0.0008064,0.004435199999999999,711.4224950703338
11,H2,Small,W,5.16,20.0,60.0,0.0034495999999999997,3.4495999999999998,50000.0,0.5,354.0153479231714,354.0153479231714,0.7160055132018446,0.9998733079928013,True,0.0008064,0.004435199999999999,711.4224950703338
11,H2,Small,W,5.16,20.0,60.0,0.0034944,3.4943999999999997,50000.0,0.5,354.0153479231714,354.0153479231714,0.7293457069544693,0.9998814666095484,True,0.0008064,0.004435199999999999,711.4224950703338
11,H2,Small,W,5.16,20.0,60.0,0.0035391999999999997,3.5391999999999997,50000.0,0.5,354.0153479231714,354.0153479231714,0.7426762063476935,0.9998893266472348,True,0.0008064,0.004435199999999999,711.4224950703338
11,H2,Small,W,5.16,20.0,60.0,0.003584,3.584,50000.0,0.5,354.0153479231714,354.0153479231714,0.7559955597574044,0.999896903384757,True,0.0008064,0.004435199999999999,711.4224950703338
11,H2,Small,W,5.16,20.0,60.0,0.0036287999999999997,3.6287999999999996,50000.0,0.5,354.0153479231714,354.0153479231714,0.7693022743260558,0.9999042110543006,True,0.0008064,0.004435199999999999,711.4224950703338
11,H2,Small,W,5.16,20.0,60.0,0.0036736,3.6736,50000.0,0.5,354.0153479231714,354.0153479231714,0.7825954972746142,0.999911263284569,True,0.0008064,0.004435199999999999,711.4224950703338
11,H2,Small,W,5.16,20.0,60.0,0.0037183999999999997,3.7184,50000.0,0.5,354.0153479231714,354.0153479231714,0.7958743031753063,0.9999180727618127,True,0.0008064,0.004435199999999999,711.4224950703338
11,H2,Small,W,5.16,20.0,60.0,0.0037632,3.7632,50000.0,0.5,354.0153479231714,354.0153479231714,0.8091378196820457,0.999924651371059,True,0.0008064,0.004435199999999999,711.4224950703338
11,H2,Small,W,5.16,20.0,60.0,0.0038079999999999998,3.808,50000.0,0.5,354.0153479231714,354.0153479231714,0.8223850728982622,0.9999310101851728,True,0.0008064,0.004435199999999999,711.4224950703338
11,H2,Small,W,5.16,20.0,60.0,0.0038528,3.8528,50000.0,0.5,354.0153479231714,354.0153479231714,0.8356148986494382,0.9999371594921624,True,0.0008064,0.004435199999999999,711.4224950703338
11,H2,Small,W,5.16,20.0,60.0,0.0038975999999999998,3.8975999999999997,50000.0,0.5,354.0153479231714,354.0153479231714,0.8488248541584853,0.999943108380146,True,0.0008064,0.004435199999999999,711.4224950703338
11,H2,Small,W,5.16,20.0,60.0,0.0039423999999999996,3.9423999999999997,50000.0,0.5,354.0153479231714,354.0153479231714,0.8620130650953125,0.9999488656651879,True,0.0008064,0.004435199999999999,711.4224950703338
11,H2,Small,W,5.16,20.0,60.0,0.0039872,3.9871999999999996,50000.0,0.5,354.0153479231714,354.0153479231714,0.875175756081585,0.9999544388604958,True,0.0008064,0.004435199999999999,711.4224950703338
11,H2,Small,W,5.16,20.0,60.0,0.004032,4.032,50000.0,0.5,354.0153479231714,354.0153479231714,0.888308632509903,0.9999598348881256,True,0.0008064,0.004435199999999999,711.4224950703338
11,H2,Small,W,5.16,20.0,60.0,0.0040768,4.0768,50000.0,0.5,354.0153479231714,354.0153479231714,0.9013842429363779,0.9999650512319019,True,0.0008064,0.004435199999999999,711.4224950703338
11,H2,Small,W,5.16,20.0,60.0,0.0041216,4.1216,50000.0,0.5,354.0153479231714,354.0153479231714,0.9143924912622916,0.999970092719904,True,0.0008064,0.004435199999999999,711.4224950703338
11,H2,Small,W,5.16,20.0,60.0,0.0041664,4.166399999999999,50000.0,0.5,354.0153479231714,354.0153479231714,0.9273206106396503,0.9999749630637885,True,0.0008064,0.004435199999999999,711.4224950703338
11,H2,Small,W,5.16,20.0,60.0,0.0042112,4.2112,50000.0,0.5,354.0153479231714,354.0153479231714,0.9401521650444551,0.9999796646261461,True,0.0008064,0.004435199999999999,711.4224950703338
11,H2,Small,W,5.16,20.0,60.0,0.004256,4.256,50000.0,0.5,354.0153479231714,354.0153479231714,0.9528655377632158,0.9999841980467437,True,0.0008064,0.004435199999999999,711.4224950703338
11,H2,Small,W,5.16,20.0,60.0,0.0043008,4.3008,50000.0,0.5,354.0153479231714,354.0153479231714,0.965431547556183,0.9999885616288907,True,0.0008064,0.004435199999999999,711.4224950703338
11,H2,Small,W,5.16,20.0,60.0,0.0043456,4.3456,50000.0,0.5,354.0153479231714,354.0153479231714,0.9778094906928255,0.9999927502910347,True,0.0008064,0.004435199999999999,711.4224950703338
11,H2,Small,W,5.16,20.0,60.0,0.0043904,4.3904,50000.0,0.5,354.0153479231714,354.0153479231714,0.9899401186766971,0.9999967536658405,True,0.0008064,0.004435199999999999,711.4224950703338
11,H2,Small,W,5.16,20.0,60.0,0.004435199999999999,4.435199999999999,50000.0,0.5,354.0153479231714,354.0153479231714,1.0,1.0,False,0.0008064,0.004435199999999999,711.4224950703338
11,H2,Small,W,5.16,20.0,60.0,0.00448,4.4799999999999995,50000.0,0.5,366.4398185094024,354.0153479231714,1.0,1.0,False,0.0008064,0.004435199999999999,711.4224950703338
11,H2,Small,W,5.16,20.0,60.0,0.0045248,4.5248,50000.0,0.5,378.4329458992276,354.0153479231714,1.0,1.0,False,0.0008064,0.004435199999999999,711.4224950703338
11,H2,Small,W,5.16,20.0,60.0,0.0045696,4.5696,50000.0,0.5,390.010201056657,354.0153479231714,1.0,1.0,False,0.0008064,0.004435199999999999,711.4224950703338
11,H2,Small,W,5.16,20.0,60.0,0.004614399999999999,4.6144,50000.0,0.5,401.1864683480986,354.0153479231714,1.0,1.0,False,0.0008064,0.004435199999999999,711.4224950703338
11,H2,Small,W,5.16,20.0,60.0,0.0046592,4.659199999999999,50000.0,0.5,411.9760696205495,354.0153479231714,1.0,1.0,False,0.0008064,0.004435199999999999,711.4224950703338
11,H2,Small,W,5.16,20.0,60.0,0.004704,4.704,50000.0,0.5,422.39278721795444,354.0153479231714,1.0,1.0,False,0.0008064,0.004435199999999999,711.4224950703338
11,H2,Small,W,5.16,20.0,60.0,0.0047488,4.7488,50000.0,0.5,432.44988597915494,354.0153479231714,1.0,1.0,False,0.0008064,0.004435199999999999,711.4224950703338
11,H2,Small,W,5.16,20.0,60.0,0.004793599999999999,4.7936,50000.0,0.5,442.16013426084754,354.0153479231714,1.0,1.0,False,0.0008064,0.004435199999999999,711.4224950703338
11,H2,Small,W,5.16,20.0,60.0,0.0048384,4.8384,50000.0,0.5,451.53582402843506,354.0153479231714,1.0,1.0,False,0.0008064,0.004435199999999999,711.4224950703338
11,H2,Small,W,5.16,20.0,60.0,0.0048832,4.8831999999999995,50000.0,0.5,460.58879005674504,354.0153479231714,1.0,1.0,False,0.0008064,0.004435199999999999,711.4224950703338
11,H2,Small,W,5.16,20.0,60.0,0.004928,4.928,50000.0,0.5,469.3304282814196,354.0153479231714,1.0,1.0,False,0.0008064,0.004435199999999999,711.4224950703338
11,H2,Small,W,5.16,20.0,60.0,0.0049727999999999994,4.972799999999999,50000.0,0.5,477.7717133404334,354.0153479231714,1.0,1.0,False,0.0008064,0.004435199999999999,711.4224950703338
11,H2,Small,W,5.16,20.0,60.0,0.0050176,5.0176,50000.0,0.5,485.9232153437371,354.0153479231714,1.0,1.0,False,0.0008064,0.004435199999999999,711.4224950703338
11,H2,Small,W,5.16,20.0,60.0,0.0050624,5.0624,50000.0,0.5,493.7951159074981,354.0153479231714,1.0,1.0,False,0.0008064,0.004435199999999999,711.4224950703338
11,H2,Small,W,5.16,20.0,60.0,0.0051072,5.1072,50000.0,0.5,501.39722348785693,354.0153479231714,1.0,1.0,False,0.0008064,0.004435199999999999,711.4224950703338
11,H2,Small,W,5.16,20.0,60.0,0.0051519999999999995,5.151999999999999,50000.0,0.5,508.7389880507511,354.0153479231714,1.0,1.0,False,0.0008064,0.004435199999999999,711.4224950703338
11,H2,Small,W,5.16,20.0,60.0,0.0051968,5.1968,50000.0,0.5,515.8295150969292,354.0153479231714,1.0,1.0,False,0.0008064,0.004435199999999999,711.4224950703338
11,H2,Small,W,5.16,20.0,60.0,0.0052416,5.2416,50000.0,0.5,522.6775790909287,354.0153479231714,1.0,1.0,False,0.0008064,0.004435199999999999,711.4224950703338
11,H2,Small,W,5.16,20.0,60.0,0.0052864,5.2864,50000.0,0.5,529.2916363117837,354.0153479231714,1.0,1.0,False,0.0008064,0.004435199999999999,711.4224950703338
11,H2,Small,W,5.16,20.0,60.0,0.0053311999999999995,5.331199999999999,50000.0,0.5,535.6798371544747,354.0153479231714,1.0,1.0,False,0.0008064,0.004435199999999999,711.4224950703338
11,H2,Small,W,5.16,20.0,60.0,0.005376,5.3759999999999994,50000.0,0.5,541.8500379087006,354.0153479231714,1.0,1.0,False,0.0008064,0.004435199999999999,711.4224950703338
11,H2,Small,W,5.16,20.0,60.0,0.0054208,5.4208,50000.0,0.5,547.8098120397146,354.0153479231714,1.0,1.0,False,0.0008064,0.004435199999999999,711.4224950703338
11,H2,Small,W,5.16,20.0,60.0,0.0054656,5.4656,50000.0,0.5,553.5664609552342,354.0153479231714,1.0,1.0,False,0.0008064,0.004435199999999999,711.4224950703338
11,H2,Small,W,5.16,20.0,60.0,0.0055103999999999995,5.5104,50000.0,0.5,559.1270244794435,354.0153479231714,1.0,1.0,False,0.0008064,0.004435199999999999,711.4224950703338
11,H2,Small,W,5.16,20.0,60.0,0.0055552,5.5552,50000.0,0.5,564.4982906550327,354.0153479231714,1.0,1.0,False,0.0008064,0.004435199999999999,711.4224950703338
11,H2,Small,W,5.16,20.0,60.0,0.0056,5.6,50000.0,0.5,569.6868052963391,354.0153479231714,1.0,1.0,False,0.0008064,0.004435199999999999,711.4224950703338
11,H2,Small,W,5.16,20.0,60.0,0.0056448,5.6448,50000.0,0.5,574.6988811097038,354.0153479231714,1.0,1.0,False,0.0008064,0.004435199999999999,711.4224950703338
11,H2,Small,W,5.16,20.0,60.0,0.0056895999999999995,5.6895999999999995,50000.0,0.5,579.5406064399782,354.0153479231714,1.0,1.0,False,0.0008064,0.004435199999999999,711.4224950703338
11,H2,Small,W,5.16,20.0,60.0,0.0057344,5.7344,50000.0,0.5,584.2178536603161,354.0153479231714,1.0,1.0,False,0.0008064,0.004435199999999999,711.4224950703338
11,H2,Small,W,5.16,20.0,60.0,0.0057792,5.7792,50000.0,0.5,588.7362872215125,354.0153479231714,1.0,1.0,False,0.0008064,0.004435199999999999,711.4224950703338
11,H2,Small,W,5.16,20.0,60.0,0.005823999999999999,5.823999999999999,50000.0,0.5,593.1013713763188,354.0153479231714,1.0,1.0,False,0.0008064,0.004435199999999999,711.4224950703338
11,H2,Small,W,5.16,20.0,60.0,0.0058687999999999995,5.868799999999999,50000.0,0.5,597.3183775933828,354.0153479231714,1.0,1.0,False,0.0008064,0.004435199999999999,711.4224950703338
11,H2,Small,W,5.16,20.0,60.0,0.0059136,5.9136,50000.0,0.5,601.3923916747202,354.0153479231714,1.0,1.0,False,0.0008064,0.004435199999999999,711.4224950703338
11,H2,Small,W,5.16,20.0,60.0,0.0059584,5.9584,50000.0,0.5,605.3283205899211,354.0153479231714,1.0,1.0,False,0.0008064,0.004435199999999999,711.4224950703338
11,H2,Small,W,5.16,20.0,60.0,0.006003199999999999,6.0032,50000.0,0.5,609.130899039636,354.0153479231714,1.0,1.0,False,0.0008064,0.004435199999999999,711.4224950703338
11,H2,Small,W,5.16,20.0,60.0,0.0060479999999999996,6.047999999999999,50000.0,0.5,612.8046957602569,354.0153479231714,1.0,1.0,False,0.0008064,0.004435199999999999,711.4224950703338
11,H2,Small,W,5.16,20.0,60.0,0.0060928,6.0927999999999995,50000.0,0.5,616.3541195811176,354.0153479231714,1.0,1.0,False,0.0008064,0.004435199999999999,711.4224950703338
11,H2,Small,W,5.16,20.0,60.0,0.0061376,6.1376,50000.0,0.5,619.7834252449794,354.0153479231714,1.0,1.0,False,0.0008064,0.004435199999999999,711.4224950703338
11,H2,Small,W,5.16,20.0,60.0,0.006182399999999999,6.1823999999999995,50000.0,0.5,623.0967190020368,354.0153479231714,1.0,1.0,False,0.0008064,0.004435199999999999,711.4224950703338
11,H2,Small,W,5.16,20.0,60.0,0.0062272,6.2272,50000.0,0.5,626.2979639871811,354.0153479231714,1.0,1.0,False,0.0008064,0.004435199999999999,711.4224950703338
11,H2,Small,W,5.16,20.0,60.0,0.006272,6.272,50000.0,0.5,629.3909853897832,354.0153479231714,1.0,1.0,False,0.0008064,0.004435199999999999,711.4224950703338
11,H2,Small,W,5.16,20.0,60.0,0.0063168,6.3168,50000.0,0.5,632.3794754248133,354.0153479231714,1.0,1.0,False,0.0008064,0.004435199999999999,711.4224950703338
11,H2,Small,W,5.16,20.0,60.0,0.006361599999999999,6.361599999999999,50000.0,0.5,635.2669981136912,354.0153479231714,1.0,1.0,False,0.0008064,0.004435199999999999,711.4224950703338
11,H2,Small,W,5.16,20.0,60.0,0.0064064,6.4064,50000.0,0.5,638.056993882858,354.0153479231714,1.0,1.0,False,0.0008064,0.004435199999999999,711.4224950703338
11,H2,Small,W,5.16,20.0,60.0,0.0064512,6.4512,50000.0,0.5,640.7527839876872,354.0153479231714,1.0,1.0,False,0.0008064,0.004435199999999999,711.4224950703338
11,H2,Small,W,5.16,20.0,60.0,0.006496,6.496,50000.0,0.5,643.3575747689882,354.0153479231714,1.0,1.0,False,0.0008064,0.004435199999999999,711.4224950703338
11,H2,Small,W,5.16,20.0,60.0,0.006540799999999999,6.540799999999999,50000.0,0.5,645.8744617490221,354.0153479231714,1.0,1.0,False,0.0008064,0.004435199999999999,711.4224950703338
11,H2,Small,W,5.16,20.0,60.0,0.0065856,6.5855999999999995,50000.0,0.5,648.3064335736224,354.0153479231714,1.0,1.0,False,0.0008064,0.004435199999999999,711.4224950703338
11,H2,Small,W,5.16,20.0,60.0,0.0066304,6.6304,50000.0,0.5,650.6563758067138,354.0153479231714,1.0,1.0,False,0.0008064,0.004435199999999999,711.4224950703338
11,H2,Small,W,5.16,20.0,60.0,0.0066752,6.6752,50000.0,0.5,652.9270745832307,354.0153479231714,1.0,1.0,False,0.0008064,0.004435199999999999,711.4224950703338
11,H2,Small,W,5.16,20.0,60.0,0.006719999999999999,6.72,50000.0,0.5,655.1212201261646,354.0153479231714,1.0,1.0,False,0.0008064,0.004435199999999999,711.4224950703338
11,H2,Small,W,5.16,20.0,60.0,0.0067648,6.764799999999999,50000.0,0.5,657.2414101332091,354.0153479231714,1.0,1.0,False,0.0008064,0.004435199999999999,711.4224950703338
11,H2,Small,W,5.16,20.0,60.0,0.0068096,6.8096,50000.0,0.5,659.2901530382271,354.0153479231714,1.0,1.0,False,0.0008064,0.004435199999999999,711.4224950703338
11,H2,Small,W,5.16,20.0,60.0,0.0068544,6.8544,50000.0,0.5,661.2698711525298,354.0153479231714,1.0,1.0,False,0.0008064,0.004435199999999999,711.4224950703338
11,H2,Small,W,5.16,20.0,60.0,0.006899199999999999,6.8991999999999996,50000.0,0.5,663.1829036907352,354.0153479231714,1.0,1.0,False,0.0008064,0.004435199999999999,711.4224950703338
11,H2,Small,W,5.16,20.0,60.0,0.006944,6.944,50000.0,0.5,665.0315096857647,354.0153479231714,1.0,1.0,False,0.0008064,0.004435199999999999,711.4224950703338
11,H2,Small,W,5.16,20.0,60.0,0.0069888,6.9887999999999995,50000.0,0.5,666.8178707973353,354.0153479231714,1.0,1.0,False,0.0008064,0.004435199999999999,711.4224950703338
11,H2,Small,W,5.16,20.0,60.0,0.0070336,7.0336,50000.0,0.5,668.5440940181153,354.0153479231714,1.0,1.0,False,0.0008064,0.004435199999999999,711.4224950703338
11,H2,Small,W,5.16,20.0,60.0,0.0070783999999999994,7.078399999999999,50000.0,0.5,670.2122142815309,354.0153479231714,1.0,1.0,False,0.0008064,0.004435199999999999,711.4224950703338
11,H2,Small,W,5.16,20.0,60.0,0.0071232,7.1232,50000.0,0.5,671.8241969750395,354.0153479231714,1.0,1.0,False,0.0008064,0.004435199999999999,711.4224950703338
11,H2,Small,W,5.16,20.0,60.0,0.007168,7.168,50000.0,0.5,673.3819403625213,354.0153479231714,1.0,1.0,False,0.0008064,0.004435199999999999,711.4224950703338
11,H2,Small,W,5.16,20.0,60.0,0.007212799999999999,7.2128,50000.0,0.5,674.8872779192865,354.0153479231714,1.0,1.0,False,0.0008064,0.004435199999999999,711.4224950703338
11,H2,Small,W,5.16,20.0,60.0,0.0072575999999999995,7.257599999999999,50000.0,0.5,676.3419805830471,354.0153479231714,1.0,1.0,False,0.0008064,0.004435199999999999,711.4224950703338
11,H2,Small,W,5.16,20.0,60.0,0.0073024,7.3024,50000.0,0.5,677.747758924061,354.0153479231714,1.0,1.0,False,0.0008064,0.004435199999999999,711.4224950703338
11,H2,Small,W,5.16,20.0,60.0,0.0073472,7.3472,50000.0,0.5,679.106265237522,354.0153479231714,1.0,1.0,False,0.0008064,0.004435199999999999,711.4224950703338
11,H2,Small,W,5.16,20.0,60.0,0.007391999999999999,7.3919999999999995,50000.0,0.5,680.4190955611421,354.0153479231714,1.0,1.0,False,0.0008064,0.004435199999999999,711.4224950703338
11,H2,Small,W,5.16,20.0,60.0,0.0074367999999999995,7.4368,50000.0,0.5,681.6877916207493,354.0153479231714,1.0,1.0,False,0.0008064,0.004435199999999999,711.4224950703338
11,H2,Small,W,5.16,20.0,60.0,0.0074816,7.481599999999999,50000.0,0.5,682.9138427066107,354.0153479231714,1.0,1.0,False,0.0008064,0.004435199999999999,711.4224950703338
11,H2,Small,W,5.16,20.0,60.0,0.0075264,7.5264,50000.0,0.5,684.098687483075,354.0153479231714,1.0,1.0,False,0.0008064,0.004435199999999999,711.4224950703338
11,H2,Small,W,5.16,20.0,60.0,0.007571199999999999,7.571199999999999,50000.0,0.5,685.2437157340285,354.0153479231714,1.0,1.0,False,0.0008064,0.004435199999999999,711.4224950703338
11,H2,Small,W,5.16,20.0,60.0,0.0076159999999999995,7.616,50000.0,0.5,686.350270046553,354.0153479231714,1.0,1.0,False,0.0008064,0.004435199999999999,711.4224950703338
11,H2,Small,W,5.16,20.0,60.0,0.0076608,7.6608,50000.0,0.5,687.4196474350808,354.0153479231714,1.0,1.0,False,0.0008064,0.004435199999999999,711.4224950703338
11,H2,Small,W,5.16,20.0,60.0,0.0077056,7.7056,50000.0,0.5,688.4531009082485,354.0153479231714,1.0,1.0,False,0.0008064,0.004435199999999999,711.4224950703338
11,H2,Small,W,5.16,20.0,60.0,0.007750399999999999,7.750399999999999,50000.0,0.5,689.4518409805632,354.0153479231714,1.0,1.0,False,0.0008064,0.004435199999999999,711.4224950703338
11,H2,Small,W,5.16,20.0,60.0,0.0077951999999999995,7.7951999999999995,50000.0,0.5,690.4170371309121,354.0153479231714,1.0,1.0,False,0.0008064,0.004435199999999999,711.4224950703338
11,H2,Small,W,5.16,20.0,60.0,0.00784,7.84,50000.0,0.5,691.3498192098652,354.0153479231714,1.0,1.0,False,0.0008064,0.004435199999999999,711.4224950703338
11,H2,Small,W,5.16,20.0,60.0,0.007884799999999999,7.884799999999999,50000.0,0.5,692.2512787976436,354.0153479231714,1.0,1.0,False,0.0008064,0.004435199999999999,711.4224950703338
11,H2,Small,W,5.16,20.0,60.0,0.0079296,7.9296,50000.0,0.5,693.1224705145542,354.0153479231714,1.0,1.0,False,0.0008064,0.004435199999999999,711.4224950703338
11,H2,Small,W,5.16,20.0,60.0,0.0079744,7.974399999999999,50000.0,0.5,693.9644132856191,354.0153479231714,1.0,1.0,False,0.0008064,0.004435199999999999,711.4224950703338
11,H2,Small,W,5.16,20.0,60.0,0.008019199999999999,8.0192,50000.0,0.5,694.778091561064,354.0153479231714,1.0,1.0,False,0.0008064,0.004435199999999999,711.4224950703338
11,H2,Small,W,5.16,20.0,60.0,0.008064,8.064,50000.0,0.5,695.5644564942608,354.0153479231714,1.0,1.0,False,0.0008064,0.004435199999999999,711.4224950703338
11,H2,Small,W,5.16,20.0,60.0,0.0081088,8.108799999999999,50000.0,0.5,696.3244270786632,354.0153479231714,1.0,1.0,False,0.0008064,0.004435199999999999,711.4224950703338
11,H2,Small,W,5.16,20.0,60.0,0.0081536,8.1536,50000.0,0.5,697.0588912452131,354.0153479231714,1.0,1.0,False,0.0008064,0.004435199999999999,711.4224950703338
11,H2,Small,W,5.16,20.0,60.0,0.0081984,8.1984,50000.0,0.5,697.7687069216356,354.0153479231714,1.0,1.0,False,0.0008064,0.004435199999999999,711.4224950703338
11,H2,Small,W,5.16,20.0,60.0,0.0082432,8.2432,50000.0,0.5,698.4547030549938,354.0153479231714,1.0,1.0,False,0.0008064,0.004435199999999999,711.4224950703338
11,H2,Small,W,5.16,20.0,60.0,0.008288,8.288,50000.0,0.5,699.1176805988154,354.0153479231714,1.0,1.0,False,0.0008064,0.004435199999999999,711.4224950703338
11,H2,Small,W,5.16,20.0,60.0,0.0083328,8.332799999999999,50000.0,0.5,699.7584134660573,354.0153479231714,1.0,1.0,False,0.0008064,0.004435199999999999,711.4224950703338
11,H2,Small,W,5.16,20.0,60.0,0.008377599999999999,8.3776,50000.0,0.5,700.3776494491267,354.0153479231714,1.0,1.0,False,0.0008064,0.004435199999999999,711.4224950703338
11,H2,Small,W,5.16,20.0,60.0,0.0084224,8.4224,50000.0,0.5,700.9761111081295,354.0153479231714,1.0,1.0,False,0.0008064,0.004435199999999999,711.4224950703338
11,H2,Small,W,5.16,20.0,60.0,0.0084672,8.4672,50000.0,0.5,701.5544966284748,354.0153479231714,1.0,1.0,False,0.0008064,0.004435199999999999,711.4224950703338
11,H2,Small,W,5.16,20.0,60.0,0.008512,8.512,50000.0,0.5,702.113480648921,354.0153479231714,1.0,1.0,False,0.0008064,0.004435199999999999,711.4224950703338
11,H2,Small,W,5.16,20.0,60.0,0.0085568,8.556799999999999,50000.0,0.5,702.6537150611102,354.0153479231714,1.0,1.0,False,0.0008064,0.004435199999999999,711.4224950703338
11,H2,Small,W,5.16,20.0,60.0,0.0086016,8.6016,50000.0,0.5,703.1758297815966,354.0153479231714,1.0,1.0,False,0.0008064,0.004435199999999999,711.4224950703338
11,H2,Small,W,5.16,20.0,60.0,0.0086464,8.6464,50000.0,0.5,703.6804334973391,354.0153479231714,1.0,1.0,False,0.0008064,0.004435199999999999,711.4224950703338
11,H2,Small,W,5.16,20.0,60.0,0.0086912,8.6912,50000.0,0.5,704.1681143855932,354.0153479231714,1.0,1.0,False,0.0008064,0.004435199999999999,711.4224950703338
11,H2,Small,W,5.16,20.0,60.0,0.008735999999999999,8.735999999999999,50000.0,0.5,704.6394408090991,354.0153479231714,1.0,1.0,False,0.0008064,0.004435199999999999,711.4224950703338
11,H2,Small,W,5.16,20.0,60.0,0.0087808,8.7808,50000.0,0.5,705.0949619874367,354.0153479231714,1.0,1.0,False,0.0008064,0.004435199999999999,711.4224950703338
11,H2,Small,W,5.16,20.0,60.0,0.0088256,8.8256,50000.0,0.5,705.5352086453782,354.0153479231714,1.0,1.0,False,0.0008064,0.004435199999999999,711.4224950703338
11,H2,Small,W,5.16,20.0,60.0,0.008870399999999999,8.870399999999998,50000.0,0.5,705.960693639047,354.0153479231714,1.0,1.0,False,0.0008064,0.004435199999999999,711.4224950703338
11,H2,Small,W,5.16,20.0,60.0,0.0089152,8.9152,50000.0,0.5,706.3719125606552,354.0153479231714,1.0,1.0,False,0.0008064,0.004435199999999999,711.4224950703338
11,H2,Small,W,5.16,20.0,60.0,0.00896,8.959999999999999,50000.0,0.5,706.7693443225689,354.0153479231714,1.0,1.0,False,0.0008064,0.004435199999999999,711.4224950703338
12,H2,Small,B,5.16,20.0,60.0,0.0,0.0,500000.0,5.0,293.0,425.268435036257,0.0,0.0,False,0.0008064,0.004435199999999999,711.4224950703338
12,H2,Small,B,5.16,20.0,60.0,4.48e-05,0.0448,499425.17593330314,4.994251759333031,301.3747070302083,425.22504796044535,0.0,0.0,False,0.0008064,0.004435199999999999,711.4224950703338
12,H2,Small,B,5.16,20.0,60.0,8.96e-05,0.0896,498850.3518666063,4.988503518666063,309.58056492311704,425.1816204267491,0.0,0.0,False,0.0008064,0.004435199999999999,711.4224950703338
12,H2,Small,B,5.16,20.0,60.0,0.0001344,0.1344,498275.5277999094,4.982755277999094,317.62115598931035,425.13815234971383,0.0,0.0,False,0.0008064,0.004435199999999999,711.4224950703338
12,H2,Small,B,5.16,20.0,60.0,0.0001792,0.1792,497700.70373321255,4.977007037332125,325.499950517297,425.09464364360485,0.0,0.0,False,0.0008064,0.004435199999999999,711.4224950703338
12,H2,Small,B,5.16,20.0,60.0,0.000224,0.224,497125.8796665157,4.971258796665157,333.22034089909533,425.0510942224064,0.0,0.0,False,0.0008064,0.004435199999999999,711.4224950703338
12,H2,Small,B,5.16,20.0,60.0,0.0002688,0.2688,496551.0555998188,4.965510555998188,340.78564351392885,425.00750399981985,0.0,0.0,False,0.0008064,0.004435199999999999,711.4224950703338
12,H2,Small,B,5.16,20.0,60.0,0.0003136,0.3136,495976.23153312196,4.959762315331219,348.19910057046246,424.963872889263,0.0,0.0,False,0.0008064,0.004435199999999999,711.4224950703338
12,H2,Small,B,5.16,20.0,60.0,0.0003584,0.3584,495401.4074664251,4.954014074664251,355.4638819043166,424.9202008038685,0.0,0.0,False,0.0008064,0.004435199999999999,711.4224950703338
12,H2,Small,B,5.16,20.0,60.0,0.0004032,0.4032,494826.58339972823,4.948265833997282,362.5830867314881,424.8764876564827,0.0,0.0,False,0.0008064,0.004435199999999999,711.4224950703338
12,H2,Small,B,5.16,20.0,60.0,0.000448,0.448,494251.75933303137,4.942517593330313,369.5597453584177,424.8327333596643,0.0,0.0,False,0.0008064,0.004435199999999999,711.4224950703338
12,H2,Small,B,5.16,20.0,60.0,0.0004927999999999999,0.49279999999999996,493676.9352663345,4.936769352663345,376.3968208493015,424.7889378256831,0.0,0.0,False,0.0008064,0.004435199999999999,711.4224950703338
12,H2,Small,B,5.16,20.0,60.0,0.0005376,0.5376,493102.11119963764,4.931021111996376,383.0972106513251,424.7451009665186,0.0,0.0,False,0.0008064,0.004435199999999999,711.4224950703338
12,H2,Small,B,5.16,20.0,60.0,0.0005824,0.5823999999999999,492527.2871329408,4.925272871329407,389.6637481785638,424.701222693859,0.0,0.0,False,0.0008064,0.004435199999999999,711.4224950703338
12,H2,Small,B,5.16,20.0,60.0,0.0006272,0.6272,491952.4630662439,4.919524630662439,396.09920435534406,424.6573029190995,0.0,0.0,False,0.0008064,0.004435199999999999,711.4224950703338
12,H2,Small,B,5.16,20.0,60.0,0.000672,0.6719999999999999,491377.63899954705,4.913776389995471,402.40628911989694,424.6133415533413,0.0,0.0,False,0.0008064,0.004435199999999999,711.4224950703338
12,H2,Small,B,5.16,20.0,60.0,0.0007168,0.7168,490802.8149328502,4.908028149328502,408.5876528891636,424.56933850738994,0.0,0.0,False,0.0008064,0.004435199999999999,711.4224950703338
12,H2,Small,B,5.16,20.0,60.0,0.0007616,0.7615999999999999,490227.9908661533,4.902279908661534,414.64588798563045,424.52529369175437,0.0,0.0,False,0.0008064,0.004435199999999999,711.4224950703338
12,H2,Small,B,5.16,20.0,60.0,0.0008064,0.8064,489653.16679945646,4.896531667994565,420.58352999834517,424.48120701664556,0.0,0.0,False,0.0008064,0.004435199999999999,711.4224950703338
12,H2,Small,B,5.16,20.0,60.0,0.0008512,0.8512,489078.3427327596,4.890783427327596,424.48120701664556,424.43707839197464,0.003589955207429316,0.5799884138313258,True,0.0008064,0.004435199999999999,711.4224950703338
12,H2,Small,B,5.16,20.0,60.0,0.000896,0.896,487669.37375630747,4.876693737563075,424.43707839197464,424.3287353635018,0.01428815503318816,0.8475977086745913,True,0.0008064,0.004435199999999999,711.4224950703338
12,H2,Small,B,5.16,20.0,60.0,0.0009408,0.9408,483470.6857951223,4.834706857951223,424.3287353635018,424.00436513300434,0.025000145365661537,0.9079526976409216,True,0.0008064,0.004435199999999999,711.4224950703338
12,H2,Small,B,5.16,20.0,60.0,0.0009855999999999999,0.9855999999999999,476007.46364313463,4.760074636431346,424.00436513300434,423.42211404250344,0.03573291836725486,0.9349314361902349,True,0.0008064,0.004435199999999999,711.4224950703338
12,H2,Small,B,5.16,20.0,60.0,0.0010304,1.0304,464757.8032803303,4.647578032803303,423.42211404250344,422.53031544263047,0.04649518061978407,0.9504387664593641,True,0.0008064,0.004435199999999999,711.4224950703338
12,H2,Small,B,5.16,20.0,60.0,0.0010752,1.0752,449113.49940708006,4.4911349940708005,422.53031544263047,421.2605689884136,0.05729768517617271,0.9606770131753886,True,0.0008064,0.004435199999999999,711.4224950703338
12,H2,Small,B,5.16,20.0,60.0,0.00112,1.1199999999999999,428321.1160423534,4.283211160423534,421.2605689884136,419.5162017887182,0.068153838788437,0.9680821097558497,True,0.0008064,0.004435199999999999,711.4224950703338
12,H2,Small,B,5.16,20.0,60.0,0.0011648,1.1647999999999998,406905.0602402357,4.069050602402357,419.5162017887182,417.6460333635949,0.07908074388404933,0.9738115812707481,True,0.0008064,0.004435199999999999,711.4224950703338
12,H2,Small,B,5.16,20.0,60.0,0.0012096,1.2096,386559.8072282239,3.8655980722822387,417.6460333635949,415.7936767012306,0.0900826608326648,0.9782255471392842,True,0.0008064,0.004435199999999999,711.4224950703338
12,H2,Small,B,5.16,20.0,60.0,0.0012544,1.2544,367231.8168668127,3.672318168668127,415.7936767012306,413.9588785448291,0.10115852853811755,0.9816581774078806,True,0.0008064,0.004435199999999999,711.4224950703338
12,H2,Small,B,5.16,20.0,60.0,0.0012992,1.2992,348870.2260234721,3.488702260234721,413.9588785448291,412.14139041619285,0.11230731164042476,0.9843877075353675,True,0.0008064,0.004435199999999999,711.4224950703338
12,H2,Small,B,5.16,20.0,60.0,0.001344,1.3439999999999999,331426.7147222985,3.314267147222985,412.14139041619285,410.34096850354575,0.12352801199308852,0.9865972794570566,True,0.0008064,0.004435199999999999,711.4224950703338
12,H2,Small,B,5.16,20.0,60.0,0.0013888,1.3888,314855.37898618355,3.1485537898618357,410.34096850354575,408.5573735525002,0.13481966495823075,0.9884123075785314,True,0.0008064,0.004435199999999999,711.4224950703338
12,H2,Small,B,5.16,20.0,60.0,0.0014336,1.4336,299112.61003687436,2.9911261003687435,408.5573735525002,406.79037076006847,0.14618133619106966,0.989921513255089,True,0.0008064,0.004435199999999999,711.4224950703338
12,H2,Small,B,5.16,20.0,60.0,0.0014784,1.4784,284156.97953503067,2.8415697953503067,406.79037076006847,405.0397296716167,0.15761211883251453,0.9911893897241311,True,0.0008064,0.004435199999999999,711.4224950703338
12,H2,Small,B,5.16,20.0,60.0,0.0015232,1.5231999999999999,269949.1305582791,2.699491305582791,405.0397296716167,403.3052240806693,0.16911113109805753,0.9922639114570024,True,0.0008064,0.004435199999999999,711.4224950703338
12,H2,Small,B,5.16,20.0,60.0,0.001568,1.568,256451.67403036516,2.5645167403036515,403.3052240806693,401.58663193147066,0.18067751393683393,0.9931814779276444,True,0.0008064,0.004435199999999999,711.4224950703338
12,H2,Small,B,5.16,20.0,60.0,0.0016128,1.6128,243629.0903288469,2.436290903288469,401.58663193147066,399.88373522421693,0.1923104292596115,0.9939701838413537,True,0.0008064,0.004435199999999999,711.4224950703338
12,H2,Small,B,5.16,20.0,60.0,0.0016576,1.6576,231447.63581240457,2.3144763581240455,399.88373522421693,398.19631992287174,0.20400905815505352,0.9946520413321523,True,0.0008064,0.004435199999999999,711.4224950703338
12,H2,Small,B,5.16,20.0,60.0,0.0017024,1.7024,219875.25402178435,2.1987525402178436,398.19631992287174,396.5241758654854,0.2157725993348565,0.9952445260280491,True,0.0008064,0.004435199999999999,711.4224950703338
12,H2,Small,B,5.16,20.0,60.0,0.0017472,1.7471999999999999,208881.49132069515,2.0888149132069516,396.5241758654854,394.8670966769377,0.22760026772733707,0.9957616753325169,True,0.0008064,0.004435199999999999,711.4224950703338
12,H2,Small,B,5.16,20.0,60.0,0.001792,1.792,198437.4167546604,1.984374167546604,394.8670966769377,393.2248796840285,0.23949129319740134,0.9962148831977014,True,0.0008064,0.004435199999999999,711.4224950703338
12,H2,Small,B,5.16,20.0,60.0,0.0018368,1.8368,188515.54591692737,1.8851554591692736,393.2248796840285,391.59732583284307,0.2514449193741267,0.9966134848808446,True,0.0008064,0.004435199999999999,711.4224950703338
12,H2,Small,B,5.16,20.0,60.0,0.0018816,1.8816,179089.768621081,1.79089768621081,391.59732583284307,389.9842396083205,0.26346040256988545,0.9969651936535537,True,0.0008064,0.004435199999999999,711.4224950703338
12,H2,Small,B,5.16,20.0,60.0,0.0019264,1.9264,170135.28019002694,1.7013528019002695,389.9842396083205,388.38542895595805,0.27553701077715625,0.9972764313843342,True,0.0008064,0.004435199999999999,711.4224950703338
12,H2,Small,B,5.16,20.0,60.0,0.0019711999999999998,1.9711999999999998,161628.5161805256,1.6162851618052558,388.38542895595805,386.8007052055851,0.28767459133038686,0.9975525886534992,True,0.0008064,0.004435199999999999,711.4224950703338
12,H2,Small,B,5.16,20.0,60.0,0.002016,2.016,153547.0903714993,1.535470903714993,386.8007052055851,385.2298829971424,0.29987258684374624,0.9977982066798194,True,0.0008064,0.004435199999999999,711.4224950703338
12,H2,Small,B,5.16,20.0,60.0,0.0020608,2.0608,145869.73585292435,1.4586973585292435,385.2298829971424,383.67278020840706,0.31213031542486686,0.9980171373813219,True,0.0008064,0.004435199999999999,711.4224950703338
12,H2,Small,B,5.16,20.0,60.0,0.0021056,2.1056,138576.24906027812,1.3857624906027812,383.67278020840706,382.12921788460227,0.32444710517337066,0.998212666788933,True,0.0008064,0.004435199999999999,711.4224950703338
12,H2,Small,B,5.16,20.0,60.0,0.0021504,2.1504,131647.43660726422,1.3164743660726421,382.12921788460227,380.5990201698355,0.336822293470722,0.9983876117848501,True,0.0008064,0.004435199999999999,711.4224950703338
12,H2,Small,B,5.16,20.0,60.0,0.0021952,2.1952,125065.06477690101,1.25065064776901,380.5990201698355,379.0820142403104,0.34925522630274863,0.9985443978732685,True,0.0008064,0.004435199999999999,711.4224950703338
12,H2,Small,B,5.16,20.0,60.0,0.00224,2.2399999999999998,118811.81153805596,1.1881181153805596,379.0820142403104,377.5780302392578,0.36174525760893245,0.998685122171047,True,0.0008064,0.004435199999999999,711.4224950703338
12,H2,Small,B,5.16,20.0,60.0,0.0022848,2.2848,112871.22096115316,1.1287122096115316,377.5780302392578,376.08690121353624,0.37429174865308906,0.998811604782516,True,0.0008064,0.004435199999999999,711.4224950703338
12,H2,Small,B,5.16,20.0,60.0,0.0023296,2.3295999999999997,107227.6599130955,1.072276599130955,376.08690121353624,374.6084630518502,0.38689406741047166,0.9989254309722148,True,0.0008064,0.004435199999999999,711.4224950703338
12,H2,Small,B,5.16,20.0,60.0,0.0023744,2.3744,101866.27691744073,1.0186627691744072,374.6084630518502,373.1425544245397,0.3995515879666654,0.9990279859933116,True,0.0008064,0.004435199999999999,711.4224950703338
12,H2,Small,B,5.16,20.0,60.0,0.0024192,2.4192,96772.9630715687,0.967729630715687,373.1425544245397,371.6890167248944,0.4122636899238904,0.9991204840134543,True,0.0008064,0.004435199999999999,711.4224950703338
12,H2,Small,B,5.16,20.0,60.0,0.002464,2.464,91934.31491799025,0.9193431491799026,371.6890167248944,370.24769401194663,0.425029757810516,0.9992039922656937,True,0.0008064,0.004435199999999999,711.4224950703338
12,H2,Small,B,5.16,20.0,60.0,0.0025088,2.5088,87337.59917209075,0.8733759917209075,370.24769401194663,368.81843295470134,0.437849180489709,0.9992794513129233,True,0.0008064,0.004435199999999999,711.4224950703338
12,H2,Small,B,5.16,20.0,60.0,0.0025536,2.5536,82970.71921348621,0.8297071921348621,368.81843295470134,367.4010827777596,0.45072135056319973,0.9993476921306672,True,0.0008064,0.004435199999999999,711.4224950703338
12,H2,Small,B,5.16,20.0,60.0,0.0025984,2.5984,78822.1832528119,0.788221832528119,367.4010827777596,365.99549520829646,0.4636456637661572,0.9994094505710095,True,0.0008064,0.004435199999999999,711.4224950703338
12,H2,Small,B,5.16,20.0,60.0,0.0026432,2.6432,74881.0740901713,0.748810740901713,365.99549520829646,364.60152442435344,0.476621518349114,0.9994653796598171,True,0.0008064,0.004435199999999999,711.4224950703338
12,H2,Small,B,5.16,20.0,60.0,0.002688,2.6879999999999997,71137.02038566273,0.7113702038566273,364.60152442435344,363.2190270044072,0.4896483144427827,0.9995160600926273,True,0.0008064,0.004435199999999999,711.4224950703338
12,H2,Small,B,5.16,20.0,60.0,0.0027328,2.7328,67580.1693663796,0.675801693663796,363.2190270044072,361.84786187817934,0.5027254534014475,0.9995620092260639,True,0.0008064,0.004435199999999999,711.4224950703338
12,H2,Small,B,5.16,20.0,60.0,0.0027776,2.7776,64201.160898060625,0.6420116089806063,361.84786187817934,360.48789027864984,0.5158523371204057,0.9996036888072489,True,0.0008064,0.004435199999999999,711.4224950703338
12,H2,Small,B,5.16,20.0,60.0,0.0028224,2.8224,60991.102853157594,0.609911028531576,360.48789027864984,359.1389756952418,0.5290283673226649,0.999641511640231,True,0.0008064,0.004435199999999999,711.4224950703338
12,H2,Small,B,5.16,20.0,60.0,0.0028672,2.8672,57941.54771049971,0.5794154771049971,359.1389756952418,357.80098382814265,0.5422528355677382,0.9996758472109238,True,0.0008064,0.004435199999999999,711.4224950703338
12,H2,Small,B,5.16,20.0,60.0,0.0029119999999999997,2.9119999999999995,55044.470324974725,0.5504447032497473,357.80098382814265,356.4737825437315,0.5555244462773584,0.9997070261920874,True,0.0008064,0.004435199999999999,711.4224950703338
12,H2,Small,B,5.16,20.0,60.0,0.0029568,2.9568,52292.24680872599,0.52292246808726,356.4737825437315,355.15724183107966,0.5688425571531787,0.9997353464385049,True,0.0008064,0.004435199999999999,711.4224950703338
12,H2,Small,B,5.16,20.0,60.0,0.0030015999999999997,3.0016,50000.0,0.5,355.15724183107966,354.0153479231714,0.5822065195766762,0.9997610757498688,True,0.0008064,0.004435199999999999,711.4224950703338
12,H2,Small,B,5.16,20.0,60.0,0.0030464,3.0463999999999998,50000.0,0.5,354.0153479231714,354.0153479231714,0.5956095336625665,0.9997831518204245,True,0.0008064,0.004435199999999999,711.4224950703338
12,H2,Small,B,5.16,20.0,60.0,0.0030911999999999997,3.0911999999999997,50000.0,0.5,354.0153479231714,354.0153479231714,0.6090085698542101,0.9997949473098625,True,0.0008064,0.004435199999999999,711.4224950703338
12,H2,Small,B,5.16,20.0,60.0,0.003136,3.136,50000.0,0.5,354.0153479231714,354.0153479231714,0.6224032323660467,0.9998062315938756,True,0.0008064,0.004435199999999999,711.4224950703338
12,H2,Small,B,5.16,20.0,60.0,0.0031807999999999997,3.1807999999999996,50000.0,0.5,354.0153479231714,354.0153479231714,0.6357932638454559,0.9998170369953475,True,0.0008064,0.004435199999999999,711.4224950703338
12,H2,Small,B,5.16,20.0,60.0,0.0032256,3.2256,50000.0,0.5,354.0153479231714,354.0153479231714,0.6491783951771819,0.9998273931593605,True,0.0008064,0.004435199999999999,711.4224950703338
12,H2,Small,B,5.16,20.0,60.0,0.0032703999999999997,3.2703999999999995,50000.0,0.5,354.0153479231714,354.0153479231714,0.6625583442726466,0.9998373273239745,True,0.0008064,0.004435199999999999,711.4224950703338
12,H2,Small,B,5.16,20.0,60.0,0.0033152,3.3152,50000.0,0.5,354.0153479231714,354.0153479231714,0.6759321253076632,0.9998468640768069,True,0.0008064,0.004435199999999999,711.4224950703338
12,H2,Small,B,5.16,20.0,60.0,0.0033599999999999997,3.36,50000.0,0.5,354.0153479231714,354.0153479231714,0.6892982215302589,0.999856025775268,True,0.0008064,0.004435199999999999,711.4224950703338
12,H2,Small,B,5.16,20.0,60.0,0.0034048,3.4048,50000.0,0.5,354.0153479231714,354.0153479231714,0.702656178915918,0.9998648338195132,True,0.0008064,0.004435199999999999,711.4224950703338
12,H2,Small,B,5.16,20.0,60.0,0.0034495999999999997,3.4495999999999998,50000.0,0.5,354.0153479231714,354.0153479231714,0.7160055132018446,0.9998733079928013,True,0.0008064,0.004435199999999999,711.4224950703338
12,H2,Small,B,5.16,20.0,60.0,0.0034944,3.4943999999999997,50000.0,0.5,354.0153479231714,354.0153479231714,0.7293457069544693,0.9998814666095484,True,0.0008064,0.004435199999999999,711.4224950703338
12,H2,Small,B,5.16,20.0,60.0,0.0035391999999999997,3.5391999999999997,50000.0,0.5,354.0153479231714,354.0153479231714,0.7426762063476935,0.9998893266472348,True,0.0008064,0.004435199999999999,711.4224950703338
12,H2,Small,B,5.16,20.0,60.0,0.003584,3.584,50000.0,0.5,354.0153479231714,354.0153479231714,0.7559955597574044,0.999896903384757,True,0.0008064,0.004435199999999999,711.4224950703338
12,H2,Small,B,5.16,20.0,60.0,0.0036287999999999997,3.6287999999999996,50000.0,0.5,354.0153479231714,354.0153479231714,0.7693022743260558,0.9999042110543006,True,0.0008064,0.004435199999999999,711.4224950703338
12,H2,Small,B,5.16,20.0,60.0,0.0036736,3.6736,50000.0,0.5,354.0153479231714,354.0153479231714,0.7825954972746142,0.999911263284569,True,0.0008064,0.004435199999999999,711.4224950703338
12,H2,Small,B,5.16,20.0,60.0,0.0037183999999999997,3.7184,50000.0,0.5,354.0153479231714,354.0153479231714,0.7958743031753063,0.9999180727618127,True,0.0008064,0.004435199999999999,711.4224950703338
12,H2,Small,B,5.16,20.0,60.0,0.0037632,3.7632,50000.0,0.5,354.0153479231714,354.0153479231714,0.8091378196820457,0.999924651371059,True,0.0008064,0.004435199999999999,711.4224950703338
12,H2,Small,B,5.16,20.0,60.0,0.0038079999999999998,3.808,50000.0,0.5,354.0153479231714,354.0153479231714,0.8223850728982622,0.9999310101851728,True,0.0008064,0.004435199999999999,711.4224950703338
12,H2,Small,B,5.16,20.0,60.0,0.0038528,3.8528,50000.0,0.5,354.0153479231714,354.0153479231714,0.8356148986494382,0.9999371594921624,True,0.0008064,0.004435199999999999,711.4224950703338
12,H2,Small,B,5.16,20.0,60.0,0.0038975999999999998,3.8975999999999997,50000.0,0.5,354.0153479231714,354.0153479231714,0.8488248541584853,0.999943108380146,True,0.0008064,0.004435199999999999,711.4224950703338
12,H2,Small,B,5.16,20.0,60.0,0.0039423999999999996,3.9423999999999997,50000.0,0.5,354.0153479231714,354.0153479231714,0.8620130650953125,0.9999488656651879,True,0.0008064,0.004435199999999999,711.4224950703338
12,H2,Small,B,5.16,20.0,60.0,0.0039872,3.9871999999999996,50000.0,0.5,354.0153479231714,354.0153479231714,0.875175756081585,0.9999544388604958,True,0.0008064,0.004435199999999999,711.4224950703338
12,H2,Small,B,5.16,20.0,60.0,0.004032,4.032,50000.0,0.5,354.0153479231714,354.0153479231714,0.888308632509903,0.9999598348881256,True,0.0008064,0.004435199999999999,711.4224950703338
12,H2,Small,B,5.16,20.0,60.0,0.0040768,4.0768,50000.0,0.5,354.0153479231714,354.0153479231714,0.9013842429363779,0.9999650512319019,True,0.0008064,0.004435199999999999,711.4224950703338
12,H2,Small,B,5.16,20.0,60.0,0.0041216,4.1216,50000.0,0.5,354.0153479231714,354.0153479231714,0.9143924912622916,0.999970092719904,True,0.0008064,0.004435199999999999,711.4224950703338
12,H2,Small,B,5.16,20.0,60.0,0.0041664,4.166399999999999,50000.0,0.5,354.0153479231714,354.0153479231714,0.9273206106396503,0.9999749630637885,True,0.0008064,0.004435199999999999,711.4224950703338
12,H2,Small,B,5.16,20.0,60.0,0.0042112,4.2112,50000.0,0.5,354.0153479231714,354.0153479231714,0.9401521650444551,0.9999796646261461,True,0.0008064,0.004435199999999999,711.4224950703338
12,H2,Small,B,5.16,20.0,60.0,0.004256,4.256,50000.0,0.5,354.0153479231714,354.0153479231714,0.9528655377632158,0.9999841980467437,True,0.0008064,0.004435199999999999,711.4224950703338
12,H2,Small,B,5.16,20.0,60.0,0.0043008,4.3008,50000.0,0.5,354.0153479231714,354.0153479231714,0.965431547556183,0.9999885616288907,True,0.0008064,0.004435199999999999,711.4224950703338
12,H2,Small,B,5.16,20.0,60.0,0.0043456,4.3456,50000.0,0.5,354.0153479231714,354.0153479231714,0.9778094906928255,0.9999927502910347,True,0.0008064,0.004435199999999999,711.4224950703338
12,H2,Small,B,5.16,20.0,60.0,0.0043904,4.3904,50000.0,0.5,354.0153479231714,354.0153479231714,0.9899401186766971,0.9999967536658405,True,0.0008064,0.004435199999999999,711.4224950703338
12,H2,Small,B,5.16,20.0,60.0,0.004435199999999999,4.435199999999999,50000.0,0.5,354.0153479231714,354.0153479231714,1.0,1.0,False,0.0008064,0.004435199999999999,711.4224950703338
12,H2,Small,B,5.16,20.0,60.0,0.00448,4.4799999999999995,50000.0,0.5,366.4398185094024,354.0153479231714,1.0,1.0,False,0.0008064,0.004435199999999999,711.4224950703338
12,H2,Small,B,5.16,20.0,60.0,0.0045248,4.5248,50000.0,0.5,378.4329458992276,354.0153479231714,1.0,1.0,False,0.0008064,0.004435199999999999,711.4224950703338
12,H2,Small,B,5.16,20.0,60.0,0.0045696,4.5696,50000.0,0.5,390.010201056657,354.0153479231714,1.0,1.0,False,0.0008064,0.004435199999999999,711.4224950703338
12,H2,Small,B,5.16,20.0,60.0,0.004614399999999999,4.6144,50000.0,0.5,401.1864683480986,354.0153479231714,1.0,1.0,False,0.0008064,0.004435199999999999,711.4224950703338
12,H2,Small,B,5.16,20.0,60.0,0.0046592,4.659199999999999,50000.0,0.5,411.9760696205495,354.0153479231714,1.0,1.0,False,0.0008064,0.004435199999999999,711.4224950703338
12,H2,Small,B,5.16,20.0,60.0,0.004704,4.704,50000.0,0.5,422.39278721795444,354.0153479231714,1.0,1.0,False,0.0008064,0.004435199999999999,711.4224950703338
12,H2,Small,B,5.16,20.0,60.0,0.0047488,4.7488,50000.0,0.5,432.44988597915494,354.0153479231714,1.0,1.0,False,0.0008064,0.004435199999999999,711.4224950703338
12,H2,Small,B,5.16,20.0,60.0,0.004793599999999999,4.7936,50000.0,0.5,442.16013426084754,354.0153479231714,1.0,1.0,False,0.0008064,0.004435199999999999,711.4224950703338
12,H2,Small,B,5.16,20.0,60.0,0.0048384,4.8384,50000.0,0.5,451.53582402843506,354.0153479231714,1.0,1.0,False,0.0008064,0.004435199999999999,711.4224950703338
12,H2,Small,B,5.16,20.0,60.0,0.0048832,4.8831999999999995,50000.0,0.5,460.58879005674504,354.0153479231714,1.0,1.0,False,0.0008064,0.004435199999999999,711.4224950703338
12,H2,Small,B,5.16,20.0,60.0,0.004928,4.928,50000.0,0.5,469.3304282814196,354.0153479231714,1.0,1.0,False,0.0008064,0.004435199999999999,711.4224950703338
12,H2,Small,B,5.16,20.0,60.0,0.0049727999999999994,4.972799999999999,50000.0,0.5,477.7717133404334,354.0153479231714,1.0,1.0,False,0.0008064,0.004435199999999999,711.4224950703338
12,H2,Small,B,5.16,20.0,60.0,0.0050176,5.0176,50000.0,0.5,485.9232153437371,354.0153479231714,1.0,1.0,False,0.0008064,0.004435199999999999,711.4224950703338
12,H2,Small,B,5.16,20.0,60.0,0.0050624,5.0624,50000.0,0.5,493.7951159074981,354.0153479231714,1.0,1.0,False,0.0008064,0.004435199999999999,711.4224950703338
12,H2,Small,B,5.16,20.0,60.0,0.0051072,5.1072,50000.0,0.5,501.39722348785693,354.0153479231714,1.0,1.0,False,0.0008064,0.004435199999999999,711.4224950703338
12,H2,Small,B,5.16,20.0,60.0,0.0051519999999999995,5.151999999999999,50000.0,0.5,508.7389880507511,354.0153479231714,1.0,1.0,False,0.0008064,0.004435199999999999,711.4224950703338
12,H2,Small,B,5.16,20.0,60.0,0.0051968,5.1968,50000.0,0.5,515.8295150969292,354.0153479231714,1.0,1.0,False,0.0008064,0.004435199999999999,711.4224950703338
12,H2,Small,B,5.16,20.0,60.0,0.0052416,5.2416,50000.0,0.5,522.6775790909287,354.0153479231714,1.0,1.0,False,0.0008064,0.004435199999999999,711.4224950703338
12,H2,Small,B,5.16,20.0,60.0,0.0052864,5.2864,50000.0,0.5,529.2916363117837,354.0153479231714,1.0,1.0,False,0.0008064,0.004435199999999999,711.4224950703338
12,H2,Small,B,5.16,20.0,60.0,0.0053311999999999995,5.331199999999999,50000.0,0.5,535.6798371544747,354.0153479231714,1.0,1.0,False,0.0008064,0.004435199999999999,711.4224950703338
12,H2,Small,B,5.16,20.0,60.0,0.005376,5.3759999999999994,50000.0,0.5,541.8500379087006,354.0153479231714,1.0,1.0,False,0.0008064,0.004435199999999999,711.4224950703338
12,H2,Small,B,5.16,20.0,60.0,0.0054208,5.4208,50000.0,0.5,547.8098120397146,354.0153479231714,1.0,1.0,False,0.0008064,0.004435199999999999,711.4224950703338
12,H2,Small,B,5.16,20.0,60.0,0.0054656,5.4656,50000.0,0.5,553.5664609552342,354.0153479231714,1.0,1.0,False,0.0008064,0.004435199999999999,711.4224950703338
12,H2,Small,B,5.16,20.0,60.0,0.0055103999999999995,5.5104,50000.0,0.5,559.1270244794435,354.0153479231714,1.0,1.0,False,0.0008064,0.004435199999999999,711.4224950703338
12,H2,Small,B,5.16,20.0,60.0,0.0055552,5.5552,50000.0,0.5,564.4982906550327,354.0153479231714,1.0,1.0,False,0.0008064,0.004435199999999999,711.4224950703338
12,H2,Small,B,5.16,20.0,60.0,0.0056,5.6,50000.0,0.5,569.6868052963391,354.0153479231714,1.0,1.0,False,0.0008064,0.004435199999999999,711.4224950703338
12,H2,Small,B,5.16,20.0,60.0,0.0056448,5.6448,50000.0,0.5,574.6988811097038,354.0153479231714,1.0,1.0,False,0.0008064,0.004435199999999999,711.4224950703338
12,H2,Small,B,5.16,20.0,60.0,0.0056895999999999995,5.6895999999999995,50000.0,0.5,579.5406064399782,354.0153479231714,1.0,1.0,False,0.0008064,0.004435199999999999,711.4224950703338
12,H2,Small,B,5.16,20.0,60.0,0.0057344,5.7344,50000.0,0.5,584.2178536603161,354.0153479231714,1.0,1.0,False,0.0008064,0.004435199999999999,711.4224950703338
12,H2,Small,B,5.16,20.0,60.0,0.0057792,5.7792,50000.0,0.5,588.7362872215125,354.0153479231714,1.0,1.0,False,0.0008064,0.004435199999999999,711.4224950703338
12,H2,Small,B,5.16,20.0,60.0,0.005823999999999999,5.823999999999999,50000.0,0.5,593.1013713763188,354.0153479231714,1.0,1.0,False,0.0008064,0.004435199999999999,711.4224950703338
12,H2,Small,B,5.16,20.0,60.0,0.0058687999999999995,5.868799999999999,50000.0,0.5,597.3183775933828,354.0153479231714,1.0,1.0,False,0.0008064,0.004435199999999999,711.4224950703338
12,H2,Small,B,5.16,20.0,60.0,0.0059136,5.9136,50000.0,0.5,601.3923916747202,354.0153479231714,1.0,1.0,False,0.0008064,0.004435199999999999,711.4224950703338
12,H2,Small,B,5.16,20.0,60.0,0.0059584,5.9584,50000.0,0.5,605.3283205899211,354.0153479231714,1.0,1.0,False,0.0008064,0.004435199999999999,711.4224950703338
12,H2,Small,B,5.16,20.0,60.0,0.006003199999999999,6.0032,50000.0,0.5,609.130899039636,354.0153479231714,1.0,1.0,False,0.0008064,0.004435199999999999,711.4224950703338
12,H2,Small,B,5.16,20.0,60.0,0.0060479999999999996,6.047999999999999,50000.0,0.5,612.8046957602569,354.0153479231714,1.0,1.0,False,0.0008064,0.004435199999999999,711.4224950703338
12,H2,Small,B,5.16,20.0,60.0,0.0060928,6.0927999999999995,50000.0,0.5,616.3541195811176,354.0153479231714,1.0,1.0,False,0.0008064,0.004435199999999999,711.4224950703338
12,H2,Small,B,5.16,20.0,60.0,0.0061376,6.1376,50000.0,0.5,619.7834252449794,354.0153479231714,1.0,1.0,False,0.0008064,0.004435199999999999,711.4224950703338
12,H2,Small,B,5.16,20.0,60.0,0.006182399999999999,6.1823999999999995,50000.0,0.5,623.0967190020368,354.0153479231714,1.0,1.0,False,0.0008064,0.004435199999999999,711.4224950703338
12,H2,Small,B,5.16,20.0,60.0,0.0062272,6.2272,50000.0,0.5,626.2979639871811,354.0153479231714,1.0,1.0,False,0.0008064,0.004435199999999999,711.4224950703338
12,H2,Small,B,5.16,20.0,60.0,0.006272,6.272,50000.0,0.5,629.3909853897832,354.0153479231714,1.0,1.0,False,0.0008064,0.004435199999999999,711.4224950703338
12,H2,Small,B,5.16,20.0,60.0,0.0063168,6.3168,50000.0,0.5,632.3794754248133,354.0153479231714,1.0,1.0,False,0.0008064,0.004435199999999999,711.4224950703338
12,H2,Small,B,5.16,20.0,60.0,0.006361599999999999,6.361599999999999,50000.0,0.5,635.2669981136912,354.0153479231714,1.0,1.0,False,0.0008064,0.004435199999999999,711.4224950703338
12,H2,Small,B,5.16,20.0,60.0,0.0064064,6.4064,50000.0,0.5,638.056993882858,354.0153479231714,1.0,1.0,False,0.0008064,0.004435199999999999,711.4224950703338
12,H2,Small,B,5.16,20.0,60.0,0.0064512,6.4512,50000.0,0.5,640.7527839876872,354.0153479231714,1.0,1.0,False,0.0008064,0.004435199999999999,711.4224950703338
12,H2,Small,B,5.16,20.0,60.0,0.006496,6.496,50000.0,0.5,643.3575747689882,354.0153479231714,1.0,1.0,False,0.0008064,0.004435199999999999,711.4224950703338
12,H2,Small,B,5.16,20.0,60.0,0.006540799999999999,6.540799999999999,50000.0,0.5,645.8744617490221,354.0153479231714,1.0,1.0,False,0.0008064,0.004435199999999999,711.4224950703338
12,H2,Small,B,5.16,20.0,60.0,0.0065856,6.5855999999999995,50000.0,0.5,648.3064335736224,354.0153479231714,1.0,1.0,False,0.0008064,0.004435199999999999,711.4224950703338
12,H2,Small,B,5.16,20.0,60.0,0.0066304,6.6304,50000.0,0.5,650.6563758067138,354.0153479231714,1.0,1.0,False,0.0008064,0.004435199999999999,711.4224950703338
12,H2,Small,B,5.16,20.0,60.0,0.0066752,6.6752,50000.0,0.5,652.9270745832307,354.0153479231714,1.0,1.0,False,0.0008064,0.004435199999999999,711.4224950703338
12,H2,Small,B,5.16,20.0,60.0,0.006719999999999999,6.72,50000.0,0.5,655.1212201261646,354.0153479231714,1.0,1.0,False,0.0008064,0.004435199999999999,711.4224950703338
12,H2,Small,B,5.16,20.0,60.0,0.0067648,6.764799999999999,50000.0,0.5,657.2414101332091,354.0153479231714,1.0,1.0,False,0.0008064,0.004435199999999999,711.4224950703338
12,H2,Small,B,5.16,20.0,60.0,0.0068096,6.8096,50000.0,0.5,659.2901530382271,354.0153479231714,1.0,1.0,False,0.0008064,0.004435199999999999,711.4224950703338
12,H2,Small,B,5.16,20.0,60.0,0.0068544,6.8544,50000.0,0.5,661.2698711525298,354.0153479231714,1.0,1.0,False,0.0008064,0.004435199999999999,711.4224950703338
12,H2,Small,B,5.16,20.0,60.0,0.006899199999999999,6.8991999999999996,50000.0,0.5,663.1829036907352,354.0153479231714,1.0,1.0,False,0.0008064,0.004435199999999999,711.4224950703338
12,H2,Small,B,5.16,20.0,60.0,0.006944,6.944,50000.0,0.5,665.0315096857647,354.0153479231714,1.0,1.0,False,0.0008064,0.004435199999999999,711.4224950703338
12,H2,Small,B,5.16,20.0,60.0,0.0069888,6.9887999999999995,50000.0,0.5,666.8178707973353,354.0153479231714,1.0,1.0,False,0.0008064,0.004435199999999999,711.4224950703338
12,H2,Small,B,5.16,20.0,60.0,0.0070336,7.0336,50000.0,0.5,668.5440940181153,354.0153479231714,1.0,1.0,False,0.0008064,0.004435199999999999,711.4224950703338
12,H2,Small,B,5.16,20.0,60.0,0.0070783999999999994,7.078399999999999,50000.0,0.5,670.2122142815309,354.0153479231714,1.0,1.0,False,0.0008064,0.004435199999999999,711.4224950703338
12,H2,Small,B,5.16,20.0,60.0,0.0071232,7.1232,50000.0,0.5,671.8241969750395,354.0153479231714,1.0,1.0,False,0.0008064,0.004435199999999999,711.4224950703338
12,H2,Small,B,5.16,20.0,60.0,0.007168,7.168,50000.0,0.5,673.3819403625213,354.0153479231714,1.0,1.0,False,0.0008064,0.004435199999999999,711.4224950703338
12,H2,Small,B,5.16,20.0,60.0,0.007212799999999999,7.2128,50000.0,0.5,674.8872779192865,354.0153479231714,1.0,1.0,False,0.0008064,0.004435199999999999,711.4224950703338
12,H2,Small,B,5.16,20.0,60.0,0.0072575999999999995,7.257599999999999,50000.0,0.5,676.3419805830471,354.0153479231714,1.0,1.0,False,0.0008064,0.004435199999999999,711.4224950703338
12,H2,Small,B,5.16,20.0,60.0,0.0073024,7.3024,50000.0,0.5,677.747758924061,354.0153479231714,1.0,1.0,False,0.0008064,0.004435199999999999,711.4224950703338
12,H2,Small,B,5.16,20.0,60.0,0.0073472,7.3472,50000.0,0.5,679.106265237522,354.0153479231714,1.0,1.0,False,0.0008064,0.004435199999999999,711.4224950703338
12,H2,Small,B,5.16,20.0,60.0,0.007391999999999999,7.3919999999999995,50000.0,0.5,680.4190955611421,354.0153479231714,1.0,1.0,False,0.0008064,0.004435199999999999,711.4224950703338
12,H2,Small,B,5.16,20.0,60.0,0.0074367999999999995,7.4368,50000.0,0.5,681.6877916207493,354.0153479231714,1.0,1.0,False,0.0008064,0.004435199999999999,711.4224950703338
12,H2,Small,B,5.16,20.0,60.0,0.0074816,7.481599999999999,50000.0,0.5,682.9138427066107,354.0153479231714,1.0,1.0,False,0.0008064,0.004435199999999999,711.4224950703338
12,H2,Small,B,5.16,20.0,60.0,0.0075264,7.5264,50000.0,0.5,684.098687483075,354.0153479231714,1.0,1.0,False,0.0008064,0.004435199999999999,711.4224950703338
12,H2,Small,B,5.16,20.0,60.0,0.007571199999999999,7.571199999999999,50000.0,0.5,685.2437157340285,354.0153479231714,1.0,1.0,False,0.0008064,0.004435199999999999,711.4224950703338
12,H2,Small,B,5.16,20.0,60.0,0.0076159999999999995,7.616,50000.0,0.5,686.350270046553,354.0153479231714,1.0,1.0,False,0.0008064,0.004435199999999999,711.4224950703338
12,H2,Small,B,5.16,20.0,60.0,0.0076608,7.6608,50000.0,0.5,687.4196474350808,354.0153479231714,1.0,1.0,False,0.0008064,0.004435199999999999,711.4224950703338
12,H2,Small,B,5.16,20.0,60.0,0.0077056,7.7056,50000.0,0.5,688.4531009082485,354.0153479231714,1.0,1.0,False,0.0008064,0.004435199999999999,711.4224950703338
12,H2,Small,B,5.16,20.0,60.0,0.007750399999999999,7.750399999999999,50000.0,0.5,689.4518409805632,354.0153479231714,1.0,1.0,False,0.0008064,0.004435199999999999,711.4224950703338
12,H2,Small,B,5.16,20.0,60.0,0.0077951999999999995,7.7951999999999995,50000.0,0.5,690.4170371309121,354.0153479231714,1.0,1.0,False,0.0008064,0.004435199999999999,711.4224950703338
12,H2,Small,B,5.16,20.0,60.0,0.00784,7.84,50000.0,0.5,691.3498192098652,354.0153479231714,1.0,1.0,False,0.0008064,0.004435199999999999,711.4224950703338
12,H2,Small,B,5.16,20.0,60.0,0.007884799999999999,7.884799999999999,50000.0,0.5,692.2512787976436,354.0153479231714,1.0,1.0,False,0.0008064,0.004435199999999999,711.4224950703338
12,H2,Small,B,5.16,20.0,60.0,0.0079296,7.9296,50000.0,0.5,693.1224705145542,354.0153479231714,1.0,1.0,False,0.0008064,0.004435199999999999,711.4224950703338
12,H2,Small,B,5.16,20.0,60.0,0.0079744,7.974399999999999,50000.0,0.5,693.9644132856191,354.0153479231714,1.0,1.0,False,0.0008064,0.004435199999999999,711.4224950703338
12,H2,Small,B,5.16,20.0,60.0,0.008019199999999999,8.0192,50000.0,0.5,694.778091561064,354.0153479231714,1.0,1.0,False,0.0008064,0.004435199999999999,711.4224950703338
12,H2,Small,B,5.16,20.0,60.0,0.008064,8.064,50000.0,0.5,695.5644564942608,354.0153479231714,1.0,1.0,False,0.0008064,0.004435199999999999,711.4224950703338
12,H2,Small,B,5.16,20.0,60.0,0.0081088,8.108799999999999,50000.0,0.5,696.3244270786632,354.0153479231714,1.0,1.0,False,0.0008064,0.004435199999999999,711.4224950703338
12,H2,Small,B,5.16,20.0,60.0,0.0081536,8.1536,50000.0,0.5,697.0588912452131,354.0153479231714,1.0,1.0,False,0.0008064,0.004435199999999999,711.4224950703338
12,H2,Small,B,5.16,20.0,60.0,0.0081984,8.1984,50000.0,0.5,697.7687069216356,354.0153479231714,1.0,1.0,False,0.0008064,0.004435199999999999,711.4224950703338
12,H2,Small,B,5.16,20.0,60.0,0.0082432,8.2432,50000.0,0.5,698.4547030549938,354.0153479231714,1.0,1.0,False,0.0008064,0.004435199999999999,711.4224950703338
12,H2,Small,B,5.16,20.0,60.0,0.008288,8.288,50000.0,0.5,699.1176805988154,354.0153479231714,1.0,1.0,False,0.0008064,0.004435199999999999,711.4224950703338
12,H2,Small,B,5.16,20.0,60.0,0.0083328,8.332799999999999,50000.0,0.5,699.7584134660573,354.0153479231714,1.0,1.0,False,0.0008064,0.004435199999999999,711.4224950703338
12,H2,Small,B,5.16,20.0,60.0,0.008377599999999999,8.3776,50000.0,0.5,700.3776494491267,354.0153479231714,1.0,1.0,False,0.0008064,0.004435199999999999,711.4224950703338
12,H2,Small,B,5.16,20.0,60.0,0.0084224,8.4224,50000.0,0.5,700.9761111081295,354.0153479231714,1.0,1.0,False,0.0008064,0.004435199999999999,711.4224950703338
12,H2,Small,B,5.16,20.0,60.0,0.0084672,8.4672,50000.0,0.5,701.5544966284748,354.0153479231714,1.0,1.0,False,0.0008064,0.004435199999999999,711.4224950703338
12,H2,Small,B,5.16,20.0,60.0,0.008512,8.512,50000.0,0.5,702.113480648921,354.0153479231714,1.0,1.0,False,0.0008064,0.004435199999999999,711.4224950703338
12,H2,Small,B,5.16,20.0,60.0,0.0085568,8.556799999999999,50000.0,0.5,702.6537150611102,354.0153479231714,1.0,1.0,False,0.0008064,0.004435199999999999,711.4224950703338
12,H2,Small,B,5.16,20.0,60.0,0.0086016,8.6016,50000.0,0.5,703.1758297815966,354.0153479231714,1.0,1.0,False,0.0008064,0.004435199999999999,711.4224950703338
12,H2,Small,B,5.16,20.0,60.0,0.0086464,8.6464,50000.0,0.5,703.6804334973391,354.0153479231714,1.0,1.0,False,0.0008064,0.004435199999999999,711.4224950703338
12,H2,Small,B,5.16,20.0,60.0,0.0086912,8.6912,50000.0,0.5,704.1681143855932,354.0153479231714,1.0,1.0,False,0.0008064,0.004435199999999999,711.4224950703338
12,H2,Small,B,5.16,20.0,60.0,0.008735999999999999,8.735999999999999,50000.0,0.5,704.6394408090991,354.0153479231714,1.0,1.0,False,0.0008064,0.004435199999999999,711.4224950703338
12,H2,Small,B,5.16,20.0,60.0,0.0087808,8.7808,50000.0,0.5,705.0949619874367,354.0153479231714,1.0,1.0,False,0.0008064,0.004435199999999999,711.4224950703338
12,H2,Small,B,5.16,20.0,60.0,0.0088256,8.8256,50000.0,0.5,705.5352086453782,354.0153479231714,1.0,1.0,False,0.0008064,0.004435199999999999,711.4224950703338
12,H2,Small,B,5.16,20.0,60.0,0.008870399999999999,8.870399999999998,50000.0,0.5,705.960693639047,354.0153479231714,1.0,1.0,False,0.0008064,0.004435199999999999,711.4224950703338
12,H2,Small,B,5.16,20.0,60.0,0.0089152,8.9152,50000.0,0.5,706.3719125606552,354.0153479231714,1.0,1.0,False,0.0008064,0.004435199999999999,711.4224950703338
12,H2,Small,B,5.16,20.0,60.0,0.00896,8.959999999999999,50000.0,0.5,706.7693443225689,354.0153479231714,1.0,1.0,False,0.0008064,0.004435199999999999,711.4224950703338
